participant_id,stage,model_index,model_type,vis_index,visualization,trial_index,scenario_id,scenario_vis_type,difficulty,true_route,ai_route,ai_was_correct,user_route,followed_ai,chose_true_optimal,trial_duration_sec,questionnaire_duration_sec,q_confidence,q_mental_workload,q_sa1_answer,q_sa1_correct_answer,q_sa1_is_correct,q_sa2_answer,q_sa2_correct_answer,q_sa2_is_correct,nasa_mental_demand,nasa_time_demand,nasa_performance,nasa_effort,nasa_frustration,model_trust1,model_trust2,model_trust3,model_trust4,model_trust5,model_trust6,model_trust7,model_trust8,model_trust9,model_trust10,model_trust11,model_trust12,model_preference,vis_rank_stacked_bars,vis_rank_radar,vis_rank_heatmap,vis_help_element_option,demo_age,demo_gender,demo_native_language,demo_education,demo_field,demo_navigation_use,demo_tech_skill,demo_viz_literacy
P001,practice,,,,,0,SCN_001_S,stacked_bars,easy,Route_A,Route_A,True,Route_A,True,True,36.79,35.16,10,-8,Route_A,Route_C,False,dont_know,Route_A,False,,,,,,,,,,,,,,,,,,model_A_M0,2,3,1,ג,24,female,Hebrew,bachelor,מדעי המחשב / הנדסה / דאטה,5,6,6
P001,practice,,,,,1,SCN_031_S,stacked_bars,easy,Route_A,Route_A,True,Route_B,False,False,41.64,21.18,7,-5,Route_B,Route_A | Route_B,True,Route_B,Route_B,True,,,,,,,,,,,,,,,,,,model_A_M0,2,3,1,ג,24,female,Hebrew,bachelor,מדעי המחשב / הנדסה / דאטה,5,6,6
P001,practice,,,,,2,SCN_002_R,radar,easy,Route_A,Route_A,True,Route_A,True,True,39.74,26.31,8,-3,dont_know,Route_C,False,dont_know,Route_B,False,,,,,,,,,,,,,,,,,,model_A_M0,2,3,1,ג,24,female,Hebrew,bachelor,מדעי המחשב / הנדסה / דאטה,5,6,6
P001,practice,,,,,3,SCN_032_R,radar,easy,Route_B,Route_B,True,Route_B,True,True,65.62,20.41,6,-3,Route_A,Route_A,True,dont_know,Route_C,False,,,,,,,,,,,,,,,,,,model_A_M0,2,3,1,ג,24,female,Hebrew,bachelor,מדעי המחשב / הנדסה / דאטה,5,6,6
P001,practice,,,,,4,SCN_003_H,heatmap,easy,Route_B,Route_B,True,Route_B,True,True,15.46,17.41,8,-8,dont_know,Route_B,False,dont_know,Route_A,False,,,,,,,,,,,,,,,,,,model_A_M0,2,3,1,ג,24,female,Hebrew,bachelor,מדעי המחשב / הנדסה / דאטה,5,6,6
P001,practice,,,,,5,SCN_033_H,heatmap,easy,Route_C,Route_C,True,Route_B,False,False,22.05,17.16,9,-8,Route_B,Route_B,True,dont_know,Route_A,False,,,,,,,,,,,,,,,,,,model_A_M0,2,3,1,ג,24,female,Hebrew,bachelor,מדעי המחשב / הנדסה / דאטה,5,6,6
P001,experiment,0,OPT,0,stacked_bars,0,SCN_028_S,stacked_bars,hard,Route_A,Route_A,True,Route_C,False,False,38.7,19.13,9,-8,Route_B,Route_B,True,dont_know,Route_A,False,9,1,9,4,5,3,2,5,5,4,3,5,4,3,3,2,2,model_A_M0,2,3,1,ג,24,female,Hebrew,bachelor,מדעי המחשב / הנדסה / דאטה,5,6,6
P001,experiment,0,OPT,0,stacked_bars,1,SCN_030_S,stacked_bars,easy,Route_C,Route_C,True,Route_A,False,False,35.66,20.99,7,-7,dont_know,Route_B | Route_C,False,dont_know,Route_B | Route_C,False,9,1,9,4,5,3,2,5,5,4,3,5,4,3,3,2,2,model_A_M0,2,3,1,ג,24,female,Hebrew,bachelor,מדעי המחשב / הנדסה / דאטה,5,6,6
P001,experiment,0,OPT,0,stacked_bars,2,SCN_026_S,stacked_bars,hard,Route_B,Route_B,True,Route_C,False,False,29.15,33.26,9,-8,Route_C,Route_B,False,dont_know,Route_C,False,9,1,9,4,5,3,2,5,5,4,3,5,4,3,3,2,2,model_A_M0,2,3,1,ג,24,female,Hebrew,bachelor,מדעי המחשב / הנדסה / דאטה,5,6,6
P001,experiment,0,OPT,0,stacked_bars,3,SCN_027_S,stacked_bars,easy,Route_C,Route_B,False,Route_B,True,False,29.57,13.22,9,-9,dont_know,Route_C,False,dont_know,Route_B,False,9,1,9,4,5,3,2,5,5,4,3,5,4,3,3,2,2,model_A_M0,2,3,1,ג,24,female,Hebrew,bachelor,מדעי המחשב / הנדסה / דאטה,5,6,6
P001,experiment,0,OPT,0,stacked_bars,4,SCN_024_S,stacked_bars,hard,Route_C,Route_C,True,Route_B,False,False,25.1,20.05,9,-9,Route_B,Route_B,True,dont_know,Route_A | Route_B,False,9,1,9,4,5,3,2,5,5,4,3,5,4,3,3,2,2,model_A_M0,2,3,1,ג,24,female,Hebrew,bachelor,מדעי המחשב / הנדסה / דאטה,5,6,6
P001,experiment,0,OPT,1,radar,0,SCN_014_R,radar,easy,Route_A,Route_B,False,Route_A,False,True,27.74,51.01,9,-6,dont_know,Route_B,False,dont_know,Route_A,False,-5,-5,5,-5,-3,3,2,5,5,4,3,5,4,3,3,2,2,model_A_M0,2,3,1,ג,24,female,Hebrew,bachelor,מדעי המחשב / הנדסה / דאטה,5,6,6
P001,experiment,0,OPT,1,radar,1,SCN_016_R,radar,hard,Route_B,Route_B,True,Route_B,True,True,26.04,17.58,4,2,dont_know,Route_B | Route_C,False,Route_C,Route_A,False,-5,-5,5,-5,-3,3,2,5,5,4,3,5,4,3,3,2,2,model_A_M0,2,3,1,ג,24,female,Hebrew,bachelor,מדעי המחשב / הנדסה / דאטה,5,6,6
P001,experiment,0,OPT,1,radar,2,SCN_017_R,radar,easy,Route_B,Route_B,True,Route_C,False,False,64.31,12.6,5,4,dont_know,Route_A,False,dont_know,Route_A | Route_B,False,-5,-5,5,-5,-3,3,2,5,5,4,3,5,4,3,3,2,2,model_A_M0,2,3,1,ג,24,female,Hebrew,bachelor,מדעי המחשב / הנדסה / דאטה,5,6,6
P001,experiment,0,OPT,1,radar,3,SCN_012_R,radar,hard,Route_B,Route_B,True,Route_B,True,True,26.34,16.95,8,1,Route_B,Route_A | Route_B,True,dont_know,Route_A,False,-5,-5,5,-5,-3,3,2,5,5,4,3,5,4,3,3,2,2,model_A_M0,2,3,1,ג,24,female,Hebrew,bachelor,מדעי המחשב / הנדסה / דאטה,5,6,6
P001,experiment,0,OPT,1,radar,4,SCN_025_R,radar,easy,Route_A,Route_A,True,Route_C,False,False,39.25,14.04,-2,4,dont_know,Route_C,False,dont_know,Route_C,False,-5,-5,5,-5,-3,3,2,5,5,4,3,5,4,3,3,2,2,model_A_M0,2,3,1,ג,24,female,Hebrew,bachelor,מדעי המחשב / הנדסה / דאטה,5,6,6
P001,experiment,0,OPT,2,heatmap,0,SCN_007_H,heatmap,easy,Route_B,Route_B,True,Route_B,True,True,18.27,15.19,9,-9,dont_know,Route_C,False,Route_B,Route_B | Route_C,True,7,5,6,6,6,3,2,5,5,4,3,5,4,3,3,2,2,model_A_M0,2,3,1,ג,24,female,Hebrew,bachelor,מדעי המחשב / הנדסה / דאטה,5,6,6
P001,experiment,0,OPT,2,heatmap,1,SCN_006_H,heatmap,hard,Route_C,Route_C,True,Route_C,True,True,26.03,33.22,8,-5,dont_know,Route_A | Route_C,False,Route_B,Route_A | Route_B,True,7,5,6,6,6,3,2,5,5,4,3,5,4,3,3,2,2,model_A_M0,2,3,1,ג,24,female,Hebrew,bachelor,מדעי המחשב / הנדסה / דאטה,5,6,6
P001,experiment,0,OPT,2,heatmap,2,SCN_004_H,heatmap,easy,Route_C,Route_B,False,Route_C,False,True,32.59,10.36,9,-9,dont_know,Route_A | Route_B,False,Route_A,Route_A,True,7,5,6,6,6,3,2,5,5,4,3,5,4,3,3,2,2,model_A_M0,2,3,1,ג,24,female,Hebrew,bachelor,מדעי המחשב / הנדסה / דאטה,5,6,6
P001,experiment,0,OPT,2,heatmap,3,SCN_008_H,heatmap,hard,Route_A,Route_A,True,Route_A,True,True,29.88,19.97,9,-9,Route_B,Route_A,False,dont_know,Route_C,False,7,5,6,6,6,3,2,5,5,4,3,5,4,3,3,2,2,model_A_M0,2,3,1,ג,24,female,Hebrew,bachelor,מדעי המחשב / הנדסה / דאטה,5,6,6
P001,experiment,0,OPT,2,heatmap,4,SCN_009_H,heatmap,easy,Route_C,Route_C,True,Route_C,True,True,28.03,14.11,8,-8,Route_A,Route_C,False,dont_know,Route_A,False,7,5,6,6,6,3,2,5,5,4,3,5,4,3,3,2,2,model_A_M0,2,3,1,ג,24,female,Hebrew,bachelor,מדעי המחשב / הנדסה / דאטה,5,6,6
P001,experiment,1,SUB,0,radar,0,SCN_015_R,radar,easy,Route_C,Route_C,True,Route_A,False,False,51.63,24.99,-4,5,dont_know,Route_B,False,Route_C,Route_B,False,-5,-5,-3,-6,-6,6,4,4,6,6,3,5,4,3,3,2,2,model_A_M0,2,3,1,ג,24,female,Hebrew,bachelor,מדעי המחשב / הנדסה / דאטה,5,6,6
P001,experiment,1,SUB,0,radar,1,SCN_018_R,radar,hard,Route_C,Route_A,False,Route_A,True,False,61.6,15.28,-4,5,Route_A,Route_C,False,dont_know,Route_B,False,-5,-5,-3,-6,-6,6,4,4,6,6,3,5,4,3,3,2,2,model_A_M0,2,3,1,ג,24,female,Hebrew,bachelor,מדעי המחשב / הנדסה / דאטה,5,6,6
P001,experiment,1,SUB,0,radar,2,SCN_019_R,radar,easy,Route_A,Route_C,False,Route_C,True,False,37.66,34.82,1,6,dont_know,Route_C,False,dont_know,Route_B | Route_C,False,-5,-5,-3,-6,-6,6,4,4,6,6,3,5,4,3,3,2,2,model_A_M0,2,3,1,ג,24,female,Hebrew,bachelor,מדעי המחשב / הנדסה / דאטה,5,6,6
P001,experiment,1,SUB,0,radar,3,SCN_020_R,radar,hard,Route_B,Route_B,True,Route_C,False,False,30.63,14.04,6,6,Route_C,Route_C,True,Route_C,Route_C,True,-5,-5,-3,-6,-6,6,4,4,6,6,3,5,4,3,3,2,2,model_A_M0,2,3,1,ג,24,female,Hebrew,bachelor,מדעי המחשב / הנדסה / דאטה,5,6,6
P001,experiment,1,SUB,1,heatmap,0,SCN_005_H,heatmap,easy,Route_C,Route_B,False,Route_C,False,True,15.04,12.09,8,-10,dont_know,Route_A,False,dont_know,Route_B,False,9,8,8,8,9,6,4,4,6,6,3,5,4,3,3,2,2,model_A_M0,2,3,1,ג,24,female,Hebrew,bachelor,מדעי המחשב / הנדסה / דאטה,5,6,6
P001,experiment,1,SUB,1,heatmap,1,SCN_013_H,heatmap,hard,Route_B,Route_B,True,Route_B,True,True,23.6,11.41,9,-9,Route_B,Route_B,True,dont_know,Route_B | Route_C,False,9,8,8,8,9,6,4,4,6,6,3,5,4,3,3,2,2,model_A_M0,2,3,1,ג,24,female,Hebrew,bachelor,מדעי המחשב / הנדסה / דאטה,5,6,6
P001,experiment,1,SUB,1,heatmap,2,SCN_011_H,heatmap,easy,Route_B,Route_B,True,Route_B,True,True,13.6,7.73,9,-9,dont_know,Route_A,False,dont_know,Route_B,False,9,8,8,8,9,6,4,4,6,6,3,5,4,3,3,2,2,model_A_M0,2,3,1,ג,24,female,Hebrew,bachelor,מדעי המחשב / הנדסה / דאטה,5,6,6
P001,experiment,1,SUB,1,heatmap,3,SCN_010_H,heatmap,hard,Route_C,Route_B,False,Route_A,False,False,22.91,11.3,10,-9,dont_know,Route_B,False,dont_know,Route_A | Route_B,False,9,8,8,8,9,6,4,4,6,6,3,5,4,3,3,2,2,model_A_M0,2,3,1,ג,24,female,Hebrew,bachelor,מדעי המחשב / הנדסה / דאטה,5,6,6
P001,experiment,1,SUB,2,stacked_bars,0,SCN_023_S,stacked_bars,easy,Route_B,Route_A,False,Route_C,False,False,17.05,10.21,8,-9,dont_know,Route_B,False,dont_know,Route_C,False,3,2,3,2,2,6,4,4,6,6,3,5,4,3,3,2,2,model_A_M0,2,3,1,ג,24,female,Hebrew,bachelor,מדעי המחשב / הנדסה / דאטה,5,6,6
P001,experiment,1,SUB,2,stacked_bars,1,SCN_029_S,stacked_bars,hard,Route_B,Route_A,False,Route_A,True,False,14.64,14.73,9,-9,dont_know,Route_A | Route_C,False,Route_C,Route_C,True,3,2,3,2,2,6,4,4,6,6,3,5,4,3,3,2,2,model_A_M0,2,3,1,ג,24,female,Hebrew,bachelor,מדעי המחשב / הנדסה / דאטה,5,6,6
P001,experiment,1,SUB,2,stacked_bars,2,SCN_021_S,stacked_bars,easy,Route_C,Route_C,True,Route_B,False,False,16.27,10.74,9,-9,Route_B,Route_B,True,dont_know,Route_A,False,3,2,3,2,2,6,4,4,6,6,3,5,4,3,3,2,2,model_A_M0,2,3,1,ג,24,female,Hebrew,bachelor,מדעי המחשב / הנדסה / דאטה,5,6,6
P001,experiment,1,SUB,2,stacked_bars,3,SCN_022_S,stacked_bars,hard,Route_A,Route_A,True,Route_A,True,True,20.88,12.98,4,-5,dont_know,Route_A,False,Route_C,Route_A,False,3,2,3,2,2,6,4,4,6,6,3,5,4,3,3,2,2,model_A_M0,2,3,1,ג,24,female,Hebrew,bachelor,מדעי המחשב / הנדסה / דאטה,5,6,6
P002,practice,,,,,0,SCN_001_S,stacked_bars,easy,Route_A,Route_A,True,Route_A,True,True,77.6,63.91,9,-5,dont_know,Route_C,False,dont_know,Route_A,False,,,,,,,,,,,,,,,,,,model_A_M0,1,3,2,ג,57,female,Hebrew,תעודה / קורסים,אחר,6,4,2
P002,practice,,,,,1,SCN_031_S,stacked_bars,easy,Route_A,Route_A,True,Route_A,True,True,61.19,27.96,9,-5,Route_A,Route_A | Route_B,True,Route_C,Route_B,False,,,,,,,,,,,,,,,,,,model_A_M0,1,3,2,ג,57,female,Hebrew,תעודה / קורסים,אחר,6,4,2
P002,practice,,,,,2,SCN_002_R,radar,easy,Route_A,Route_A,True,Route_C,False,False,90.43,47.02,6,-3,Route_B,Route_C,False,dont_know,Route_B,False,,,,,,,,,,,,,,,,,,model_A_M0,1,3,2,ג,57,female,Hebrew,תעודה / קורסים,אחר,6,4,2
P002,practice,,,,,3,SCN_032_R,radar,easy,Route_B,Route_B,True,Route_B,True,True,64.28,31.87,6,-5,Route_B,Route_A,False,Route_C,Route_C,True,,,,,,,,,,,,,,,,,,model_A_M0,1,3,2,ג,57,female,Hebrew,תעודה / קורסים,אחר,6,4,2
P002,practice,,,,,4,SCN_003_H,heatmap,easy,Route_B,Route_B,True,Route_B,True,True,62.1,68.89,8,-6,Route_B,Route_B,True,dont_know,Route_A,False,,,,,,,,,,,,,,,,,,model_A_M0,1,3,2,ג,57,female,Hebrew,תעודה / קורסים,אחר,6,4,2
P002,practice,,,,,5,SCN_033_H,heatmap,easy,Route_C,Route_C,True,Route_C,True,True,50.79,17.49,9,-8,Route_C,Route_B,False,dont_know,Route_A,False,,,,,,,,,,,,,,,,,,model_A_M0,1,3,2,ג,57,female,Hebrew,תעודה / קורסים,אחר,6,4,2
P002,experiment,0,SUB,0,heatmap,0,SCN_005_H,heatmap,easy,Route_C,Route_C,True,Route_C,True,True,100.04,14.73,8,-7,dont_know,Route_A,False,dont_know,Route_B,False,0,0,0,0,0,1,1,1,2,2,4,4,4,4,4,4,1,model_A_M0,1,3,2,ג,57,female,Hebrew,תעודה / קורסים,אחר,6,4,2
P002,experiment,0,SUB,0,heatmap,1,SCN_010_H,heatmap,hard,Route_C,Route_B,False,Route_B,True,False,74.88,14.45,7,-8,dont_know,Route_B,False,dont_know,Route_A | Route_B,False,0,0,0,0,0,1,1,1,2,2,4,4,4,4,4,4,1,model_A_M0,1,3,2,ג,57,female,Hebrew,תעודה / קורסים,אחר,6,4,2
P002,experiment,0,SUB,0,heatmap,2,SCN_011_H,heatmap,easy,Route_B,Route_A,False,Route_A,True,False,86.58,14.21,8,-8,Route_C,Route_A,False,Route_C,Route_B,False,0,0,0,0,0,1,1,1,2,2,4,4,4,4,4,4,1,model_A_M0,1,3,2,ג,57,female,Hebrew,תעודה / קורסים,אחר,6,4,2
P002,experiment,0,SUB,0,heatmap,3,SCN_013_H,heatmap,hard,Route_B,Route_B,True,Route_B,True,True,44.12,34.63,8,-8,Route_B,Route_B,True,Route_B,Route_B | Route_C,True,0,0,0,0,0,1,1,1,2,2,4,4,4,4,4,4,1,model_A_M0,1,3,2,ג,57,female,Hebrew,תעודה / קורסים,אחר,6,4,2
P002,experiment,0,SUB,1,stacked_bars,0,SCN_023_S,stacked_bars,easy,Route_B,Route_B,True,Route_B,True,True,56.38,18.04,9,-8,dont_know,Route_B,False,dont_know,Route_C,False,8,-1,-4,-5,1,1,1,1,2,2,4,4,4,4,4,4,1,model_A_M0,1,3,2,ג,57,female,Hebrew,תעודה / קורסים,אחר,6,4,2
P002,experiment,0,SUB,1,stacked_bars,1,SCN_022_S,stacked_bars,hard,Route_A,Route_A,True,Route_A,True,True,50.15,14.18,9,-8,dont_know,Route_A,False,Route_B,Route_A,False,8,-1,-4,-5,1,1,1,1,2,2,4,4,4,4,4,4,1,model_A_M0,1,3,2,ג,57,female,Hebrew,תעודה / קורסים,אחר,6,4,2
P002,experiment,0,SUB,1,stacked_bars,2,SCN_021_S,stacked_bars,easy,Route_C,Route_B,False,Route_A,False,False,53.23,23.7,8,-8,Route_A,Route_B,False,Route_B,Route_A,False,8,-1,-4,-5,1,1,1,1,2,2,4,4,4,4,4,4,1,model_A_M0,1,3,2,ג,57,female,Hebrew,תעודה / קורסים,אחר,6,4,2
P002,experiment,0,SUB,1,stacked_bars,3,SCN_029_S,stacked_bars,hard,Route_B,Route_A,False,Route_A,True,False,71.57,13.31,9,-8,dont_know,Route_A | Route_C,False,dont_know,Route_C,False,8,-1,-4,-5,1,1,1,1,2,2,4,4,4,4,4,4,1,model_A_M0,1,3,2,ג,57,female,Hebrew,תעודה / קורסים,אחר,6,4,2
P002,experiment,0,SUB,2,radar,0,SCN_015_R,radar,easy,Route_C,Route_C,True,Route_C,True,True,72.6,28.25,8,-1,dont_know,Route_B,False,dont_know,Route_B,False,-3,-2,-2,-1,6,1,1,1,2,2,4,4,4,4,4,4,1,model_A_M0,1,3,2,ג,57,female,Hebrew,תעודה / קורסים,אחר,6,4,2
P002,experiment,0,SUB,2,radar,1,SCN_018_R,radar,hard,Route_C,Route_C,True,Route_C,True,True,43.65,23.17,8,-3,Route_C,Route_C,True,dont_know,Route_B,False,-3,-2,-2,-1,6,1,1,1,2,2,4,4,4,4,4,4,1,model_A_M0,1,3,2,ג,57,female,Hebrew,תעודה / קורסים,אחר,6,4,2
P002,experiment,0,SUB,2,radar,2,SCN_019_R,radar,easy,Route_A,Route_C,False,Route_A,False,True,59.7,12.82,4,-2,dont_know,Route_C,False,dont_know,Route_B | Route_C,False,-3,-2,-2,-1,6,1,1,1,2,2,4,4,4,4,4,4,1,model_A_M0,1,3,2,ג,57,female,Hebrew,תעודה / קורסים,אחר,6,4,2
P002,experiment,0,SUB,2,radar,3,SCN_020_R,radar,hard,Route_B,Route_C,False,Route_A,False,False,119.51,13.98,5,-4,dont_know,Route_C,False,dont_know,Route_C,False,-3,-2,-2,-1,6,1,1,1,2,2,4,4,4,4,4,4,1,model_A_M0,1,3,2,ג,57,female,Hebrew,תעודה / קורסים,אחר,6,4,2
P002,experiment,1,OPT,0,radar,0,SCN_025_R,radar,easy,Route_A,Route_A,True,Route_A,True,True,71.68,16.96,9,-2,dont_know,Route_C,False,dont_know,Route_C,False,0,0,0,0,6,1,1,1,1,2,4,4,4,4,4,4,1,model_A_M0,1,3,2,ג,57,female,Hebrew,תעודה / קורסים,אחר,6,4,2
P002,experiment,1,OPT,0,radar,1,SCN_012_R,radar,hard,Route_B,Route_B,True,Route_C,False,False,79.5,22.98,5,-2,Route_C,Route_A | Route_B,False,dont_know,Route_A,False,0,0,0,0,6,1,1,1,1,2,4,4,4,4,4,4,1,model_A_M0,1,3,2,ג,57,female,Hebrew,תעודה / קורסים,אחר,6,4,2
P002,experiment,1,OPT,0,radar,2,SCN_014_R,radar,easy,Route_A,Route_A,True,Route_A,True,True,81.64,18.43,7,-2,dont_know,Route_B,False,Route_A,Route_A,True,0,0,0,0,6,1,1,1,1,2,4,4,4,4,4,4,1,model_A_M0,1,3,2,ג,57,female,Hebrew,תעודה / קורסים,אחר,6,4,2
P002,experiment,1,OPT,0,radar,3,SCN_016_R,radar,hard,Route_B,Route_C,False,Route_B,False,True,92.71,11.48,6,-2,dont_know,Route_B | Route_C,False,Route_B,Route_A,False,0,0,0,0,6,1,1,1,1,2,4,4,4,4,4,4,1,model_A_M0,1,3,2,ג,57,female,Hebrew,תעודה / קורסים,אחר,6,4,2
P002,experiment,1,OPT,0,radar,4,SCN_017_R,radar,easy,Route_B,Route_B,True,Route_C,False,False,42.79,11.12,6,-3,dont_know,Route_A,False,dont_know,Route_A | Route_B,False,0,0,0,0,6,1,1,1,1,2,4,4,4,4,4,4,1,model_A_M0,1,3,2,ג,57,female,Hebrew,תעודה / קורסים,אחר,6,4,2
P002,experiment,1,OPT,1,heatmap,0,SCN_007_H,heatmap,easy,Route_B,Route_B,True,Route_B,True,True,64.25,18.89,4,-2,dont_know,Route_C,False,Route_C,Route_B | Route_C,True,0,-1,0,-1,7,1,1,1,1,2,4,4,4,4,4,4,1,model_A_M0,1,3,2,ג,57,female,Hebrew,תעודה / קורסים,אחר,6,4,2
P002,experiment,1,OPT,1,heatmap,1,SCN_006_H,heatmap,hard,Route_C,Route_A,False,Route_C,False,True,97.53,11.78,5,-2,dont_know,Route_A | Route_C,False,Route_C,Route_A | Route_B,False,0,-1,0,-1,7,1,1,1,1,2,4,4,4,4,4,4,1,model_A_M0,1,3,2,ג,57,female,Hebrew,תעודה / קורסים,אחר,6,4,2
P002,experiment,1,OPT,1,heatmap,2,SCN_004_H,heatmap,easy,Route_C,Route_C,True,Route_C,True,True,76.2,7.24,0,0,dont_know,Route_A | Route_B,False,Route_C,Route_A,False,0,-1,0,-1,7,1,1,1,1,2,4,4,4,4,4,4,1,model_A_M0,1,3,2,ג,57,female,Hebrew,תעודה / קורסים,אחר,6,4,2
P002,experiment,1,OPT,1,heatmap,3,SCN_008_H,heatmap,hard,Route_A,Route_A,True,Route_A,True,True,59.11,19.19,6,-2,Route_B,Route_A,False,dont_know,Route_C,False,0,-1,0,-1,7,1,1,1,1,2,4,4,4,4,4,4,1,model_A_M0,1,3,2,ג,57,female,Hebrew,תעודה / קורסים,אחר,6,4,2
P002,experiment,1,OPT,1,heatmap,4,SCN_009_H,heatmap,easy,Route_C,Route_C,True,Route_C,True,True,56.61,13.98,6,-2,Route_C,Route_C,True,dont_know,Route_A,False,0,-1,0,-1,7,1,1,1,1,2,4,4,4,4,4,4,1,model_A_M0,1,3,2,ג,57,female,Hebrew,תעודה / קורסים,אחר,6,4,2
P002,experiment,1,OPT,2,stacked_bars,0,SCN_024_S,stacked_bars,hard,Route_C,Route_C,True,Route_C,True,True,55.78,23.51,4,-2,Route_A,Route_B,False,Route_C,Route_A | Route_B,False,0,0,0,0,7,1,1,1,1,2,4,4,4,4,4,4,1,model_A_M0,1,3,2,ג,57,female,Hebrew,תעודה / קורסים,אחר,6,4,2
P002,experiment,1,OPT,2,stacked_bars,1,SCN_027_S,stacked_bars,easy,Route_C,Route_C,True,Route_C,True,True,64.45,17.67,0,0,dont_know,Route_C,False,dont_know,Route_B,False,0,0,0,0,7,1,1,1,1,2,4,4,4,4,4,4,1,model_A_M0,1,3,2,ג,57,female,Hebrew,תעודה / קורסים,אחר,6,4,2
P002,experiment,1,OPT,2,stacked_bars,2,SCN_026_S,stacked_bars,hard,Route_B,Route_B,True,Route_A,False,False,59.56,17.34,5,-2,dont_know,Route_B,False,Route_B,Route_C,False,0,0,0,0,7,1,1,1,1,2,4,4,4,4,4,4,1,model_A_M0,1,3,2,ג,57,female,Hebrew,תעודה / קורסים,אחר,6,4,2
P002,experiment,1,OPT,2,stacked_bars,3,SCN_030_S,stacked_bars,easy,Route_C,Route_C,True,Route_C,True,True,74.61,17.27,7,-1,dont_know,Route_B | Route_C,False,dont_know,Route_B | Route_C,False,0,0,0,0,7,1,1,1,1,2,4,4,4,4,4,4,1,model_A_M0,1,3,2,ג,57,female,Hebrew,תעודה / קורסים,אחר,6,4,2
P002,experiment,1,OPT,2,stacked_bars,4,SCN_028_S,stacked_bars,hard,Route_A,Route_B,False,Route_B,True,False,47.73,16.19,4,-1,dont_know,Route_A | Route_C,False,Route_C,Route_A,False,0,0,0,0,7,1,1,1,1,2,4,4,4,4,4,4,1,model_A_M0,1,3,2,ג,57,female,Hebrew,תעודה / קורסים,אחר,6,4,2
P003,practice,,,,,0,SCN_001_S,stacked_bars,easy,Route_A,Route_A,True,Route_A,True,True,57.84,61.7,10,0,Route_A,Route_C,False,dont_know,Route_A,False,,,,,,,,,,,,,,,,,,model_A_M0,2,3,1,ג,55,female,Hebrew,master,מדעי החברה / חינוך / פסיכולוגיה,6,4,2
P003,practice,,,,,1,SCN_031_S,stacked_bars,easy,Route_A,Route_A,True,Route_B,False,False,58.74,23.68,5,4,Route_B,Route_A | Route_B,True,dont_know,Route_B,False,,,,,,,,,,,,,,,,,,model_A_M0,2,3,1,ג,55,female,Hebrew,master,מדעי החברה / חינוך / פסיכולוגיה,6,4,2
P003,practice,,,,,2,SCN_002_R,radar,easy,Route_A,Route_A,True,Route_A,True,True,79.81,22.7,2,9,dont_know,Route_C,False,dont_know,Route_B,False,,,,,,,,,,,,,,,,,,model_A_M0,2,3,1,ג,55,female,Hebrew,master,מדעי החברה / חינוך / פסיכולוגיה,6,4,2
P003,practice,,,,,3,SCN_032_R,radar,easy,Route_B,Route_B,True,Route_B,True,True,63.41,23.14,0,9,Route_B,Route_A,False,dont_know,Route_C,False,,,,,,,,,,,,,,,,,,model_A_M0,2,3,1,ג,55,female,Hebrew,master,מדעי החברה / חינוך / פסיכולוגיה,6,4,2
P003,practice,,,,,4,SCN_003_H,heatmap,easy,Route_B,Route_B,True,Route_B,True,True,44.08,23.41,5,4,dont_know,Route_B,False,dont_know,Route_A,False,,,,,,,,,,,,,,,,,,model_A_M0,2,3,1,ג,55,female,Hebrew,master,מדעי החברה / חינוך / פסיכולוגיה,6,4,2
P003,practice,,,,,5,SCN_033_H,heatmap,easy,Route_C,Route_C,True,Route_B,False,False,44.3,22.1,7,3,dont_know,Route_B,False,dont_know,Route_A,False,,,,,,,,,,,,,,,,,,model_A_M0,2,3,1,ג,55,female,Hebrew,master,מדעי החברה / חינוך / פסיכולוגיה,6,4,2
P003,experiment,0,OPT,0,heatmap,0,SCN_009_H,heatmap,easy,Route_C,Route_C,True,Route_C,True,True,18.05,15.41,8,0,Route_C,Route_C,True,dont_know,Route_A,False,2,-2,0,0,0,5,3,2,5,2,4,4,4,4,3,3,3,model_A_M0,2,3,1,ג,55,female,Hebrew,master,מדעי החברה / חינוך / פסיכולוגיה,6,4,2
P003,experiment,0,OPT,0,heatmap,1,SCN_008_H,heatmap,hard,Route_A,Route_A,True,Route_A,True,True,20.41,22.89,7,0,Route_B,Route_A,False,dont_know,Route_C,False,2,-2,0,0,0,5,3,2,5,2,4,4,4,4,3,3,3,model_A_M0,2,3,1,ג,55,female,Hebrew,master,מדעי החברה / חינוך / פסיכולוגיה,6,4,2
P003,experiment,0,OPT,0,heatmap,2,SCN_004_H,heatmap,easy,Route_C,Route_C,True,Route_C,True,True,49.86,16.51,7,2,dont_know,Route_A | Route_B,False,dont_know,Route_A,False,2,-2,0,0,0,5,3,2,5,2,4,4,4,4,3,3,3,model_A_M0,2,3,1,ג,55,female,Hebrew,master,מדעי החברה / חינוך / פסיכולוגיה,6,4,2
P003,experiment,0,OPT,0,heatmap,3,SCN_006_H,heatmap,hard,Route_C,Route_C,True,Route_C,True,True,32.54,20.04,4,6,dont_know,Route_A | Route_C,False,dont_know,Route_A | Route_B,False,2,-2,0,0,0,5,3,2,5,2,4,4,4,4,3,3,3,model_A_M0,2,3,1,ג,55,female,Hebrew,master,מדעי החברה / חינוך / פסיכולוגיה,6,4,2
P003,experiment,0,OPT,0,heatmap,4,SCN_007_H,heatmap,easy,Route_B,Route_C,False,Route_B,False,True,31.51,26.96,7,1,dont_know,Route_C,False,Route_B,Route_B | Route_C,True,2,-2,0,0,0,5,3,2,5,2,4,4,4,4,3,3,3,model_A_M0,2,3,1,ג,55,female,Hebrew,master,מדעי החברה / חינוך / פסיכולוגיה,6,4,2
P003,experiment,0,OPT,1,stacked_bars,0,SCN_024_S,stacked_bars,hard,Route_C,Route_C,True,Route_B,False,False,61.24,30.79,3,2,Route_B,Route_B,True,dont_know,Route_A | Route_B,False,-4,-4,-2,-3,-2,5,3,2,5,2,4,4,4,4,3,3,3,model_A_M0,2,3,1,ג,55,female,Hebrew,master,מדעי החברה / חינוך / פסיכולוגיה,6,4,2
P003,experiment,0,OPT,1,stacked_bars,1,SCN_027_S,stacked_bars,easy,Route_C,Route_C,True,Route_B,False,False,22.33,24.98,7,3,dont_know,Route_C,False,dont_know,Route_B,False,-4,-4,-2,-3,-2,5,3,2,5,2,4,4,4,4,3,3,3,model_A_M0,2,3,1,ג,55,female,Hebrew,master,מדעי החברה / חינוך / פסיכולוגיה,6,4,2
P003,experiment,0,OPT,1,stacked_bars,2,SCN_026_S,stacked_bars,hard,Route_B,Route_B,True,Route_C,False,False,71.49,22.77,-1,5,dont_know,Route_B,False,Route_C,Route_C,True,-4,-4,-2,-3,-2,5,3,2,5,2,4,4,4,4,3,3,3,model_A_M0,2,3,1,ג,55,female,Hebrew,master,מדעי החברה / חינוך / פסיכולוגיה,6,4,2
P003,experiment,0,OPT,1,stacked_bars,3,SCN_030_S,stacked_bars,easy,Route_C,Route_A,False,Route_A,True,False,35.81,18.24,1,2,dont_know,Route_B | Route_C,False,dont_know,Route_B | Route_C,False,-4,-4,-2,-3,-2,5,3,2,5,2,4,4,4,4,3,3,3,model_A_M0,2,3,1,ג,55,female,Hebrew,master,מדעי החברה / חינוך / פסיכולוגיה,6,4,2
P003,experiment,0,OPT,1,stacked_bars,4,SCN_028_S,stacked_bars,hard,Route_A,Route_A,True,Route_C,False,False,51.82,28.48,-3,5,dont_know,Route_A | Route_C,False,dont_know,Route_A,False,-4,-4,-2,-3,-2,5,3,2,5,2,4,4,4,4,3,3,3,model_A_M0,2,3,1,ג,55,female,Hebrew,master,מדעי החברה / חינוך / פסיכולוגיה,6,4,2
P003,experiment,0,OPT,2,radar,0,SCN_014_R,radar,easy,Route_A,Route_A,True,Route_A,True,True,20.01,20.91,8,0,dont_know,Route_B,False,Route_A,Route_A,True,-4,-4,0,-4,-2,5,3,2,5,2,4,4,4,4,3,3,3,model_A_M0,2,3,1,ג,55,female,Hebrew,master,מדעי החברה / חינוך / פסיכולוגיה,6,4,2
P003,experiment,0,OPT,2,radar,1,SCN_016_R,radar,hard,Route_B,Route_B,True,Route_B,True,True,43.21,28.99,1,3,dont_know,Route_B | Route_C,False,dont_know,Route_A,False,-4,-4,0,-4,-2,5,3,2,5,2,4,4,4,4,3,3,3,model_A_M0,2,3,1,ג,55,female,Hebrew,master,מדעי החברה / חינוך / פסיכולוגיה,6,4,2
P003,experiment,0,OPT,2,radar,2,SCN_025_R,radar,easy,Route_A,Route_A,True,Route_C,False,False,24.56,12.62,5,0,dont_know,Route_C,False,dont_know,Route_C,False,-4,-4,0,-4,-2,5,3,2,5,2,4,4,4,4,3,3,3,model_A_M0,2,3,1,ג,55,female,Hebrew,master,מדעי החברה / חינוך / פסיכולוגיה,6,4,2
P003,experiment,0,OPT,2,radar,3,SCN_012_R,radar,hard,Route_B,Route_B,True,Route_B,True,True,34.15,17.41,4,1,Route_B,Route_A | Route_B,True,dont_know,Route_A,False,-4,-4,0,-4,-2,5,3,2,5,2,4,4,4,4,3,3,3,model_A_M0,2,3,1,ג,55,female,Hebrew,master,מדעי החברה / חינוך / פסיכולוגיה,6,4,2
P003,experiment,0,OPT,2,radar,4,SCN_017_R,radar,easy,Route_B,Route_A,False,Route_C,False,False,43.49,13.9,2,2,dont_know,Route_A,False,dont_know,Route_A | Route_B,False,-4,-4,0,-4,-2,5,3,2,5,2,4,4,4,4,3,3,3,model_A_M0,2,3,1,ג,55,female,Hebrew,master,מדעי החברה / חינוך / פסיכולוגיה,6,4,2
P003,experiment,1,SUB,0,stacked_bars,0,SCN_023_S,stacked_bars,easy,Route_B,Route_B,True,Route_C,False,False,44.54,15.1,3,3,dont_know,Route_B,False,dont_know,Route_C,False,-2,-2,0,-2,0,6,5,5,5,5,3,3,4,3,3,3,2,model_A_M0,2,3,1,ג,55,female,Hebrew,master,מדעי החברה / חינוך / פסיכולוגיה,6,4,2
P003,experiment,1,SUB,0,stacked_bars,1,SCN_022_S,stacked_bars,hard,Route_A,Route_B,False,Route_A,False,True,74.56,15.73,3,3,dont_know,Route_A,False,dont_know,Route_A,False,-2,-2,0,-2,0,6,5,5,5,5,3,3,4,3,3,3,2,model_A_M0,2,3,1,ג,55,female,Hebrew,master,מדעי החברה / חינוך / פסיכולוגיה,6,4,2
P003,experiment,1,SUB,0,stacked_bars,2,SCN_021_S,stacked_bars,easy,Route_C,Route_B,False,Route_B,True,False,36.49,13.77,2,1,Route_B,Route_B,True,dont_know,Route_A,False,-2,-2,0,-2,0,6,5,5,5,5,3,3,4,3,3,3,2,model_A_M0,2,3,1,ג,55,female,Hebrew,master,מדעי החברה / חינוך / פסיכולוגיה,6,4,2
P003,experiment,1,SUB,0,stacked_bars,3,SCN_029_S,stacked_bars,hard,Route_B,Route_B,True,Route_A,False,False,32.65,19.26,4,2,dont_know,Route_A | Route_C,False,Route_C,Route_C,True,-2,-2,0,-2,0,6,5,5,5,5,3,3,4,3,3,3,2,model_A_M0,2,3,1,ג,55,female,Hebrew,master,מדעי החברה / חינוך / פסיכולוגיה,6,4,2
P003,experiment,1,SUB,1,radar,0,SCN_019_R,radar,easy,Route_A,Route_A,True,Route_C,False,False,52.09,14.88,3,2,dont_know,Route_C,False,Route_C,Route_B | Route_C,True,-2,-3,0,-3,-1,6,5,5,5,5,3,3,4,3,3,3,2,model_A_M0,2,3,1,ג,55,female,Hebrew,master,מדעי החברה / חינוך / פסיכולוגיה,6,4,2
P003,experiment,1,SUB,1,radar,1,SCN_020_R,radar,hard,Route_B,Route_C,False,Route_C,True,False,28.92,20.38,4,0,dont_know,Route_C,False,Route_C,Route_C,True,-2,-3,0,-3,-1,6,5,5,5,5,3,3,4,3,3,3,2,model_A_M0,2,3,1,ג,55,female,Hebrew,master,מדעי החברה / חינוך / פסיכולוגיה,6,4,2
P003,experiment,1,SUB,1,radar,2,SCN_015_R,radar,easy,Route_C,Route_B,False,Route_C,False,True,44.37,14.76,5,2,dont_know,Route_B,False,dont_know,Route_B,False,-2,-3,0,-3,-1,6,5,5,5,5,3,3,4,3,3,3,2,model_A_M0,2,3,1,ג,55,female,Hebrew,master,מדעי החברה / חינוך / פסיכולוגיה,6,4,2
P003,experiment,1,SUB,1,radar,3,SCN_018_R,radar,hard,Route_C,Route_C,True,Route_A,False,False,70.04,13.4,5,4,dont_know,Route_C,False,dont_know,Route_B,False,-2,-3,0,-3,-1,6,5,5,5,5,3,3,4,3,3,3,2,model_A_M0,2,3,1,ג,55,female,Hebrew,master,מדעי החברה / חינוך / פסיכולוגיה,6,4,2
P003,experiment,1,SUB,2,heatmap,0,SCN_005_H,heatmap,easy,Route_C,Route_C,True,Route_C,True,True,39.81,14.58,5,1,dont_know,Route_A,False,dont_know,Route_B,False,-3,-3,0,-2,0,6,5,5,5,5,3,3,4,3,3,3,2,model_A_M0,2,3,1,ג,55,female,Hebrew,master,מדעי החברה / חינוך / פסיכולוגיה,6,4,2
P003,experiment,1,SUB,2,heatmap,1,SCN_010_H,heatmap,hard,Route_C,Route_C,True,Route_C,True,True,40.09,16.74,4,1,dont_know,Route_B,False,dont_know,Route_A | Route_B,False,-3,-3,0,-2,0,6,5,5,5,5,3,3,4,3,3,3,2,model_A_M0,2,3,1,ג,55,female,Hebrew,master,מדעי החברה / חינוך / פסיכולוגיה,6,4,2
P003,experiment,1,SUB,2,heatmap,2,SCN_011_H,heatmap,easy,Route_B,Route_A,False,Route_B,False,True,39.05,12.4,6,1,dont_know,Route_A,False,dont_know,Route_B,False,-3,-3,0,-2,0,6,5,5,5,5,3,3,4,3,3,3,2,model_A_M0,2,3,1,ג,55,female,Hebrew,master,מדעי החברה / חינוך / פסיכולוגיה,6,4,2
P003,experiment,1,SUB,2,heatmap,3,SCN_013_H,heatmap,hard,Route_B,Route_C,False,Route_B,False,True,41.37,18.58,4,3,Route_B,Route_B,True,dont_know,Route_B | Route_C,False,-3,-3,0,-2,0,6,5,5,5,5,3,3,4,3,3,3,2,model_A_M0,2,3,1,ג,55,female,Hebrew,master,מדעי החברה / חינוך / פסיכולוגיה,6,4,2
P004,practice,,,,,0,SCN_001_S,stacked_bars,easy,Route_A,Route_A,True,Route_A,True,True,37.88,65.93,10,-8,dont_know,Route_C,False,dont_know,Route_A,False,,,,,,,,,,,,,,,,,,model_B_M1,2,3,1,ג,31,male,Arabic,bachelor,מדעי המחשב / הנדסה / דאטה,6,7,7
P004,practice,,,,,1,SCN_031_S,stacked_bars,easy,Route_A,Route_A,True,Route_B,False,False,34.04,39.25,10,-7,Route_A,Route_A | Route_B,True,Route_C,Route_B,False,,,,,,,,,,,,,,,,,,model_B_M1,2,3,1,ג,31,male,Arabic,bachelor,מדעי המחשב / הנדסה / דאטה,6,7,7
P004,practice,,,,,2,SCN_002_R,radar,easy,Route_A,Route_A,True,Route_B,False,False,50.73,35.34,10,-8,Route_B,Route_C,False,Route_A,Route_B,False,,,,,,,,,,,,,,,,,,model_B_M1,2,3,1,ג,31,male,Arabic,bachelor,מדעי המחשב / הנדסה / דאטה,6,7,7
P004,practice,,,,,3,SCN_032_R,radar,easy,Route_B,Route_B,True,Route_A,False,False,57.75,30.18,10,-7,Route_A,Route_A,True,Route_B,Route_C,False,,,,,,,,,,,,,,,,,,model_B_M1,2,3,1,ג,31,male,Arabic,bachelor,מדעי המחשב / הנדסה / דאטה,6,7,7
P004,practice,,,,,4,SCN_003_H,heatmap,easy,Route_B,Route_B,True,Route_B,True,True,52.69,37.16,10,-9,Route_C,Route_B,False,Route_A,Route_A,True,,,,,,,,,,,,,,,,,,model_B_M1,2,3,1,ג,31,male,Arabic,bachelor,מדעי המחשב / הנדסה / דאטה,6,7,7
P004,practice,,,,,5,SCN_033_H,heatmap,easy,Route_C,Route_C,True,Route_B,False,False,55.14,29.13,10,-9,Route_A,Route_B,False,Route_C,Route_A,False,,,,,,,,,,,,,,,,,,model_B_M1,2,3,1,ג,31,male,Arabic,bachelor,מדעי המחשב / הנדסה / דאטה,6,7,7
P004,experiment,0,SUB,0,radar,0,SCN_019_R,radar,easy,Route_A,Route_A,True,Route_C,False,False,70.86,27.2,10,-9,Route_C,Route_C,True,Route_C,Route_B | Route_C,True,-9,5,5,5,2,7,4,7,7,7,1,1,1,1,1,1,1,model_B_M1,2,3,1,ג,31,male,Arabic,bachelor,מדעי המחשב / הנדסה / דאטה,6,7,7
P004,experiment,0,SUB,0,radar,1,SCN_020_R,radar,hard,Route_B,Route_B,True,Route_C,False,False,52.5,31.26,10,-9,Route_C,Route_C,True,Route_C,Route_C,True,-9,5,5,5,2,7,4,7,7,7,1,1,1,1,1,1,1,model_B_M1,2,3,1,ג,31,male,Arabic,bachelor,מדעי המחשב / הנדסה / דאטה,6,7,7
P004,experiment,0,SUB,0,radar,2,SCN_015_R,radar,easy,Route_C,Route_B,False,Route_C,False,True,60.45,34.36,10,-9,Route_C,Route_B,False,Route_B,Route_B,True,-9,5,5,5,2,7,4,7,7,7,1,1,1,1,1,1,1,model_B_M1,2,3,1,ג,31,male,Arabic,bachelor,מדעי המחשב / הנדסה / דאטה,6,7,7
P004,experiment,0,SUB,0,radar,3,SCN_018_R,radar,hard,Route_C,Route_A,False,Route_A,True,False,54.3,22.25,10,-9,Route_B,Route_C,False,Route_A,Route_B,False,-9,5,5,5,2,7,4,7,7,7,1,1,1,1,1,1,1,model_B_M1,2,3,1,ג,31,male,Arabic,bachelor,מדעי המחשב / הנדסה / דאטה,6,7,7
P004,experiment,0,SUB,1,heatmap,0,SCN_011_H,heatmap,easy,Route_B,Route_B,True,Route_C,False,False,55.93,29.6,10,-9,Route_B,Route_A,False,Route_B,Route_B,True,-8,5,7,-3,-3,7,4,7,7,7,1,1,1,1,1,1,1,model_B_M1,2,3,1,ג,31,male,Arabic,bachelor,מדעי המחשב / הנדסה / דאטה,6,7,7
P004,experiment,0,SUB,1,heatmap,1,SCN_010_H,heatmap,hard,Route_C,Route_C,True,Route_A,False,False,72.0,38.85,10,-7,Route_C,Route_B,False,Route_B,Route_A | Route_B,True,-8,5,7,-3,-3,7,4,7,7,7,1,1,1,1,1,1,1,model_B_M1,2,3,1,ג,31,male,Arabic,bachelor,מדעי המחשב / הנדסה / דאטה,6,7,7
P004,experiment,0,SUB,1,heatmap,2,SCN_005_H,heatmap,easy,Route_C,Route_B,False,Route_C,False,True,86.39,32.89,10,-8,Route_A,Route_A,True,Route_C,Route_B,False,-8,5,7,-3,-3,7,4,7,7,7,1,1,1,1,1,1,1,model_B_M1,2,3,1,ג,31,male,Arabic,bachelor,מדעי המחשב / הנדסה / דאטה,6,7,7
P004,experiment,0,SUB,1,heatmap,3,SCN_013_H,heatmap,hard,Route_B,Route_C,False,Route_B,False,True,64.82,40.78,10,-7,Route_A,Route_B,False,Route_A,Route_B | Route_C,False,-8,5,7,-3,-3,7,4,7,7,7,1,1,1,1,1,1,1,model_B_M1,2,3,1,ג,31,male,Arabic,bachelor,מדעי המחשב / הנדסה / דאטה,6,7,7
P004,experiment,0,SUB,2,stacked_bars,0,SCN_023_S,stacked_bars,easy,Route_B,Route_A,False,Route_C,False,False,86.42,41.55,10,-8,Route_B,Route_B,True,Route_C,Route_C,True,8,-5,8,-6,-1,7,4,7,7,7,1,1,1,1,1,1,1,model_B_M1,2,3,1,ג,31,male,Arabic,bachelor,מדעי המחשב / הנדסה / דאטה,6,7,7
P004,experiment,0,SUB,2,stacked_bars,1,SCN_022_S,stacked_bars,hard,Route_A,Route_B,False,Route_A,False,True,48.72,22.78,10,-6,Route_A,Route_A,True,Route_B,Route_A,False,8,-5,8,-6,-1,7,4,7,7,7,1,1,1,1,1,1,1,model_B_M1,2,3,1,ג,31,male,Arabic,bachelor,מדעי המחשב / הנדסה / דאטה,6,7,7
P004,experiment,0,SUB,2,stacked_bars,2,SCN_021_S,stacked_bars,easy,Route_C,Route_C,True,Route_B,False,False,46.46,25.33,10,-9,Route_B,Route_B,True,Route_C,Route_A,False,8,-5,8,-6,-1,7,4,7,7,7,1,1,1,1,1,1,1,model_B_M1,2,3,1,ג,31,male,Arabic,bachelor,מדעי המחשב / הנדסה / דאטה,6,7,7
P004,experiment,0,SUB,2,stacked_bars,3,SCN_029_S,stacked_bars,hard,Route_B,Route_B,True,Route_A,False,False,39.41,26.69,10,-7,Route_C,Route_A | Route_C,True,Route_B,Route_C,False,8,-5,8,-6,-1,7,4,7,7,7,1,1,1,1,1,1,1,model_B_M1,2,3,1,ג,31,male,Arabic,bachelor,מדעי המחשב / הנדסה / דאטה,6,7,7
P004,experiment,1,OPT,0,stacked_bars,0,SCN_026_S,stacked_bars,hard,Route_B,Route_B,True,Route_C,False,False,74.77,25.76,10,-9,Route_A,Route_B,False,Route_B,Route_C,False,-7,-1,7,-6,-1,1,1,1,2,1,6,7,6,6,6,6,5,model_B_M1,2,3,1,ג,31,male,Arabic,bachelor,מדעי המחשב / הנדסה / דאטה,6,7,7
P004,experiment,1,OPT,0,stacked_bars,1,SCN_030_S,stacked_bars,easy,Route_C,Route_C,True,Route_A,False,False,46.6,25.71,10,-9,Route_A,Route_B | Route_C,False,Route_C,Route_B | Route_C,True,-7,-1,7,-6,-1,1,1,1,2,1,6,7,6,6,6,6,5,model_B_M1,2,3,1,ג,31,male,Arabic,bachelor,מדעי המחשב / הנדסה / דאטה,6,7,7
P004,experiment,1,OPT,0,stacked_bars,2,SCN_024_S,stacked_bars,hard,Route_C,Route_A,False,Route_B,False,False,73.14,24.24,10,-8,Route_A,Route_B,False,Route_A,Route_A | Route_B,True,-7,-1,7,-6,-1,1,1,1,2,1,6,7,6,6,6,6,5,model_B_M1,2,3,1,ג,31,male,Arabic,bachelor,מדעי המחשב / הנדסה / דאטה,6,7,7
P004,experiment,1,OPT,0,stacked_bars,3,SCN_027_S,stacked_bars,easy,Route_C,Route_C,True,Route_B,False,False,37.9,20.47,10,-10,Route_B,Route_C,False,Route_C,Route_B,False,-7,-1,7,-6,-1,1,1,1,2,1,6,7,6,6,6,6,5,model_B_M1,2,3,1,ג,31,male,Arabic,bachelor,מדעי המחשב / הנדסה / דאטה,6,7,7
P004,experiment,1,OPT,0,stacked_bars,4,SCN_028_S,stacked_bars,hard,Route_A,Route_A,True,Route_C,False,False,70.75,24.74,10,-7,Route_A,Route_A | Route_C,True,Route_B,Route_A,False,-7,-1,7,-6,-1,1,1,1,2,1,6,7,6,6,6,6,5,model_B_M1,2,3,1,ג,31,male,Arabic,bachelor,מדעי המחשב / הנדסה / דאטה,6,7,7
P004,experiment,1,OPT,1,radar,0,SCN_014_R,radar,easy,Route_A,Route_A,True,Route_A,True,True,55.26,38.82,10,-7,Route_A,Route_B,False,Route_A,Route_A,True,-8,-2,9,-6,-4,1,1,1,2,1,6,7,6,6,6,6,5,model_B_M1,2,3,1,ג,31,male,Arabic,bachelor,מדעי המחשב / הנדסה / דאטה,6,7,7
P004,experiment,1,OPT,1,radar,1,SCN_012_R,radar,hard,Route_B,Route_B,True,Route_B,True,True,53.09,21.93,10,-8,Route_A,Route_A | Route_B,True,Route_C,Route_A,False,-8,-2,9,-6,-4,1,1,1,2,1,6,7,6,6,6,6,5,model_B_M1,2,3,1,ג,31,male,Arabic,bachelor,מדעי המחשב / הנדסה / דאטה,6,7,7
P004,experiment,1,OPT,1,radar,2,SCN_017_R,radar,easy,Route_B,Route_B,True,Route_C,False,False,80.85,30.2,10,-9,Route_A,Route_A,True,Route_C,Route_A | Route_B,False,-8,-2,9,-6,-4,1,1,1,2,1,6,7,6,6,6,6,5,model_B_M1,2,3,1,ג,31,male,Arabic,bachelor,מדעי המחשב / הנדסה / דאטה,6,7,7
P004,experiment,1,OPT,1,radar,3,SCN_016_R,radar,hard,Route_B,Route_B,True,Route_B,True,True,64.93,46.26,10,-7,Route_C,Route_B | Route_C,True,Route_C,Route_A,False,-8,-2,9,-6,-4,1,1,1,2,1,6,7,6,6,6,6,5,model_B_M1,2,3,1,ג,31,male,Arabic,bachelor,מדעי המחשב / הנדסה / דאטה,6,7,7
P004,experiment,1,OPT,1,radar,4,SCN_025_R,radar,easy,Route_A,Route_C,False,Route_C,True,False,33.28,23.02,9,-9,Route_B,Route_C,False,Route_A,Route_C,False,-8,-2,9,-6,-4,1,1,1,2,1,6,7,6,6,6,6,5,model_B_M1,2,3,1,ג,31,male,Arabic,bachelor,מדעי המחשב / הנדסה / דאטה,6,7,7
P004,experiment,1,OPT,2,heatmap,0,SCN_009_H,heatmap,easy,Route_C,Route_C,True,Route_C,True,True,32.6,20.03,7,-9,Route_A,Route_C,False,Route_C,Route_A,False,7,-1,9,-2,1,1,1,1,2,1,6,7,6,6,6,6,5,model_B_M1,2,3,1,ג,31,male,Arabic,bachelor,מדעי המחשב / הנדסה / דאטה,6,7,7
P004,experiment,1,OPT,2,heatmap,1,SCN_006_H,heatmap,hard,Route_C,Route_C,True,Route_C,True,True,47.29,27.93,10,-9,Route_C,Route_A | Route_C,True,Route_A,Route_A | Route_B,True,7,-1,9,-2,1,1,1,1,2,1,6,7,6,6,6,6,5,model_B_M1,2,3,1,ג,31,male,Arabic,bachelor,מדעי המחשב / הנדסה / דאטה,6,7,7
P004,experiment,1,OPT,2,heatmap,2,SCN_004_H,heatmap,easy,Route_C,Route_C,True,Route_C,True,True,27.22,22.65,10,-7,Route_B,Route_A | Route_B,True,Route_B,Route_A,False,7,-1,9,-2,1,1,1,1,2,1,6,7,6,6,6,6,5,model_B_M1,2,3,1,ג,31,male,Arabic,bachelor,מדעי המחשב / הנדסה / דאטה,6,7,7
P004,experiment,1,OPT,2,heatmap,3,SCN_008_H,heatmap,hard,Route_A,Route_C,False,Route_C,True,False,29.85,19.69,10,-9,Route_B,Route_A,False,Route_A,Route_C,False,7,-1,9,-2,1,1,1,1,2,1,6,7,6,6,6,6,5,model_B_M1,2,3,1,ג,31,male,Arabic,bachelor,מדעי המחשב / הנדסה / דאטה,6,7,7
P004,experiment,1,OPT,2,heatmap,4,SCN_007_H,heatmap,easy,Route_B,Route_B,True,Route_B,True,True,44.05,22.72,10,-9,Route_A,Route_C,False,Route_A,Route_B | Route_C,False,7,-1,9,-2,1,1,1,1,2,1,6,7,6,6,6,6,5,model_B_M1,2,3,1,ג,31,male,Arabic,bachelor,מדעי המחשב / הנדסה / דאטה,6,7,7
P005,practice,,,,,0,SCN_001_S,stacked_bars,easy,Route_A,Route_A,True,Route_A,True,True,41.01,124.05,8,-8,Route_B,Route_C,False,Route_B,Route_A,False,,,,,,,,,,,,,,,,,,model_B_M1,3,1,2,א,21,male,Arabic,ללא תואר,מדעי המחשב / הנדסה / דאטה,6,4,5
P005,practice,,,,,1,SCN_031_S,stacked_bars,easy,Route_A,Route_A,True,Route_B,False,False,24.83,43.54,10,-6,Route_A,Route_A | Route_B,True,Route_B,Route_B,True,,,,,,,,,,,,,,,,,,model_B_M1,3,1,2,א,21,male,Arabic,ללא תואר,מדעי המחשב / הנדסה / דאטה,6,4,5
P005,practice,,,,,2,SCN_002_R,radar,easy,Route_A,Route_A,True,Route_B,False,False,45.83,49.19,6,-5,dont_know,Route_C,False,Route_A,Route_B,False,,,,,,,,,,,,,,,,,,model_B_M1,3,1,2,א,21,male,Arabic,ללא תואר,מדעי המחשב / הנדסה / דאטה,6,4,5
P005,practice,,,,,3,SCN_032_R,radar,easy,Route_B,Route_B,True,Route_A,False,False,45.92,30.0,0,-2,Route_C,Route_A,False,dont_know,Route_C,False,,,,,,,,,,,,,,,,,,model_B_M1,3,1,2,א,21,male,Arabic,ללא תואר,מדעי המחשב / הנדסה / דאטה,6,4,5
P005,practice,,,,,4,SCN_003_H,heatmap,easy,Route_B,Route_B,True,Route_B,True,True,37.14,27.67,4,0,Route_B,Route_B,True,Route_B,Route_A,False,,,,,,,,,,,,,,,,,,model_B_M1,3,1,2,א,21,male,Arabic,ללא תואר,מדעי המחשב / הנדסה / דאטה,6,4,5
P005,practice,,,,,5,SCN_033_H,heatmap,easy,Route_C,Route_C,True,Route_A,False,False,42.43,28.82,4,3,Route_A,Route_B,False,Route_C,Route_A,False,,,,,,,,,,,,,,,,,,model_B_M1,3,1,2,א,21,male,Arabic,ללא תואר,מדעי המחשב / הנדסה / דאטה,6,4,5
P005,experiment,0,OPT,0,radar,0,SCN_017_R,radar,easy,Route_B,Route_B,True,Route_B,True,True,48.56,35.22,0,4,Route_C,Route_A,False,Route_B,Route_A | Route_B,True,-3,-4,4,-3,4,3,3,4,4,2,2,2,2,2,3,3,2,model_B_M1,3,1,2,א,21,male,Arabic,ללא תואר,מדעי המחשב / הנדסה / דאטה,6,4,5
P005,experiment,0,OPT,0,radar,1,SCN_016_R,radar,hard,Route_B,Route_B,True,Route_B,True,True,51.51,43.77,3,3,Route_C,Route_B | Route_C,True,Route_C,Route_A,False,-3,-4,4,-3,4,3,3,4,4,2,2,2,2,2,3,3,2,model_B_M1,3,1,2,א,21,male,Arabic,ללא תואר,מדעי המחשב / הנדסה / דאטה,6,4,5
P005,experiment,0,OPT,0,radar,2,SCN_025_R,radar,easy,Route_A,Route_A,True,Route_C,False,False,45.66,25.46,0,0,Route_C,Route_C,True,Route_B,Route_C,False,-3,-4,4,-3,4,3,3,4,4,2,2,2,2,2,3,3,2,model_B_M1,3,1,2,א,21,male,Arabic,ללא תואר,מדעי המחשב / הנדסה / דאטה,6,4,5
P005,experiment,0,OPT,0,radar,3,SCN_012_R,radar,hard,Route_B,Route_C,False,Route_B,False,True,39.39,18.35,5,0,Route_B,Route_A | Route_B,True,Route_C,Route_A,False,-3,-4,4,-3,4,3,3,4,4,2,2,2,2,2,3,3,2,model_B_M1,3,1,2,א,21,male,Arabic,ללא תואר,מדעי המחשב / הנדסה / דאטה,6,4,5
P005,experiment,0,OPT,0,radar,4,SCN_014_R,radar,easy,Route_A,Route_A,True,Route_B,False,False,29.03,23.12,1,3,Route_B,Route_B,True,Route_B,Route_A,False,-3,-4,4,-3,4,3,3,4,4,2,2,2,2,2,3,3,2,model_B_M1,3,1,2,א,21,male,Arabic,ללא תואר,מדעי המחשב / הנדסה / דאטה,6,4,5
P005,experiment,0,OPT,1,heatmap,0,SCN_007_H,heatmap,easy,Route_B,Route_B,True,Route_A,False,False,46.28,24.09,3,2,dont_know,Route_C,False,Route_C,Route_B | Route_C,True,-3,-5,6,-4,0,3,3,4,4,2,2,2,2,2,3,3,2,model_B_M1,3,1,2,א,21,male,Arabic,ללא תואר,מדעי המחשב / הנדסה / דאטה,6,4,5
P005,experiment,0,OPT,1,heatmap,1,SCN_008_H,heatmap,hard,Route_A,Route_A,True,Route_A,True,True,44.26,24.61,0,2,dont_know,Route_A,False,Route_C,Route_C,True,-3,-5,6,-4,0,3,3,4,4,2,2,2,2,2,3,3,2,model_B_M1,3,1,2,א,21,male,Arabic,ללא תואר,מדעי המחשב / הנדסה / דאטה,6,4,5
P005,experiment,0,OPT,1,heatmap,2,SCN_009_H,heatmap,easy,Route_C,Route_B,False,Route_C,False,True,38.31,24.84,-2,3,Route_B,Route_C,False,Route_C,Route_A,False,-3,-5,6,-4,0,3,3,4,4,2,2,2,2,2,3,3,2,model_B_M1,3,1,2,א,21,male,Arabic,ללא תואר,מדעי המחשב / הנדסה / דאטה,6,4,5
P005,experiment,0,OPT,1,heatmap,3,SCN_006_H,heatmap,hard,Route_C,Route_C,True,Route_A,False,False,42.21,23.01,5,0,Route_A,Route_A | Route_C,True,Route_C,Route_A | Route_B,False,-3,-5,6,-4,0,3,3,4,4,2,2,2,2,2,3,3,2,model_B_M1,3,1,2,א,21,male,Arabic,ללא תואר,מדעי המחשב / הנדסה / דאטה,6,4,5
P005,experiment,0,OPT,1,heatmap,4,SCN_004_H,heatmap,easy,Route_C,Route_C,True,Route_C,True,True,52.46,22.81,2,3,Route_B,Route_A | Route_B,True,Route_C,Route_A,False,-3,-5,6,-4,0,3,3,4,4,2,2,2,2,2,3,3,2,model_B_M1,3,1,2,א,21,male,Arabic,ללא תואר,מדעי המחשב / הנדסה / דאטה,6,4,5
P005,experiment,0,OPT,2,stacked_bars,0,SCN_024_S,stacked_bars,hard,Route_C,Route_C,True,Route_C,True,True,50.77,33.75,10,-4,Route_A,Route_B,False,Route_C,Route_A | Route_B,False,-3,-6,2,-4,-1,3,3,4,4,2,2,2,2,2,3,3,2,model_B_M1,3,1,2,א,21,male,Arabic,ללא תואר,מדעי המחשב / הנדסה / דאטה,6,4,5
P005,experiment,0,OPT,2,stacked_bars,1,SCN_027_S,stacked_bars,easy,Route_C,Route_C,True,Route_A,False,False,46.54,20.86,-3,2,Route_B,Route_C,False,Route_C,Route_B,False,-3,-6,2,-4,-1,3,3,4,4,2,2,2,2,2,3,3,2,model_B_M1,3,1,2,א,21,male,Arabic,ללא תואר,מדעי המחשב / הנדסה / דאטה,6,4,5
P005,experiment,0,OPT,2,stacked_bars,2,SCN_028_S,stacked_bars,hard,Route_A,Route_A,True,Route_A,True,True,45.83,65.69,3,-1,Route_B,Route_A | Route_C,False,Route_B,Route_A,False,-3,-6,2,-4,-1,3,3,4,4,2,2,2,2,2,3,3,2,model_B_M1,3,1,2,א,21,male,Arabic,ללא תואר,מדעי המחשב / הנדסה / דאטה,6,4,5
P005,experiment,0,OPT,2,stacked_bars,3,SCN_030_S,stacked_bars,easy,Route_C,Route_C,True,Route_A,False,False,62.93,23.46,-4,2,Route_A,Route_B | Route_C,False,dont_know,Route_B | Route_C,False,-3,-6,2,-4,-1,3,3,4,4,2,2,2,2,2,3,3,2,model_B_M1,3,1,2,א,21,male,Arabic,ללא תואר,מדעי המחשב / הנדסה / דאטה,6,4,5
P005,experiment,0,OPT,2,stacked_bars,4,SCN_026_S,stacked_bars,hard,Route_B,Route_C,False,Route_C,True,False,40.5,25.9,10,-3,Route_B,Route_B,True,Route_A,Route_C,False,-3,-6,2,-4,-1,3,3,4,4,2,2,2,2,2,3,3,2,model_B_M1,3,1,2,א,21,male,Arabic,ללא תואר,מדעי המחשב / הנדסה / דאטה,6,4,5
P005,experiment,1,SUB,0,heatmap,0,SCN_005_H,heatmap,easy,Route_C,Route_B,False,Route_C,False,True,48.38,41.41,0,3,Route_B,Route_A,False,Route_C,Route_B,False,-3,-4,2,-5,-2,3,3,3,4,2,6,5,5,5,5,5,6,model_B_M1,3,1,2,א,21,male,Arabic,ללא תואר,מדעי המחשב / הנדסה / דאטה,6,4,5
P005,experiment,1,SUB,0,heatmap,1,SCN_010_H,heatmap,hard,Route_C,Route_B,False,Route_C,False,True,33.01,19.15,3,0,Route_B,Route_B,True,dont_know,Route_A | Route_B,False,-3,-4,2,-5,-2,3,3,3,4,2,6,5,5,5,5,5,6,model_B_M1,3,1,2,א,21,male,Arabic,ללא תואר,מדעי המחשב / הנדסה / דאטה,6,4,5
P005,experiment,1,SUB,0,heatmap,2,SCN_011_H,heatmap,easy,Route_B,Route_B,True,Route_B,True,True,45.84,36.49,3,-1,Route_C,Route_A,False,Route_B,Route_B,True,-3,-4,2,-5,-2,3,3,3,4,2,6,5,5,5,5,5,6,model_B_M1,3,1,2,א,21,male,Arabic,ללא תואר,מדעי המחשב / הנדסה / דאטה,6,4,5
P005,experiment,1,SUB,0,heatmap,3,SCN_013_H,heatmap,hard,Route_B,Route_B,True,Route_B,True,True,46.32,22.67,5,1,Route_B,Route_B,True,Route_B,Route_B | Route_C,True,-3,-4,2,-5,-2,3,3,3,4,2,6,5,5,5,5,5,6,model_B_M1,3,1,2,א,21,male,Arabic,ללא תואר,מדעי המחשב / הנדסה / דאטה,6,4,5
P005,experiment,1,SUB,1,stacked_bars,0,SCN_023_S,stacked_bars,easy,Route_B,Route_A,False,Route_C,False,False,43.33,20.89,10,-5,Route_B,Route_B,True,Route_C,Route_C,True,-3,-2,4,-2,0,3,3,3,4,2,6,5,5,5,5,5,6,model_B_M1,3,1,2,א,21,male,Arabic,ללא תואר,מדעי המחשב / הנדסה / דאטה,6,4,5
P005,experiment,1,SUB,1,stacked_bars,1,SCN_029_S,stacked_bars,hard,Route_B,Route_A,False,Route_B,False,True,45.53,14.85,10,0,dont_know,Route_A | Route_C,False,Route_A,Route_C,False,-3,-2,4,-2,0,3,3,3,4,2,6,5,5,5,5,5,6,model_B_M1,3,1,2,א,21,male,Arabic,ללא תואר,מדעי המחשב / הנדסה / דאטה,6,4,5
P005,experiment,1,SUB,1,stacked_bars,2,SCN_021_S,stacked_bars,easy,Route_C,Route_C,True,Route_A,False,False,40.24,19.76,10,-3,Route_C,Route_B,False,Route_A,Route_A,True,-3,-2,4,-2,0,3,3,3,4,2,6,5,5,5,5,5,6,model_B_M1,3,1,2,א,21,male,Arabic,ללא תואר,מדעי המחשב / הנדסה / דאטה,6,4,5
P005,experiment,1,SUB,1,stacked_bars,3,SCN_022_S,stacked_bars,hard,Route_A,Route_A,True,Route_C,False,False,34.16,22.02,7,-3,Route_A,Route_A,True,Route_A,Route_A,True,-3,-2,4,-2,0,3,3,3,4,2,6,5,5,5,5,5,6,model_B_M1,3,1,2,א,21,male,Arabic,ללא תואר,מדעי המחשב / הנדסה / דאטה,6,4,5
P005,experiment,1,SUB,2,radar,0,SCN_015_R,radar,easy,Route_C,Route_C,True,Route_A,False,False,39.04,14.73,0,0,Route_B,Route_B,True,dont_know,Route_B,False,-3,1,4,3,5,3,3,3,4,2,6,5,5,5,5,5,6,model_B_M1,3,1,2,א,21,male,Arabic,ללא תואר,מדעי המחשב / הנדסה / דאטה,6,4,5
P005,experiment,1,SUB,2,radar,1,SCN_018_R,radar,hard,Route_C,Route_A,False,Route_A,True,False,48.91,19.61,4,3,Route_A,Route_C,False,Route_C,Route_B,False,-3,1,4,3,5,3,3,3,4,2,6,5,5,5,5,5,6,model_B_M1,3,1,2,א,21,male,Arabic,ללא תואר,מדעי המחשב / הנדסה / דאטה,6,4,5
P005,experiment,1,SUB,2,radar,2,SCN_019_R,radar,easy,Route_A,Route_C,False,Route_C,True,False,38.14,20.28,-4,2,Route_A,Route_C,False,Route_B,Route_B | Route_C,True,-3,1,4,3,5,3,3,3,4,2,6,5,5,5,5,5,6,model_B_M1,3,1,2,א,21,male,Arabic,ללא תואר,מדעי המחשב / הנדסה / דאטה,6,4,5
P005,experiment,1,SUB,2,radar,3,SCN_020_R,radar,hard,Route_B,Route_B,True,Route_C,False,False,46.92,25.17,5,2,Route_B,Route_C,False,Route_B,Route_C,False,-3,1,4,3,5,3,3,3,4,2,6,5,5,5,5,5,6,model_B_M1,3,1,2,א,21,male,Arabic,ללא תואר,מדעי המחשב / הנדסה / דאטה,6,4,5
P006,practice,,,,,0,SCN_001_S,stacked_bars,easy,Route_A,Route_A,True,Route_A,True,True,40.35,105.64,10,-6,dont_know,Route_C,False,dont_know,Route_A,False,,,,,,,,,,,,,,,,,,model_A_M0,2,1,3,ג,27,male,Arabic,bachelor,מדעי המחשב / הנדסה / דאטה,5,4,6
P006,practice,,,,,1,SCN_031_S,stacked_bars,easy,Route_A,Route_A,True,Route_B,False,False,44.49,60.1,10,-5,Route_B,Route_A | Route_B,True,Route_B,Route_B,True,,,,,,,,,,,,,,,,,,model_A_M0,2,1,3,ג,27,male,Arabic,bachelor,מדעי המחשב / הנדסה / דאטה,5,4,6
P006,practice,,,,,2,SCN_002_R,radar,easy,Route_A,Route_A,True,Route_A,True,True,66.11,25.74,10,-5,dont_know,Route_C,False,dont_know,Route_B,False,,,,,,,,,,,,,,,,,,model_A_M0,2,1,3,ג,27,male,Arabic,bachelor,מדעי המחשב / הנדסה / דאטה,5,4,6
P006,practice,,,,,3,SCN_032_R,radar,easy,Route_B,Route_B,True,Route_A,False,False,53.8,73.79,10,-5,dont_know,Route_A,False,Route_B,Route_C,False,,,,,,,,,,,,,,,,,,model_A_M0,2,1,3,ג,27,male,Arabic,bachelor,מדעי המחשב / הנדסה / דאטה,5,4,6
P006,practice,,,,,4,SCN_003_H,heatmap,easy,Route_B,Route_B,True,Route_B,True,True,81.12,23.79,10,-5,Route_B,Route_B,True,dont_know,Route_A,False,,,,,,,,,,,,,,,,,,model_A_M0,2,1,3,ג,27,male,Arabic,bachelor,מדעי המחשב / הנדסה / דאטה,5,4,6
P006,practice,,,,,5,SCN_033_H,heatmap,easy,Route_C,Route_C,True,Route_B,False,False,76.22,97.39,10,-6,Route_A,Route_B,False,Route_A,Route_A,True,,,,,,,,,,,,,,,,,,model_A_M0,2,1,3,ג,27,male,Arabic,bachelor,מדעי המחשב / הנדסה / דאטה,5,4,6
P006,experiment,0,SUB,0,stacked_bars,0,SCN_021_S,stacked_bars,easy,Route_C,Route_B,False,Route_B,True,False,44.67,111.42,10,-6,Route_B,Route_B,True,Route_B,Route_A,False,-2,0,6,8,-3,2,2,2,1,1,6,4,6,6,6,5,4,model_A_M0,2,1,3,ג,27,male,Arabic,bachelor,מדעי המחשב / הנדסה / דאטה,5,4,6
P006,experiment,0,SUB,0,stacked_bars,1,SCN_022_S,stacked_bars,hard,Route_A,Route_A,True,Route_C,False,False,49.26,14.4,10,-5,Route_C,Route_A,False,Route_C,Route_A,False,-2,0,6,8,-3,2,2,2,1,1,6,4,6,6,6,5,4,model_A_M0,2,1,3,ג,27,male,Arabic,bachelor,מדעי המחשב / הנדסה / דאטה,5,4,6
P006,experiment,0,SUB,0,stacked_bars,2,SCN_023_S,stacked_bars,easy,Route_B,Route_B,True,Route_C,False,False,39.57,20.83,10,-6,Route_C,Route_B,False,dont_know,Route_C,False,-2,0,6,8,-3,2,2,2,1,1,6,4,6,6,6,5,4,model_A_M0,2,1,3,ג,27,male,Arabic,bachelor,מדעי המחשב / הנדסה / דאטה,5,4,6
P006,experiment,0,SUB,0,stacked_bars,3,SCN_029_S,stacked_bars,hard,Route_B,Route_A,False,Route_A,True,False,23.86,24.09,10,-6,dont_know,Route_A | Route_C,False,dont_know,Route_C,False,-2,0,6,8,-3,2,2,2,1,1,6,4,6,6,6,5,4,model_A_M0,2,1,3,ג,27,male,Arabic,bachelor,מדעי המחשב / הנדסה / דאטה,5,4,6
P006,experiment,0,SUB,1,radar,0,SCN_019_R,radar,easy,Route_A,Route_C,False,Route_C,True,False,27.47,37.72,10,-10,dont_know,Route_C,False,Route_C,Route_B | Route_C,True,3,0,10,10,-3,2,2,2,1,1,6,4,6,6,6,5,4,model_A_M0,2,1,3,ג,27,male,Arabic,bachelor,מדעי המחשב / הנדסה / דאטה,5,4,6
P006,experiment,0,SUB,1,radar,1,SCN_020_R,radar,hard,Route_B,Route_C,False,Route_C,True,False,65.96,25.98,10,-3,Route_C,Route_C,True,Route_C,Route_C,True,3,0,10,10,-3,2,2,2,1,1,6,4,6,6,6,5,4,model_A_M0,2,1,3,ג,27,male,Arabic,bachelor,מדעי המחשב / הנדסה / דאטה,5,4,6
P006,experiment,0,SUB,1,radar,2,SCN_015_R,radar,easy,Route_C,Route_C,True,Route_C,True,True,41.42,46.65,10,-2,Route_B,Route_B,True,Route_C,Route_B,False,3,0,10,10,-3,2,2,2,1,1,6,4,6,6,6,5,4,model_A_M0,2,1,3,ג,27,male,Arabic,bachelor,מדעי המחשב / הנדסה / דאטה,5,4,6
P006,experiment,0,SUB,1,radar,3,SCN_018_R,radar,hard,Route_C,Route_C,True,Route_A,False,False,50.27,50.95,10,-5,dont_know,Route_C,False,dont_know,Route_B,False,3,0,10,10,-3,2,2,2,1,1,6,4,6,6,6,5,4,model_A_M0,2,1,3,ג,27,male,Arabic,bachelor,מדעי המחשב / הנדסה / דאטה,5,4,6
P006,experiment,0,SUB,2,heatmap,0,SCN_005_H,heatmap,easy,Route_C,Route_C,True,Route_A,False,False,60.15,31.58,10,-2,dont_know,Route_A,False,Route_B,Route_B,True,-1,-1,6,-1,-3,2,2,2,1,1,6,4,6,6,6,5,4,model_A_M0,2,1,3,ג,27,male,Arabic,bachelor,מדעי המחשב / הנדסה / דאטה,5,4,6
P006,experiment,0,SUB,2,heatmap,1,SCN_010_H,heatmap,hard,Route_C,Route_B,False,Route_C,False,True,57.52,38.21,10,-4,Route_C,Route_B,False,Route_B,Route_A | Route_B,True,-1,-1,6,-1,-3,2,2,2,1,1,6,4,6,6,6,5,4,model_A_M0,2,1,3,ג,27,male,Arabic,bachelor,מדעי המחשב / הנדסה / דאטה,5,4,6
P006,experiment,0,SUB,2,heatmap,2,SCN_011_H,heatmap,easy,Route_B,Route_A,False,Route_C,False,False,53.89,35.53,7,-1,dont_know,Route_A,False,Route_B,Route_B,True,-1,-1,6,-1,-3,2,2,2,1,1,6,4,6,6,6,5,4,model_A_M0,2,1,3,ג,27,male,Arabic,bachelor,מדעי המחשב / הנדסה / דאטה,5,4,6
P006,experiment,0,SUB,2,heatmap,3,SCN_013_H,heatmap,hard,Route_B,Route_B,True,Route_B,True,True,45.59,39.82,10,-1,Route_C,Route_B,False,Route_C,Route_B | Route_C,True,-1,-1,6,-1,-3,2,2,2,1,1,6,4,6,6,6,5,4,model_A_M0,2,1,3,ג,27,male,Arabic,bachelor,מדעי המחשב / הנדסה / דאטה,5,4,6
P006,experiment,1,OPT,0,heatmap,0,SCN_009_H,heatmap,easy,Route_C,Route_C,True,Route_C,True,True,51.57,29.82,10,-4,Route_C,Route_C,True,dont_know,Route_A,False,-1,-2,7,-1,-3,3,2,2,2,2,6,6,4,6,6,6,6,model_A_M0,2,1,3,ג,27,male,Arabic,bachelor,מדעי המחשב / הנדסה / דאטה,5,4,6
P006,experiment,1,OPT,0,heatmap,1,SCN_006_H,heatmap,hard,Route_C,Route_C,True,Route_C,True,True,76.72,28.21,10,-2,Route_A,Route_A | Route_C,True,dont_know,Route_A | Route_B,False,-1,-2,7,-1,-3,3,2,2,2,2,6,6,4,6,6,6,6,model_A_M0,2,1,3,ג,27,male,Arabic,bachelor,מדעי המחשב / הנדסה / דאטה,5,4,6
P006,experiment,1,OPT,0,heatmap,2,SCN_004_H,heatmap,easy,Route_C,Route_B,False,Route_C,False,True,65.26,49.83,10,-2,Route_A,Route_A | Route_B,True,dont_know,Route_A,False,-1,-2,7,-1,-3,3,2,2,2,2,6,6,4,6,6,6,6,model_A_M0,2,1,3,ג,27,male,Arabic,bachelor,מדעי המחשב / הנדסה / דאטה,5,4,6
P006,experiment,1,OPT,0,heatmap,3,SCN_008_H,heatmap,hard,Route_A,Route_A,True,Route_A,True,True,46.5,50.09,10,-2,dont_know,Route_A,False,dont_know,Route_C,False,-1,-2,7,-1,-3,3,2,2,2,2,6,6,4,6,6,6,6,model_A_M0,2,1,3,ג,27,male,Arabic,bachelor,מדעי המחשב / הנדסה / דאטה,5,4,6
P006,experiment,1,OPT,0,heatmap,4,SCN_007_H,heatmap,easy,Route_B,Route_B,True,Route_B,True,True,46.41,20.65,0,0,Route_A,Route_C,False,Route_B,Route_B | Route_C,True,-1,-2,7,-1,-3,3,2,2,2,2,6,6,4,6,6,6,6,model_A_M0,2,1,3,ג,27,male,Arabic,bachelor,מדעי המחשב / הנדסה / דאטה,5,4,6
P006,experiment,1,OPT,1,stacked_bars,0,SCN_026_S,stacked_bars,hard,Route_B,Route_B,True,Route_C,False,False,45.3,19.42,10,-2,Route_B,Route_B,True,Route_C,Route_C,True,-1,0,6,6,-3,3,2,2,2,2,6,6,4,6,6,6,6,model_A_M0,2,1,3,ג,27,male,Arabic,bachelor,מדעי המחשב / הנדסה / דאטה,5,4,6
P006,experiment,1,OPT,1,stacked_bars,1,SCN_027_S,stacked_bars,easy,Route_C,Route_B,False,Route_C,False,True,55.67,40.64,9,-2,Route_C,Route_C,True,Route_B,Route_B,True,-1,0,6,6,-3,3,2,2,2,2,6,6,4,6,6,6,6,model_A_M0,2,1,3,ג,27,male,Arabic,bachelor,מדעי המחשב / הנדסה / דאטה,5,4,6
P006,experiment,1,OPT,1,stacked_bars,2,SCN_024_S,stacked_bars,hard,Route_C,Route_C,True,Route_C,True,True,31.74,27.86,10,-5,dont_know,Route_B,False,dont_know,Route_A | Route_B,False,-1,0,6,6,-3,3,2,2,2,2,6,6,4,6,6,6,6,model_A_M0,2,1,3,ג,27,male,Arabic,bachelor,מדעי המחשב / הנדסה / דאטה,5,4,6
P006,experiment,1,OPT,1,stacked_bars,3,SCN_030_S,stacked_bars,easy,Route_C,Route_C,True,Route_A,False,False,70.94,27.98,10,-4,Route_A,Route_B | Route_C,False,Route_C,Route_B | Route_C,True,-1,0,6,6,-3,3,2,2,2,2,6,6,4,6,6,6,6,model_A_M0,2,1,3,ג,27,male,Arabic,bachelor,מדעי המחשב / הנדסה / דאטה,5,4,6
P006,experiment,1,OPT,1,stacked_bars,4,SCN_028_S,stacked_bars,hard,Route_A,Route_A,True,Route_C,False,False,57.56,16.87,0,0,Route_A,Route_A | Route_C,True,dont_know,Route_A,False,-1,0,6,6,-3,3,2,2,2,2,6,6,4,6,6,6,6,model_A_M0,2,1,3,ג,27,male,Arabic,bachelor,מדעי המחשב / הנדסה / דאטה,5,4,6
P006,experiment,1,OPT,2,radar,0,SCN_017_R,radar,easy,Route_B,Route_B,True,Route_B,True,True,42.08,34.28,10,0,Route_A,Route_A,True,Route_A,Route_A | Route_B,True,6,0,7,6,-3,3,2,2,2,2,6,6,4,6,6,6,6,model_A_M0,2,1,3,ג,27,male,Arabic,bachelor,מדעי המחשב / הנדסה / דאטה,5,4,6
P006,experiment,1,OPT,2,radar,1,SCN_016_R,radar,hard,Route_B,Route_B,True,Route_B,True,True,44.47,53.37,10,-8,dont_know,Route_B | Route_C,False,dont_know,Route_A,False,6,0,7,6,-3,3,2,2,2,2,6,6,4,6,6,6,6,model_A_M0,2,1,3,ג,27,male,Arabic,bachelor,מדעי המחשב / הנדסה / דאטה,5,4,6
P006,experiment,1,OPT,2,radar,2,SCN_014_R,radar,easy,Route_A,Route_B,False,Route_B,True,False,38.31,23.61,10,-6,Route_C,Route_B,False,dont_know,Route_A,False,6,0,7,6,-3,3,2,2,2,2,6,6,4,6,6,6,6,model_A_M0,2,1,3,ג,27,male,Arabic,bachelor,מדעי המחשב / הנדסה / דאטה,5,4,6
P006,experiment,1,OPT,2,radar,3,SCN_012_R,radar,hard,Route_B,Route_B,True,Route_B,True,True,29.7,34.26,10,-6,dont_know,Route_A | Route_B,False,dont_know,Route_A,False,6,0,7,6,-3,3,2,2,2,2,6,6,4,6,6,6,6,model_A_M0,2,1,3,ג,27,male,Arabic,bachelor,מדעי המחשב / הנדסה / דאטה,5,4,6
P006,experiment,1,OPT,2,radar,4,SCN_025_R,radar,easy,Route_A,Route_A,True,Route_C,False,False,41.1,17.55,10,-5,Route_C,Route_C,True,Route_C,Route_C,True,6,0,7,6,-3,3,2,2,2,2,6,6,4,6,6,6,6,model_A_M0,2,1,3,ג,27,male,Arabic,bachelor,מדעי המחשב / הנדסה / דאטה,5,4,6
P007,practice,,,,,0,SCN_001_S,stacked_bars,easy,Route_A,Route_A,True,Route_A,True,True,24.57,97.35,10,-10,dont_know,Route_C,False,dont_know,Route_A,False,,,,,,,,,,,,,,,,,,model_A_M0,3,2,1,ג,18,female,Hebrew,ללא תואר,אחר,5,4,5
P007,practice,,,,,1,SCN_031_S,stacked_bars,easy,Route_A,Route_A,True,Route_B,False,False,39.07,28.49,10,-4,dont_know,Route_A | Route_B,False,dont_know,Route_B,False,,,,,,,,,,,,,,,,,,model_A_M0,3,2,1,ג,18,female,Hebrew,ללא תואר,אחר,5,4,5
P007,practice,,,,,2,SCN_002_R,radar,easy,Route_A,Route_A,True,Route_A,True,True,40.55,23.39,10,-4,dont_know,Route_C,False,dont_know,Route_B,False,,,,,,,,,,,,,,,,,,model_A_M0,3,2,1,ג,18,female,Hebrew,ללא תואר,אחר,5,4,5
P007,practice,,,,,3,SCN_032_R,radar,easy,Route_B,Route_B,True,Route_B,True,True,65.42,44.45,9,7,Route_A,Route_A,True,dont_know,Route_C,False,,,,,,,,,,,,,,,,,,model_A_M0,3,2,1,ג,18,female,Hebrew,ללא תואר,אחר,5,4,5
P007,practice,,,,,4,SCN_003_H,heatmap,easy,Route_B,Route_B,True,Route_B,True,True,23.7,18.64,9,-1,dont_know,Route_B,False,dont_know,Route_A,False,,,,,,,,,,,,,,,,,,model_A_M0,3,2,1,ג,18,female,Hebrew,ללא תואר,אחר,5,4,5
P007,practice,,,,,5,SCN_033_H,heatmap,easy,Route_C,Route_C,True,Route_B,False,False,87.01,33.54,5,9,dont_know,Route_B,False,dont_know,Route_A,False,,,,,,,,,,,,,,,,,,model_A_M0,3,2,1,ג,18,female,Hebrew,ללא תואר,אחר,5,4,5
P007,experiment,0,OPT,0,stacked_bars,0,SCN_026_S,stacked_bars,hard,Route_B,Route_B,True,Route_C,False,False,68.27,30.67,10,2,Route_B,Route_B,True,dont_know,Route_C,False,2,0,9,-3,-1,4,1,1,3,5,4,6,4,3,4,4,6,model_A_M0,3,2,1,ג,18,female,Hebrew,ללא תואר,אחר,5,4,5
P007,experiment,0,OPT,0,stacked_bars,1,SCN_030_S,stacked_bars,easy,Route_C,Route_C,True,Route_A,False,False,35.29,17.84,5,2,dont_know,Route_B | Route_C,False,Route_B,Route_B | Route_C,True,2,0,9,-3,-1,4,1,1,3,5,4,6,4,3,4,4,6,model_A_M0,3,2,1,ג,18,female,Hebrew,ללא תואר,אחר,5,4,5
P007,experiment,0,OPT,0,stacked_bars,2,SCN_024_S,stacked_bars,hard,Route_C,Route_C,True,Route_B,False,False,52.73,13.8,5,4,dont_know,Route_B,False,dont_know,Route_A | Route_B,False,2,0,9,-3,-1,4,1,1,3,5,4,6,4,3,4,4,6,model_A_M0,3,2,1,ג,18,female,Hebrew,ללא תואר,אחר,5,4,5
P007,experiment,0,OPT,0,stacked_bars,3,SCN_027_S,stacked_bars,easy,Route_C,Route_C,True,Route_B,False,False,22.48,11.34,10,-1,dont_know,Route_C,False,dont_know,Route_B,False,2,0,9,-3,-1,4,1,1,3,5,4,6,4,3,4,4,6,model_A_M0,3,2,1,ג,18,female,Hebrew,ללא תואר,אחר,5,4,5
P007,experiment,0,OPT,0,stacked_bars,4,SCN_028_S,stacked_bars,hard,Route_A,Route_B,False,Route_C,False,False,44.44,13.05,5,5,dont_know,Route_A | Route_C,False,dont_know,Route_A,False,2,0,9,-3,-1,4,1,1,3,5,4,6,4,3,4,4,6,model_A_M0,3,2,1,ג,18,female,Hebrew,ללא תואר,אחר,5,4,5
P007,experiment,0,OPT,1,radar,0,SCN_017_R,radar,easy,Route_B,Route_B,True,Route_C,False,False,24.05,18.03,8,2,dont_know,Route_A,False,dont_know,Route_A | Route_B,False,-3,-5,8,-4,-4,4,1,1,3,5,4,6,4,3,4,4,6,model_A_M0,3,2,1,ג,18,female,Hebrew,ללא תואר,אחר,5,4,5
P007,experiment,0,OPT,1,radar,1,SCN_012_R,radar,hard,Route_B,Route_B,True,Route_B,True,True,41.38,13.05,10,-1,dont_know,Route_A | Route_B,False,dont_know,Route_A,False,-3,-5,8,-4,-4,4,1,1,3,5,4,6,4,3,4,4,6,model_A_M0,3,2,1,ג,18,female,Hebrew,ללא תואר,אחר,5,4,5
P007,experiment,0,OPT,1,radar,2,SCN_025_R,radar,easy,Route_A,Route_A,True,Route_C,False,False,35.22,10.89,10,2,dont_know,Route_C,False,dont_know,Route_C,False,-3,-5,8,-4,-4,4,1,1,3,5,4,6,4,3,4,4,6,model_A_M0,3,2,1,ג,18,female,Hebrew,ללא תואר,אחר,5,4,5
P007,experiment,0,OPT,1,radar,3,SCN_016_R,radar,hard,Route_B,Route_C,False,Route_B,False,True,102.15,11.12,9,9,dont_know,Route_B | Route_C,False,dont_know,Route_A,False,-3,-5,8,-4,-4,4,1,1,3,5,4,6,4,3,4,4,6,model_A_M0,3,2,1,ג,18,female,Hebrew,ללא תואר,אחר,5,4,5
P007,experiment,0,OPT,1,radar,4,SCN_014_R,radar,easy,Route_A,Route_A,True,Route_A,True,True,16.47,11.59,10,-10,dont_know,Route_B,False,dont_know,Route_A,False,-3,-5,8,-4,-4,4,1,1,3,5,4,6,4,3,4,4,6,model_A_M0,3,2,1,ג,18,female,Hebrew,ללא תואר,אחר,5,4,5
P007,experiment,0,OPT,2,heatmap,0,SCN_004_H,heatmap,easy,Route_C,Route_C,True,Route_C,True,True,34.03,10.31,9,1,dont_know,Route_A | Route_B,False,dont_know,Route_A,False,-5,-4,6,-5,-5,4,1,1,3,5,4,6,4,3,4,4,6,model_A_M0,3,2,1,ג,18,female,Hebrew,ללא תואר,אחר,5,4,5
P007,experiment,0,OPT,2,heatmap,1,SCN_006_H,heatmap,hard,Route_C,Route_A,False,Route_A,True,False,72.64,16.47,0,5,dont_know,Route_A | Route_C,False,dont_know,Route_A | Route_B,False,-5,-4,6,-5,-5,4,1,1,3,5,4,6,4,3,4,4,6,model_A_M0,3,2,1,ג,18,female,Hebrew,ללא תואר,אחר,5,4,5
P007,experiment,0,OPT,2,heatmap,2,SCN_007_H,heatmap,easy,Route_B,Route_B,True,Route_B,True,True,22.45,16.9,9,-10,dont_know,Route_C,False,dont_know,Route_B | Route_C,False,-5,-4,6,-5,-5,4,1,1,3,5,4,6,4,3,4,4,6,model_A_M0,3,2,1,ג,18,female,Hebrew,ללא תואר,אחר,5,4,5
P007,experiment,0,OPT,2,heatmap,3,SCN_008_H,heatmap,hard,Route_A,Route_A,True,Route_A,True,True,37.96,16.05,10,2,dont_know,Route_A,False,dont_know,Route_C,False,-5,-4,6,-5,-5,4,1,1,3,5,4,6,4,3,4,4,6,model_A_M0,3,2,1,ג,18,female,Hebrew,ללא תואר,אחר,5,4,5
P007,experiment,0,OPT,2,heatmap,4,SCN_009_H,heatmap,easy,Route_C,Route_C,True,Route_C,True,True,24.77,13.04,6,3,dont_know,Route_C,False,dont_know,Route_A,False,-5,-4,6,-5,-5,4,1,1,3,5,4,6,4,3,4,4,6,model_A_M0,3,2,1,ג,18,female,Hebrew,ללא תואר,אחר,5,4,5
P007,experiment,1,SUB,0,radar,0,SCN_015_R,radar,easy,Route_C,Route_B,False,Route_C,False,True,42.38,26.86,8,-2,dont_know,Route_B,False,dont_know,Route_B,False,3,-2,7,-3,-3,3,1,1,3,1,3,3,3,3,4,4,4,model_A_M0,3,2,1,ג,18,female,Hebrew,ללא תואר,אחר,5,4,5
P007,experiment,1,SUB,0,radar,1,SCN_018_R,radar,hard,Route_C,Route_C,True,Route_A,False,False,32.55,11.84,10,-2,dont_know,Route_C,False,dont_know,Route_B,False,3,-2,7,-3,-3,3,1,1,3,1,3,3,3,3,4,4,4,model_A_M0,3,2,1,ג,18,female,Hebrew,ללא תואר,אחר,5,4,5
P007,experiment,1,SUB,0,radar,2,SCN_019_R,radar,easy,Route_A,Route_A,True,Route_C,False,False,30.13,26.02,10,-2,dont_know,Route_C,False,dont_know,Route_B | Route_C,False,3,-2,7,-3,-3,3,1,1,3,1,3,3,3,3,4,4,4,model_A_M0,3,2,1,ג,18,female,Hebrew,ללא תואר,אחר,5,4,5
P007,experiment,1,SUB,0,radar,3,SCN_020_R,radar,hard,Route_B,Route_C,False,Route_C,True,False,30.54,12.21,9,2,dont_know,Route_C,False,dont_know,Route_C,False,3,-2,7,-3,-3,3,1,1,3,1,3,3,3,3,4,4,4,model_A_M0,3,2,1,ג,18,female,Hebrew,ללא תואר,אחר,5,4,5
P007,experiment,1,SUB,1,heatmap,0,SCN_005_H,heatmap,easy,Route_C,Route_C,True,Route_C,True,True,35.85,10.27,9,2,dont_know,Route_A,False,dont_know,Route_B,False,-3,-2,5,-3,-3,3,1,1,3,1,3,3,3,3,4,4,4,model_A_M0,3,2,1,ג,18,female,Hebrew,ללא תואר,אחר,5,4,5
P007,experiment,1,SUB,1,heatmap,1,SCN_010_H,heatmap,hard,Route_C,Route_C,True,Route_C,True,True,19.88,14.26,9,-2,Route_B,Route_B,True,dont_know,Route_A | Route_B,False,-3,-2,5,-3,-3,3,1,1,3,1,3,3,3,3,4,4,4,model_A_M0,3,2,1,ג,18,female,Hebrew,ללא תואר,אחר,5,4,5
P007,experiment,1,SUB,1,heatmap,2,SCN_011_H,heatmap,easy,Route_B,Route_A,False,Route_B,False,True,19.29,9.67,9,-2,dont_know,Route_A,False,dont_know,Route_B,False,-3,-2,5,-3,-3,3,1,1,3,1,3,3,3,3,4,4,4,model_A_M0,3,2,1,ג,18,female,Hebrew,ללא תואר,אחר,5,4,5
P007,experiment,1,SUB,1,heatmap,3,SCN_013_H,heatmap,hard,Route_B,Route_C,False,Route_B,False,True,37.74,10.46,4,4,dont_know,Route_B,False,dont_know,Route_B | Route_C,False,-3,-2,5,-3,-3,3,1,1,3,1,3,3,3,3,4,4,4,model_A_M0,3,2,1,ג,18,female,Hebrew,ללא תואר,אחר,5,4,5
P007,experiment,1,SUB,2,stacked_bars,0,SCN_021_S,stacked_bars,easy,Route_C,Route_B,False,Route_B,True,False,57.52,11.0,7,5,dont_know,Route_B,False,dont_know,Route_A,False,-3,-2,7,-4,-4,3,1,1,3,1,3,3,3,3,4,4,4,model_A_M0,3,2,1,ג,18,female,Hebrew,ללא תואר,אחר,5,4,5
P007,experiment,1,SUB,2,stacked_bars,1,SCN_029_S,stacked_bars,hard,Route_B,Route_B,True,Route_A,False,False,22.84,10.8,7,-3,dont_know,Route_A | Route_C,False,dont_know,Route_C,False,-3,-2,7,-4,-4,3,1,1,3,1,3,3,3,3,4,4,4,model_A_M0,3,2,1,ג,18,female,Hebrew,ללא תואר,אחר,5,4,5
P007,experiment,1,SUB,2,stacked_bars,2,SCN_023_S,stacked_bars,easy,Route_B,Route_B,True,Route_C,False,False,46.0,7.87,2,-2,dont_know,Route_B,False,dont_know,Route_C,False,-3,-2,7,-4,-4,3,1,1,3,1,3,3,3,3,4,4,4,model_A_M0,3,2,1,ג,18,female,Hebrew,ללא תואר,אחר,5,4,5
P007,experiment,1,SUB,2,stacked_bars,3,SCN_022_S,stacked_bars,hard,Route_A,Route_B,False,Route_A,False,True,27.95,8.99,9,2,dont_know,Route_A,False,dont_know,Route_A,False,-3,-2,7,-4,-4,3,1,1,3,1,3,3,3,3,4,4,4,model_A_M0,3,2,1,ג,18,female,Hebrew,ללא תואר,אחר,5,4,5
P008,practice,,,,,0,SCN_001_S,stacked_bars,easy,Route_A,Route_A,True,Route_A,True,True,14.06,48.77,8,-9,dont_know,Route_C,False,dont_know,Route_A,False,,,,,,,,,,,,,,,,,,model_A_M0,1,2,3,ג,18,male,Hebrew,ללא תואר,אחר,4,3,4
P008,practice,,,,,1,SCN_031_S,stacked_bars,easy,Route_A,Route_A,True,Route_A,True,True,45.53,26.25,5,1,Route_B,Route_A | Route_B,True,Route_A,Route_B,False,,,,,,,,,,,,,,,,,,model_A_M0,1,2,3,ג,18,male,Hebrew,ללא תואר,אחר,4,3,4
P008,practice,,,,,2,SCN_002_R,radar,easy,Route_A,Route_A,True,Route_A,True,True,37.24,19.93,8,-5,dont_know,Route_C,False,dont_know,Route_B,False,,,,,,,,,,,,,,,,,,model_A_M0,1,2,3,ג,18,male,Hebrew,ללא תואר,אחר,4,3,4
P008,practice,,,,,3,SCN_032_R,radar,easy,Route_B,Route_B,True,Route_B,True,True,45.53,18.69,10,0,Route_A,Route_A,True,Route_B,Route_C,False,,,,,,,,,,,,,,,,,,model_A_M0,1,2,3,ג,18,male,Hebrew,ללא תואר,אחר,4,3,4
P008,practice,,,,,4,SCN_003_H,heatmap,easy,Route_B,Route_B,True,Route_B,True,True,38.93,19.96,10,-4,Route_B,Route_B,True,dont_know,Route_A,False,,,,,,,,,,,,,,,,,,model_A_M0,1,2,3,ג,18,male,Hebrew,ללא תואר,אחר,4,3,4
P008,practice,,,,,5,SCN_033_H,heatmap,easy,Route_C,Route_C,True,Route_B,False,False,41.88,39.82,10,-4,dont_know,Route_B,False,dont_know,Route_A,False,,,,,,,,,,,,,,,,,,model_A_M0,1,2,3,ג,18,male,Hebrew,ללא תואר,אחר,4,3,4
P008,experiment,0,SUB,0,heatmap,0,SCN_011_H,heatmap,easy,Route_B,Route_B,True,Route_B,True,True,40.12,27.33,10,-3,dont_know,Route_A,False,Route_B,Route_B,True,-4,2,5,-6,6,6,4,5,7,5,2,1,4,3,2,2,1,model_A_M0,1,2,3,ג,18,male,Hebrew,ללא תואר,אחר,4,3,4
P008,experiment,0,SUB,0,heatmap,1,SCN_010_H,heatmap,hard,Route_C,Route_C,True,Route_C,True,True,38.12,23.57,10,0,dont_know,Route_B,False,dont_know,Route_A | Route_B,False,-4,2,5,-6,6,6,4,5,7,5,2,1,4,3,2,2,1,model_A_M0,1,2,3,ג,18,male,Hebrew,ללא תואר,אחר,4,3,4
P008,experiment,0,SUB,0,heatmap,2,SCN_005_H,heatmap,easy,Route_C,Route_B,False,Route_C,False,True,48.32,20.59,10,0,Route_A,Route_A,True,Route_C,Route_B,False,-4,2,5,-6,6,6,4,5,7,5,2,1,4,3,2,2,1,model_A_M0,1,2,3,ג,18,male,Hebrew,ללא תואר,אחר,4,3,4
P008,experiment,0,SUB,0,heatmap,3,SCN_013_H,heatmap,hard,Route_B,Route_C,False,Route_B,False,True,48.01,33.58,10,0,Route_B,Route_B,True,Route_C,Route_B | Route_C,True,-4,2,5,-6,6,6,4,5,7,5,2,1,4,3,2,2,1,model_A_M0,1,2,3,ג,18,male,Hebrew,ללא תואר,אחר,4,3,4
P008,experiment,0,SUB,1,stacked_bars,0,SCN_023_S,stacked_bars,easy,Route_B,Route_A,False,Route_C,False,False,47.06,42.05,10,3,Route_B,Route_B,True,Route_B,Route_C,False,-6,-2,1,-3,4,6,4,5,7,5,2,1,4,3,2,2,1,model_A_M0,1,2,3,ג,18,male,Hebrew,ללא תואר,אחר,4,3,4
P008,experiment,0,SUB,1,stacked_bars,1,SCN_029_S,stacked_bars,hard,Route_B,Route_B,True,Route_A,False,False,48.05,34.28,5,2,Route_B,Route_A | Route_C,False,Route_C,Route_C,True,-6,-2,1,-3,4,6,4,5,7,5,2,1,4,3,2,2,1,model_A_M0,1,2,3,ג,18,male,Hebrew,ללא תואר,אחר,4,3,4
P008,experiment,0,SUB,1,stacked_bars,2,SCN_021_S,stacked_bars,easy,Route_C,Route_C,True,Route_B,False,False,41.03,21.22,6,3,Route_A,Route_B,False,Route_B,Route_A,False,-6,-2,1,-3,4,6,4,5,7,5,2,1,4,3,2,2,1,model_A_M0,1,2,3,ג,18,male,Hebrew,ללא תואר,אחר,4,3,4
P008,experiment,0,SUB,1,stacked_bars,3,SCN_022_S,stacked_bars,hard,Route_A,Route_B,False,Route_A,False,True,49.24,14.79,7,-1,Route_A,Route_A,True,dont_know,Route_A,False,-6,-2,1,-3,4,6,4,5,7,5,2,1,4,3,2,2,1,model_A_M0,1,2,3,ג,18,male,Hebrew,ללא תואר,אחר,4,3,4
P008,experiment,0,SUB,2,radar,0,SCN_019_R,radar,easy,Route_A,Route_A,True,Route_C,False,False,42.28,30.35,1,5,dont_know,Route_C,False,Route_C,Route_B | Route_C,True,-8,-1,3,-3,2,6,4,5,7,5,2,1,4,3,2,2,1,model_A_M0,1,2,3,ג,18,male,Hebrew,ללא תואר,אחר,4,3,4
P008,experiment,0,SUB,2,radar,1,SCN_018_R,radar,hard,Route_C,Route_A,False,Route_A,True,False,47.26,24.17,10,4,dont_know,Route_C,False,Route_B,Route_B,True,-8,-1,3,-3,2,6,4,5,7,5,2,1,4,3,2,2,1,model_A_M0,1,2,3,ג,18,male,Hebrew,ללא תואר,אחר,4,3,4
P008,experiment,0,SUB,2,radar,2,SCN_015_R,radar,easy,Route_C,Route_B,False,Route_C,False,True,40.86,16.15,6,2,dont_know,Route_B,False,Route_C,Route_B,False,-8,-1,3,-3,2,6,4,5,7,5,2,1,4,3,2,2,1,model_A_M0,1,2,3,ג,18,male,Hebrew,ללא תואר,אחר,4,3,4
P008,experiment,0,SUB,2,radar,3,SCN_020_R,radar,hard,Route_B,Route_B,True,Route_C,False,False,43.76,24.24,3,1,Route_A,Route_C,False,Route_C,Route_C,True,-8,-1,3,-3,2,6,4,5,7,5,2,1,4,3,2,2,1,model_A_M0,1,2,3,ג,18,male,Hebrew,ללא תואר,אחר,4,3,4
P008,experiment,1,OPT,0,radar,0,SCN_014_R,radar,easy,Route_A,Route_A,True,Route_A,True,True,45.3,19.29,2,3,Route_C,Route_B,False,Route_A,Route_A,True,-7,2,5,-6,-2,5,5,6,7,6,1,1,4,3,2,1,1,model_A_M0,1,2,3,ג,18,male,Hebrew,ללא תואר,אחר,4,3,4
P008,experiment,1,OPT,0,radar,1,SCN_012_R,radar,hard,Route_B,Route_B,True,Route_B,True,True,42.85,28.51,4,4,Route_B,Route_A | Route_B,True,Route_C,Route_A,False,-7,2,5,-6,-2,5,5,6,7,6,1,1,4,3,2,1,1,model_A_M0,1,2,3,ג,18,male,Hebrew,ללא תואר,אחר,4,3,4
P008,experiment,1,OPT,0,radar,2,SCN_025_R,radar,easy,Route_A,Route_A,True,Route_C,False,False,39.36,18.55,-1,5,Route_C,Route_C,True,Route_C,Route_C,True,-7,2,5,-6,-2,5,5,6,7,6,1,1,4,3,2,1,1,model_A_M0,1,2,3,ג,18,male,Hebrew,ללא תואר,אחר,4,3,4
P008,experiment,1,OPT,0,radar,3,SCN_016_R,radar,hard,Route_B,Route_B,True,Route_B,True,True,38.27,22.58,0,5,Route_B,Route_B | Route_C,True,dont_know,Route_A,False,-7,2,5,-6,-2,5,5,6,7,6,1,1,4,3,2,1,1,model_A_M0,1,2,3,ג,18,male,Hebrew,ללא תואר,אחר,4,3,4
P008,experiment,1,OPT,0,radar,4,SCN_017_R,radar,easy,Route_B,Route_A,False,Route_C,False,False,37.36,28.18,8,2,Route_B,Route_A,False,Route_C,Route_A | Route_B,False,-7,2,5,-6,-2,5,5,6,7,6,1,1,4,3,2,1,1,model_A_M0,1,2,3,ג,18,male,Hebrew,ללא תואר,אחר,4,3,4
P008,experiment,1,OPT,1,heatmap,0,SCN_004_H,heatmap,easy,Route_C,Route_C,True,Route_C,True,True,32.24,17.02,10,4,Route_C,Route_A | Route_B,False,dont_know,Route_A,False,-3,1,5,-5,-2,5,5,6,7,6,1,1,4,3,2,1,1,model_A_M0,1,2,3,ג,18,male,Hebrew,ללא תואר,אחר,4,3,4
P008,experiment,1,OPT,1,heatmap,1,SCN_008_H,heatmap,hard,Route_A,Route_A,True,Route_A,True,True,43.79,14.52,7,3,Route_A,Route_A,True,Route_A,Route_C,False,-3,1,5,-5,-2,5,5,6,7,6,1,1,4,3,2,1,1,model_A_M0,1,2,3,ג,18,male,Hebrew,ללא תואר,אחר,4,3,4
P008,experiment,1,OPT,1,heatmap,2,SCN_009_H,heatmap,easy,Route_C,Route_C,True,Route_C,True,True,50.12,22.85,4,2,Route_A,Route_C,False,Route_C,Route_A,False,-3,1,5,-5,-2,5,5,6,7,6,1,1,4,3,2,1,1,model_A_M0,1,2,3,ג,18,male,Hebrew,ללא תואר,אחר,4,3,4
P008,experiment,1,OPT,1,heatmap,3,SCN_006_H,heatmap,hard,Route_C,Route_C,True,Route_C,True,True,40.28,14.08,0,0,dont_know,Route_A | Route_C,False,Route_B,Route_A | Route_B,True,-3,1,5,-5,-2,5,5,6,7,6,1,1,4,3,2,1,1,model_A_M0,1,2,3,ג,18,male,Hebrew,ללא תואר,אחר,4,3,4
P008,experiment,1,OPT,1,heatmap,4,SCN_007_H,heatmap,easy,Route_B,Route_C,False,Route_A,False,False,23.52,11.19,10,7,dont_know,Route_C,False,dont_know,Route_B | Route_C,False,-3,1,5,-5,-2,5,5,6,7,6,1,1,4,3,2,1,1,model_A_M0,1,2,3,ג,18,male,Hebrew,ללא תואר,אחר,4,3,4
P008,experiment,1,OPT,2,stacked_bars,0,SCN_026_S,stacked_bars,hard,Route_B,Route_B,True,Route_C,False,False,44.34,17.67,6,1,Route_B,Route_B,True,Route_B,Route_C,False,-5,-2,3,-6,0,5,5,6,7,6,1,1,4,3,2,1,1,model_A_M0,1,2,3,ג,18,male,Hebrew,ללא תואר,אחר,4,3,4
P008,experiment,1,OPT,2,stacked_bars,1,SCN_027_S,stacked_bars,easy,Route_C,Route_C,True,Route_B,False,False,33.22,26.93,9,3,Route_B,Route_C,False,dont_know,Route_B,False,-5,-2,3,-6,0,5,5,6,7,6,1,1,4,3,2,1,1,model_A_M0,1,2,3,ג,18,male,Hebrew,ללא תואר,אחר,4,3,4
P008,experiment,1,OPT,2,stacked_bars,2,SCN_024_S,stacked_bars,hard,Route_C,Route_C,True,Route_B,False,False,41.44,10.3,0,0,dont_know,Route_B,False,Route_A,Route_A | Route_B,True,-5,-2,3,-6,0,5,5,6,7,6,1,1,4,3,2,1,1,model_A_M0,1,2,3,ג,18,male,Hebrew,ללא תואר,אחר,4,3,4
P008,experiment,1,OPT,2,stacked_bars,3,SCN_030_S,stacked_bars,easy,Route_C,Route_A,False,Route_A,True,False,30.88,12.21,-1,6,dont_know,Route_B | Route_C,False,Route_B,Route_B | Route_C,True,-5,-2,3,-6,0,5,5,6,7,6,1,1,4,3,2,1,1,model_A_M0,1,2,3,ג,18,male,Hebrew,ללא תואר,אחר,4,3,4
P008,experiment,1,OPT,2,stacked_bars,4,SCN_028_S,stacked_bars,hard,Route_A,Route_A,True,Route_C,False,False,38.38,12.87,2,1,Route_B,Route_A | Route_C,False,dont_know,Route_A,False,-5,-2,3,-6,0,5,5,6,7,6,1,1,4,3,2,1,1,model_A_M0,1,2,3,ג,18,male,Hebrew,ללא תואר,אחר,4,3,4
P009,practice,,,,,0,SCN_001_S,stacked_bars,easy,Route_A,Route_A,True,Route_A,True,True,31.4,52.32,10,0,dont_know,Route_C,False,dont_know,Route_A,False,,,,,,,,,,,,,,,,,,model_A_M0,2,3,1,ג,18,male,Hebrew,ללא תואר,אחר,6,2,3
P009,practice,,,,,1,SCN_031_S,stacked_bars,easy,Route_A,Route_A,True,Route_B,False,False,42.55,46.13,9,2,dont_know,Route_A | Route_B,False,dont_know,Route_B,False,,,,,,,,,,,,,,,,,,model_A_M0,2,3,1,ג,18,male,Hebrew,ללא תואר,אחר,6,2,3
P009,practice,,,,,2,SCN_002_R,radar,easy,Route_A,Route_A,True,Route_A,True,True,69.24,28.91,10,2,dont_know,Route_C,False,Route_B,Route_B,True,,,,,,,,,,,,,,,,,,model_A_M0,2,3,1,ג,18,male,Hebrew,ללא תואר,אחר,6,2,3
P009,practice,,,,,3,SCN_032_R,radar,easy,Route_B,Route_B,True,Route_B,True,True,69.14,18.26,-2,3,dont_know,Route_A,False,dont_know,Route_C,False,,,,,,,,,,,,,,,,,,model_A_M0,2,3,1,ג,18,male,Hebrew,ללא תואר,אחר,6,2,3
P009,practice,,,,,4,SCN_003_H,heatmap,easy,Route_B,Route_B,True,Route_B,True,True,62.72,19.88,4,6,dont_know,Route_B,False,dont_know,Route_A,False,,,,,,,,,,,,,,,,,,model_A_M0,2,3,1,ג,18,male,Hebrew,ללא תואר,אחר,6,2,3
P009,practice,,,,,5,SCN_033_H,heatmap,easy,Route_C,Route_C,True,Route_B,False,False,50.21,13.91,6,7,dont_know,Route_B,False,dont_know,Route_A,False,,,,,,,,,,,,,,,,,,model_A_M0,2,3,1,ג,18,male,Hebrew,ללא תואר,אחר,6,2,3
P009,experiment,0,OPT,0,heatmap,0,SCN_009_H,heatmap,easy,Route_C,Route_C,True,Route_C,True,True,35.08,17.75,10,2,dont_know,Route_C,False,dont_know,Route_A,False,-1,0,-9,-3,4,5,1,1,1,1,7,7,7,4,6,4,6,model_A_M0,2,3,1,ג,18,male,Hebrew,ללא תואר,אחר,6,2,3
P009,experiment,0,OPT,0,heatmap,1,SCN_006_H,heatmap,hard,Route_C,Route_C,True,Route_C,True,True,63.11,50.64,10,2,dont_know,Route_A | Route_C,False,dont_know,Route_A | Route_B,False,-1,0,-9,-3,4,5,1,1,1,1,7,7,7,4,6,4,6,model_A_M0,2,3,1,ג,18,male,Hebrew,ללא תואר,אחר,6,2,3
P009,experiment,0,OPT,0,heatmap,2,SCN_004_H,heatmap,easy,Route_C,Route_C,True,Route_B,False,False,66.04,34.24,9,10,dont_know,Route_A | Route_B,False,dont_know,Route_A,False,-1,0,-9,-3,4,5,1,1,1,1,7,7,7,4,6,4,6,model_A_M0,2,3,1,ג,18,male,Hebrew,ללא תואר,אחר,6,2,3
P009,experiment,0,OPT,0,heatmap,3,SCN_008_H,heatmap,hard,Route_A,Route_C,False,Route_A,False,True,44.04,16.93,10,2,dont_know,Route_A,False,dont_know,Route_C,False,-1,0,-9,-3,4,5,1,1,1,1,7,7,7,4,6,4,6,model_A_M0,2,3,1,ג,18,male,Hebrew,ללא תואר,אחר,6,2,3
P009,experiment,0,OPT,0,heatmap,4,SCN_007_H,heatmap,easy,Route_B,Route_B,True,Route_B,True,True,57.57,23.48,10,5,dont_know,Route_C,False,dont_know,Route_B | Route_C,False,-1,0,-9,-3,4,5,1,1,1,1,7,7,7,4,6,4,6,model_A_M0,2,3,1,ג,18,male,Hebrew,ללא תואר,אחר,6,2,3
P009,experiment,0,OPT,1,stacked_bars,0,SCN_026_S,stacked_bars,hard,Route_B,Route_B,True,Route_C,False,False,47.13,40.68,-1,1,Route_B,Route_B,True,dont_know,Route_C,False,-10,0,-8,-10,2,5,1,1,1,1,7,7,7,4,6,4,6,model_A_M0,2,3,1,ג,18,male,Hebrew,ללא תואר,אחר,6,2,3
P009,experiment,0,OPT,1,stacked_bars,1,SCN_027_S,stacked_bars,easy,Route_C,Route_C,True,Route_B,False,False,34.76,20.53,10,1,dont_know,Route_C,False,dont_know,Route_B,False,-10,0,-8,-10,2,5,1,1,1,1,7,7,7,4,6,4,6,model_A_M0,2,3,1,ג,18,male,Hebrew,ללא תואר,אחר,6,2,3
P009,experiment,0,OPT,1,stacked_bars,2,SCN_028_S,stacked_bars,hard,Route_A,Route_A,True,Route_C,False,False,64.21,17.51,10,4,dont_know,Route_A | Route_C,False,dont_know,Route_A,False,-10,0,-8,-10,2,5,1,1,1,1,7,7,7,4,6,4,6,model_A_M0,2,3,1,ג,18,male,Hebrew,ללא תואר,אחר,6,2,3
P009,experiment,0,OPT,1,stacked_bars,3,SCN_030_S,stacked_bars,easy,Route_C,Route_C,True,Route_A,False,False,40.61,14.09,10,4,dont_know,Route_B | Route_C,False,dont_know,Route_B | Route_C,False,-10,0,-8,-10,2,5,1,1,1,1,7,7,7,4,6,4,6,model_A_M0,2,3,1,ג,18,male,Hebrew,ללא תואר,אחר,6,2,3
P009,experiment,0,OPT,1,stacked_bars,4,SCN_024_S,stacked_bars,hard,Route_C,Route_A,False,Route_B,False,False,30.35,9.56,10,1,dont_know,Route_B,False,dont_know,Route_A | Route_B,False,-10,0,-8,-10,2,5,1,1,1,1,7,7,7,4,6,4,6,model_A_M0,2,3,1,ג,18,male,Hebrew,ללא תואר,אחר,6,2,3
P009,experiment,0,OPT,2,radar,0,SCN_014_R,radar,easy,Route_A,Route_A,True,Route_A,True,True,28.3,32.87,1,1,dont_know,Route_B,False,Route_A,Route_A,True,0,0,-2,-7,2,5,1,1,1,1,7,7,7,4,6,4,6,model_A_M0,2,3,1,ג,18,male,Hebrew,ללא תואר,אחר,6,2,3
P009,experiment,0,OPT,2,radar,1,SCN_016_R,radar,hard,Route_B,Route_B,True,Route_B,True,True,39.61,27.43,3,-1,dont_know,Route_B | Route_C,False,Route_C,Route_A,False,0,0,-2,-7,2,5,1,1,1,1,7,7,7,4,6,4,6,model_A_M0,2,3,1,ג,18,male,Hebrew,ללא תואר,אחר,6,2,3
P009,experiment,0,OPT,2,radar,2,SCN_025_R,radar,easy,Route_A,Route_C,False,Route_C,True,False,58.57,23.53,0,2,dont_know,Route_C,False,dont_know,Route_C,False,0,0,-2,-7,2,5,1,1,1,1,7,7,7,4,6,4,6,model_A_M0,2,3,1,ג,18,male,Hebrew,ללא תואר,אחר,6,2,3
P009,experiment,0,OPT,2,radar,3,SCN_012_R,radar,hard,Route_B,Route_B,True,Route_B,True,True,51.85,10.11,10,3,dont_know,Route_A | Route_B,False,dont_know,Route_A,False,0,0,-2,-7,2,5,1,1,1,1,7,7,7,4,6,4,6,model_A_M0,2,3,1,ג,18,male,Hebrew,ללא תואר,אחר,6,2,3
P009,experiment,0,OPT,2,radar,4,SCN_017_R,radar,easy,Route_B,Route_B,True,Route_C,False,False,54.0,27.89,-1,1,dont_know,Route_A,False,dont_know,Route_A | Route_B,False,0,0,-2,-7,2,5,1,1,1,1,7,7,7,4,6,4,6,model_A_M0,2,3,1,ג,18,male,Hebrew,ללא תואר,אחר,6,2,3
P009,experiment,1,SUB,0,stacked_bars,0,SCN_023_S,stacked_bars,easy,Route_B,Route_A,False,Route_C,False,False,31.3,30.51,2,2,dont_know,Route_B,False,dont_know,Route_C,False,0,-1,-4,-4,3,4,1,4,2,1,4,3,3,4,4,5,2,model_A_M0,2,3,1,ג,18,male,Hebrew,ללא תואר,אחר,6,2,3
P009,experiment,1,SUB,0,stacked_bars,1,SCN_022_S,stacked_bars,hard,Route_A,Route_A,True,Route_A,True,True,49.41,13.21,-5,4,dont_know,Route_A,False,dont_know,Route_A,False,0,-1,-4,-4,3,4,1,4,2,1,4,3,3,4,4,5,2,model_A_M0,2,3,1,ג,18,male,Hebrew,ללא תואר,אחר,6,2,3
P009,experiment,1,SUB,0,stacked_bars,2,SCN_021_S,stacked_bars,easy,Route_C,Route_C,True,Route_B,False,False,74.8,18.05,-6,10,dont_know,Route_B,False,dont_know,Route_A,False,0,-1,-4,-4,3,4,1,4,2,1,4,3,3,4,4,5,2,model_A_M0,2,3,1,ג,18,male,Hebrew,ללא תואר,אחר,6,2,3
P009,experiment,1,SUB,0,stacked_bars,3,SCN_029_S,stacked_bars,hard,Route_B,Route_A,False,Route_A,True,False,35.87,18.42,5,-2,dont_know,Route_A | Route_C,False,dont_know,Route_C,False,0,-1,-4,-4,3,4,1,4,2,1,4,3,3,4,4,5,2,model_A_M0,2,3,1,ג,18,male,Hebrew,ללא תואר,אחר,6,2,3
P009,experiment,1,SUB,1,radar,0,SCN_015_R,radar,easy,Route_C,Route_C,True,Route_C,True,True,17.84,16.08,6,-3,dont_know,Route_B,False,dont_know,Route_B,False,0,-1,-3,-5,2,4,1,4,2,1,4,3,3,4,4,5,2,model_A_M0,2,3,1,ג,18,male,Hebrew,ללא תואר,אחר,6,2,3
P009,experiment,1,SUB,1,radar,1,SCN_020_R,radar,hard,Route_B,Route_B,True,Route_C,False,False,40.11,15.53,10,1,dont_know,Route_C,False,dont_know,Route_C,False,0,-1,-3,-5,2,4,1,4,2,1,4,3,3,4,4,5,2,model_A_M0,2,3,1,ג,18,male,Hebrew,ללא תואר,אחר,6,2,3
P009,experiment,1,SUB,1,radar,2,SCN_019_R,radar,easy,Route_A,Route_C,False,Route_C,True,False,49.0,17.05,3,0,dont_know,Route_C,False,Route_C,Route_B | Route_C,True,0,-1,-3,-5,2,4,1,4,2,1,4,3,3,4,4,5,2,model_A_M0,2,3,1,ג,18,male,Hebrew,ללא תואר,אחר,6,2,3
P009,experiment,1,SUB,1,radar,3,SCN_018_R,radar,hard,Route_C,Route_A,False,Route_A,True,False,35.36,32.74,3,1,dont_know,Route_C,False,dont_know,Route_B,False,0,-1,-3,-5,2,4,1,4,2,1,4,3,3,4,4,5,2,model_A_M0,2,3,1,ג,18,male,Hebrew,ללא תואר,אחר,6,2,3
P009,experiment,1,SUB,2,heatmap,0,SCN_011_H,heatmap,easy,Route_B,Route_B,True,Route_B,True,True,28.47,10.49,10,-1,dont_know,Route_A,False,dont_know,Route_B,False,0,-1,-3,-5,1,4,1,4,2,1,4,3,3,4,4,5,2,model_A_M0,2,3,1,ג,18,male,Hebrew,ללא תואר,אחר,6,2,3
P009,experiment,1,SUB,2,heatmap,1,SCN_013_H,heatmap,hard,Route_B,Route_B,True,Route_B,True,True,31.82,10.63,10,0,dont_know,Route_B,False,dont_know,Route_B | Route_C,False,0,-1,-3,-5,1,4,1,4,2,1,4,3,3,4,4,5,2,model_A_M0,2,3,1,ג,18,male,Hebrew,ללא תואר,אחר,6,2,3
P009,experiment,1,SUB,2,heatmap,2,SCN_005_H,heatmap,easy,Route_C,Route_B,False,Route_C,False,True,49.62,12.16,9,1,dont_know,Route_A,False,dont_know,Route_B,False,0,-1,-3,-5,1,4,1,4,2,1,4,3,3,4,4,5,2,model_A_M0,2,3,1,ג,18,male,Hebrew,ללא תואר,אחר,6,2,3
P009,experiment,1,SUB,2,heatmap,3,SCN_010_H,heatmap,hard,Route_C,Route_B,False,Route_C,False,True,31.34,25.96,10,2,Route_B,Route_B,True,dont_know,Route_A | Route_B,False,0,-1,-3,-5,1,4,1,4,2,1,4,3,3,4,4,5,2,model_A_M0,2,3,1,ג,18,male,Hebrew,ללא תואר,אחר,6,2,3
P010,practice,,,,,0,SCN_001_S,stacked_bars,easy,Route_A,Route_A,True,Route_A,True,True,27.47,66.97,10,-10,dont_know,Route_C,False,dont_know,Route_A,False,,,,,,,,,,,,,,,,,,model_A_M0,3,2,1,ג,23,male,Arabic,bachelor,מדעי המחשב / הנדסה / דאטה,6,7,6
P010,practice,,,,,1,SCN_031_S,stacked_bars,easy,Route_A,Route_A,True,Route_A,True,True,134.66,34.77,1,10,Route_B,Route_A | Route_B,True,Route_C,Route_B,False,,,,,,,,,,,,,,,,,,model_A_M0,3,2,1,ג,23,male,Arabic,bachelor,מדעי המחשב / הנדסה / דאטה,6,7,6
P010,practice,,,,,2,SCN_002_R,radar,easy,Route_A,Route_A,True,Route_A,True,True,75.59,34.95,10,2,Route_A,Route_C,False,Route_A,Route_B,False,,,,,,,,,,,,,,,,,,model_A_M0,3,2,1,ג,23,male,Arabic,bachelor,מדעי המחשב / הנדסה / דאטה,6,7,6
P010,practice,,,,,3,SCN_032_R,radar,easy,Route_B,Route_B,True,Route_B,True,True,122.53,26.92,10,1,Route_A,Route_A,True,Route_C,Route_C,True,,,,,,,,,,,,,,,,,,model_A_M0,3,2,1,ג,23,male,Arabic,bachelor,מדעי המחשב / הנדסה / דאטה,6,7,6
P010,practice,,,,,4,SCN_003_H,heatmap,easy,Route_B,Route_B,True,Route_B,True,True,56.87,18.02,10,-10,dont_know,Route_B,False,dont_know,Route_A,False,,,,,,,,,,,,,,,,,,model_A_M0,3,2,1,ג,23,male,Arabic,bachelor,מדעי המחשב / הנדסה / דאטה,6,7,6
P010,practice,,,,,5,SCN_033_H,heatmap,easy,Route_C,Route_C,True,Route_B,False,False,73.06,28.12,10,0,Route_B,Route_B,True,dont_know,Route_A,False,,,,,,,,,,,,,,,,,,model_A_M0,3,2,1,ג,23,male,Arabic,bachelor,מדעי המחשב / הנדסה / דאטה,6,7,6
P010,experiment,0,SUB,0,radar,0,SCN_015_R,radar,easy,Route_C,Route_C,True,Route_C,True,True,128.83,39.0,10,-1,Route_A,Route_B,False,Route_C,Route_B,False,-3,2,-3,-2,-2,3,4,3,3,2,5,6,5,6,6,6,6,model_A_M0,3,2,1,ג,23,male,Arabic,bachelor,מדעי המחשב / הנדסה / דאטה,6,7,6
P010,experiment,0,SUB,0,radar,1,SCN_020_R,radar,hard,Route_B,Route_C,False,Route_C,True,False,80.91,36.09,10,1,dont_know,Route_C,False,Route_C,Route_C,True,-3,2,-3,-2,-2,3,4,3,3,2,5,6,5,6,6,6,6,model_A_M0,3,2,1,ג,23,male,Arabic,bachelor,מדעי המחשב / הנדסה / דאטה,6,7,6
P010,experiment,0,SUB,0,radar,2,SCN_019_R,radar,easy,Route_A,Route_C,False,Route_C,True,False,54.8,18.12,10,-3,Route_C,Route_C,True,Route_C,Route_B | Route_C,True,-3,2,-3,-2,-2,3,4,3,3,2,5,6,5,6,6,6,6,model_A_M0,3,2,1,ג,23,male,Arabic,bachelor,מדעי המחשב / הנדסה / דאטה,6,7,6
P010,experiment,0,SUB,0,radar,3,SCN_018_R,radar,hard,Route_C,Route_C,True,Route_A,False,False,91.42,22.49,8,-4,Route_C,Route_C,True,Route_C,Route_B,False,-3,2,-3,-2,-2,3,4,3,3,2,5,6,5,6,6,6,6,model_A_M0,3,2,1,ג,23,male,Arabic,bachelor,מדעי המחשב / הנדסה / דאטה,6,7,6
P010,experiment,0,SUB,1,heatmap,0,SCN_011_H,heatmap,easy,Route_B,Route_A,False,Route_C,False,False,82.48,17.0,7,-3,Route_C,Route_A,False,Route_B,Route_B,True,1,0,1,2,2,3,4,3,3,2,5,6,5,6,6,6,6,model_A_M0,3,2,1,ג,23,male,Arabic,bachelor,מדעי המחשב / הנדסה / דאטה,6,7,6
P010,experiment,0,SUB,1,heatmap,1,SCN_013_H,heatmap,hard,Route_B,Route_B,True,Route_B,True,True,80.25,17.1,8,3,Route_B,Route_B,True,Route_B,Route_B | Route_C,True,1,0,1,2,2,3,4,3,3,2,5,6,5,6,6,6,6,model_A_M0,3,2,1,ג,23,male,Arabic,bachelor,מדעי המחשב / הנדסה / דאטה,6,7,6
P010,experiment,0,SUB,1,heatmap,2,SCN_005_H,heatmap,easy,Route_C,Route_C,True,Route_C,True,True,103.34,14.32,9,2,dont_know,Route_A,False,dont_know,Route_B,False,1,0,1,2,2,3,4,3,3,2,5,6,5,6,6,6,6,model_A_M0,3,2,1,ג,23,male,Arabic,bachelor,מדעי המחשב / הנדסה / דאטה,6,7,6
P010,experiment,0,SUB,1,heatmap,3,SCN_010_H,heatmap,hard,Route_C,Route_B,False,Route_C,False,True,89.17,16.53,10,1,Route_B,Route_B,True,dont_know,Route_A | Route_B,False,1,0,1,2,2,3,4,3,3,2,5,6,5,6,6,6,6,model_A_M0,3,2,1,ג,23,male,Arabic,bachelor,מדעי המחשב / הנדסה / דאטה,6,7,6
P010,experiment,0,SUB,2,stacked_bars,0,SCN_021_S,stacked_bars,easy,Route_C,Route_B,False,Route_B,True,False,44.33,15.67,10,-10,Route_B,Route_B,True,dont_know,Route_A,False,2,1,5,2,3,3,4,3,3,2,5,6,5,6,6,6,6,model_A_M0,3,2,1,ג,23,male,Arabic,bachelor,מדעי המחשב / הנדסה / דאטה,6,7,6
P010,experiment,0,SUB,2,stacked_bars,1,SCN_022_S,stacked_bars,hard,Route_A,Route_A,True,Route_A,True,True,45.22,12.39,9,-3,dont_know,Route_A,False,dont_know,Route_A,False,2,1,5,2,3,3,4,3,3,2,5,6,5,6,6,6,6,model_A_M0,3,2,1,ג,23,male,Arabic,bachelor,מדעי המחשב / הנדסה / דאטה,6,7,6
P010,experiment,0,SUB,2,stacked_bars,2,SCN_023_S,stacked_bars,easy,Route_B,Route_B,True,Route_C,False,False,41.68,14.09,10,2,dont_know,Route_B,False,dont_know,Route_C,False,2,1,5,2,3,3,4,3,3,2,5,6,5,6,6,6,6,model_A_M0,3,2,1,ג,23,male,Arabic,bachelor,מדעי המחשב / הנדסה / דאטה,6,7,6
P010,experiment,0,SUB,2,stacked_bars,3,SCN_029_S,stacked_bars,hard,Route_B,Route_A,False,Route_A,True,False,28.27,15.27,10,-7,dont_know,Route_A | Route_C,False,Route_A,Route_C,False,2,1,5,2,3,3,4,3,3,2,5,6,5,6,6,6,6,model_A_M0,3,2,1,ג,23,male,Arabic,bachelor,מדעי המחשב / הנדסה / דאטה,6,7,6
P010,experiment,1,OPT,0,stacked_bars,0,SCN_028_S,stacked_bars,hard,Route_A,Route_A,True,Route_C,False,False,62.2,25.44,7,3,Route_B,Route_A | Route_C,False,Route_B,Route_A,False,-2,-2,8,-3,-3,5,4,5,5,2,3,3,3,2,2,3,5,model_A_M0,3,2,1,ג,23,male,Arabic,bachelor,מדעי המחשב / הנדסה / דאטה,6,7,6
P010,experiment,1,OPT,0,stacked_bars,1,SCN_027_S,stacked_bars,easy,Route_C,Route_C,True,Route_B,False,False,53.08,18.28,10,2,dont_know,Route_C,False,dont_know,Route_B,False,-2,-2,8,-3,-3,5,4,5,5,2,3,3,3,2,2,3,5,model_A_M0,3,2,1,ג,23,male,Arabic,bachelor,מדעי המחשב / הנדסה / דאטה,6,7,6
P010,experiment,1,OPT,0,stacked_bars,2,SCN_026_S,stacked_bars,hard,Route_B,Route_C,False,Route_C,True,False,38.31,16.9,10,-3,Route_C,Route_B,False,Route_C,Route_C,True,-2,-2,8,-3,-3,5,4,5,5,2,3,3,3,2,2,3,5,model_A_M0,3,2,1,ג,23,male,Arabic,bachelor,מדעי המחשב / הנדסה / דאטה,6,7,6
P010,experiment,1,OPT,0,stacked_bars,3,SCN_030_S,stacked_bars,easy,Route_C,Route_C,True,Route_A,False,False,56.49,21.62,10,2,Route_B,Route_B | Route_C,True,dont_know,Route_B | Route_C,False,-2,-2,8,-3,-3,5,4,5,5,2,3,3,3,2,2,3,5,model_A_M0,3,2,1,ג,23,male,Arabic,bachelor,מדעי המחשב / הנדסה / דאטה,6,7,6
P010,experiment,1,OPT,0,stacked_bars,4,SCN_024_S,stacked_bars,hard,Route_C,Route_C,True,Route_B,False,False,77.16,19.2,10,2,Route_B,Route_B,True,Route_C,Route_A | Route_B,False,-2,-2,8,-3,-3,5,4,5,5,2,3,3,3,2,2,3,5,model_A_M0,3,2,1,ג,23,male,Arabic,bachelor,מדעי המחשב / הנדסה / דאטה,6,7,6
P010,experiment,1,OPT,1,radar,0,SCN_014_R,radar,easy,Route_A,Route_A,True,Route_A,True,True,41.35,24.39,10,-5,dont_know,Route_B,False,Route_A,Route_A,True,-2,-3,7,-3,0,5,4,5,5,2,3,3,3,2,2,3,5,model_A_M0,3,2,1,ג,23,male,Arabic,bachelor,מדעי המחשב / הנדסה / דאטה,6,7,6
P010,experiment,1,OPT,1,radar,1,SCN_016_R,radar,hard,Route_B,Route_B,True,Route_B,True,True,62.01,19.16,10,-3,dont_know,Route_B | Route_C,False,Route_B,Route_A,False,-2,-3,7,-3,0,5,4,5,5,2,3,3,3,2,2,3,5,model_A_M0,3,2,1,ג,23,male,Arabic,bachelor,מדעי המחשב / הנדסה / דאטה,6,7,6
P010,experiment,1,OPT,1,radar,2,SCN_017_R,radar,easy,Route_B,Route_B,True,Route_A,False,False,77.17,16.43,1,4,dont_know,Route_A,False,dont_know,Route_A | Route_B,False,-2,-3,7,-3,0,5,4,5,5,2,3,3,3,2,2,3,5,model_A_M0,3,2,1,ג,23,male,Arabic,bachelor,מדעי המחשב / הנדסה / דאטה,6,7,6
P010,experiment,1,OPT,1,radar,3,SCN_012_R,radar,hard,Route_B,Route_C,False,Route_B,False,True,72.67,16.65,10,2,Route_B,Route_A | Route_B,True,dont_know,Route_A,False,-2,-3,7,-3,0,5,4,5,5,2,3,3,3,2,2,3,5,model_A_M0,3,2,1,ג,23,male,Arabic,bachelor,מדעי המחשב / הנדסה / דאטה,6,7,6
P010,experiment,1,OPT,1,radar,4,SCN_025_R,radar,easy,Route_A,Route_A,True,Route_C,False,False,49.62,12.45,10,4,dont_know,Route_C,False,Route_B,Route_C,False,-2,-3,7,-3,0,5,4,5,5,2,3,3,3,2,2,3,5,model_A_M0,3,2,1,ג,23,male,Arabic,bachelor,מדעי המחשב / הנדסה / דאטה,6,7,6
P010,experiment,1,OPT,2,heatmap,0,SCN_009_H,heatmap,easy,Route_C,Route_B,False,Route_C,False,True,43.93,11.6,10,1,dont_know,Route_C,False,dont_know,Route_A,False,0,0,9,3,2,5,4,5,5,2,3,3,3,2,2,3,5,model_A_M0,3,2,1,ג,23,male,Arabic,bachelor,מדעי המחשב / הנדסה / דאטה,6,7,6
P010,experiment,1,OPT,2,heatmap,1,SCN_008_H,heatmap,hard,Route_A,Route_A,True,Route_A,True,True,65.97,11.22,10,1,Route_A,Route_A,True,Route_B,Route_C,False,0,0,9,3,2,5,4,5,5,2,3,3,3,2,2,3,5,model_A_M0,3,2,1,ג,23,male,Arabic,bachelor,מדעי המחשב / הנדסה / דאטה,6,7,6
P010,experiment,1,OPT,2,heatmap,2,SCN_004_H,heatmap,easy,Route_C,Route_C,True,Route_C,True,True,37.61,29.89,10,-2,dont_know,Route_A | Route_B,False,Route_A,Route_A,True,0,0,9,3,2,5,4,5,5,2,3,3,3,2,2,3,5,model_A_M0,3,2,1,ג,23,male,Arabic,bachelor,מדעי המחשב / הנדסה / דאטה,6,7,6
P010,experiment,1,OPT,2,heatmap,3,SCN_006_H,heatmap,hard,Route_C,Route_C,True,Route_C,True,True,85.69,21.22,6,2,dont_know,Route_A | Route_C,False,Route_A,Route_A | Route_B,True,0,0,9,3,2,5,4,5,5,2,3,3,3,2,2,3,5,model_A_M0,3,2,1,ג,23,male,Arabic,bachelor,מדעי המחשב / הנדסה / דאטה,6,7,6
P010,experiment,1,OPT,2,heatmap,4,SCN_007_H,heatmap,easy,Route_B,Route_B,True,Route_B,True,True,88.15,33.98,6,2,Route_C,Route_C,True,Route_B,Route_B | Route_C,True,0,0,9,3,2,5,4,5,5,2,3,3,3,2,2,3,5,model_A_M0,3,2,1,ג,23,male,Arabic,bachelor,מדעי המחשב / הנדסה / דאטה,6,7,6
P011,practice,,,,,0,SCN_001_S,stacked_bars,easy,Route_A,Route_A,True,Route_B,False,False,44.33,69.1,6,3,Route_B,Route_C,False,dont_know,Route_A,False,,,,,,,,,,,,,,,,,,model_B_M1,3,2,1,ג,23,female,Arabic,bachelor,מדעי המחשב / הנדסה / דאטה,5,6,5
P011,practice,,,,,1,SCN_031_S,stacked_bars,easy,Route_A,Route_A,True,Route_B,False,False,40.14,32.77,8,5,Route_B,Route_A | Route_B,True,Route_B,Route_B,True,,,,,,,,,,,,,,,,,,model_B_M1,3,2,1,ג,23,female,Arabic,bachelor,מדעי המחשב / הנדסה / דאטה,5,6,5
P011,practice,,,,,2,SCN_002_R,radar,easy,Route_A,Route_A,True,Route_B,False,False,29.51,14.64,3,2,dont_know,Route_C,False,dont_know,Route_B,False,,,,,,,,,,,,,,,,,,model_B_M1,3,2,1,ג,23,female,Arabic,bachelor,מדעי המחשב / הנדסה / דאטה,5,6,5
P011,practice,,,,,3,SCN_032_R,radar,easy,Route_B,Route_B,True,Route_B,True,True,34.0,26.1,2,4,dont_know,Route_A,False,dont_know,Route_C,False,,,,,,,,,,,,,,,,,,model_B_M1,3,2,1,ג,23,female,Arabic,bachelor,מדעי המחשב / הנדסה / דאטה,5,6,5
P011,practice,,,,,4,SCN_003_H,heatmap,easy,Route_B,Route_B,True,Route_B,True,True,27.76,28.73,6,3,Route_B,Route_B,True,dont_know,Route_A,False,,,,,,,,,,,,,,,,,,model_B_M1,3,2,1,ג,23,female,Arabic,bachelor,מדעי המחשב / הנדסה / דאטה,5,6,5
P011,practice,,,,,5,SCN_033_H,heatmap,easy,Route_C,Route_C,True,Route_B,False,False,24.84,23.96,9,4,Route_B,Route_B,True,Route_C,Route_A,False,,,,,,,,,,,,,,,,,,model_B_M1,3,2,1,ג,23,female,Arabic,bachelor,מדעי המחשב / הנדסה / דאטה,5,6,5
P011,experiment,0,OPT,0,radar,0,SCN_024_R,radar,hard,Route_C,Route_C,True,Route_B,False,False,26.4,55.47,3,4,dont_know,Route_B,False,dont_know,Route_A | Route_B,False,-6,-8,6,-4,-1,6,4,5,6,4,2,1,2,1,1,1,1,model_B_M1,3,2,1,ג,23,female,Arabic,bachelor,מדעי המחשב / הנדסה / דאטה,5,6,5
P011,experiment,0,OPT,0,radar,1,SCN_030_R,radar,easy,Route_C,Route_C,True,Route_A,False,False,41.69,31.13,7,5,Route_C,Route_B | Route_C,True,Route_B,Route_B | Route_C,True,-6,-8,6,-4,-1,6,4,5,6,4,2,1,2,1,1,1,1,model_B_M1,3,2,1,ג,23,female,Arabic,bachelor,מדעי המחשב / הנדסה / דאטה,5,6,5
P011,experiment,0,OPT,0,radar,2,SCN_026_R,radar,hard,Route_B,Route_B,True,Route_C,False,False,41.59,66.82,6,5,Route_B,Route_B,True,Route_A,Route_C,False,-6,-8,6,-4,-1,6,4,5,6,4,2,1,2,1,1,1,1,model_B_M1,3,2,1,ג,23,female,Arabic,bachelor,מדעי המחשב / הנדסה / דאטה,5,6,5
P011,experiment,0,OPT,0,radar,3,SCN_027_R,radar,easy,Route_C,Route_B,False,Route_B,True,False,35.33,23.64,5,5,Route_B,Route_C,False,dont_know,Route_B,False,-6,-8,6,-4,-1,6,4,5,6,4,2,1,2,1,1,1,1,model_B_M1,3,2,1,ג,23,female,Arabic,bachelor,מדעי המחשב / הנדסה / דאטה,5,6,5
P011,experiment,0,OPT,0,radar,4,SCN_028_R,radar,hard,Route_A,Route_A,True,Route_C,False,False,38.78,38.29,8,3,Route_C,Route_A | Route_C,True,dont_know,Route_A,False,-6,-8,6,-4,-1,6,4,5,6,4,2,1,2,1,1,1,1,model_B_M1,3,2,1,ג,23,female,Arabic,bachelor,מדעי המחשב / הנדסה / דאטה,5,6,5
P011,experiment,0,OPT,1,heatmap,0,SCN_017_H,heatmap,easy,Route_B,Route_B,True,Route_C,False,False,31.18,39.09,3,5,Route_B,Route_A,False,Route_C,Route_A | Route_B,False,-5,-7,3,-7,-6,6,4,5,6,4,2,1,2,1,1,1,1,model_B_M1,3,2,1,ג,23,female,Arabic,bachelor,מדעי המחשב / הנדסה / דאטה,5,6,5
P011,experiment,0,OPT,1,heatmap,1,SCN_016_H,heatmap,hard,Route_B,Route_B,True,Route_B,True,True,41.83,21.06,-1,8,Route_A,Route_B | Route_C,False,Route_C,Route_A,False,-5,-7,3,-7,-6,6,4,5,6,4,2,1,2,1,1,1,1,model_B_M1,3,2,1,ג,23,female,Arabic,bachelor,מדעי המחשב / הנדסה / דאטה,5,6,5
P011,experiment,0,OPT,1,heatmap,2,SCN_025_H,heatmap,easy,Route_A,Route_A,True,Route_C,False,False,38.29,17.5,2,3,Route_B,Route_C,False,Route_A,Route_C,False,-5,-7,3,-7,-6,6,4,5,6,4,2,1,2,1,1,1,1,model_B_M1,3,2,1,ג,23,female,Arabic,bachelor,מדעי המחשב / הנדסה / דאטה,5,6,5
P011,experiment,0,OPT,1,heatmap,3,SCN_012_H,heatmap,hard,Route_B,Route_B,True,Route_B,True,True,46.55,13.09,-5,8,Route_A,Route_A | Route_B,True,Route_A,Route_A,True,-5,-7,3,-7,-6,6,4,5,6,4,2,1,2,1,1,1,1,model_B_M1,3,2,1,ג,23,female,Arabic,bachelor,מדעי המחשב / הנדסה / דאטה,5,6,5
P011,experiment,0,OPT,1,heatmap,4,SCN_014_H,heatmap,easy,Route_A,Route_B,False,Route_A,False,True,39.56,17.81,2,5,Route_C,Route_B,False,Route_A,Route_A,True,-5,-7,3,-7,-6,6,4,5,6,4,2,1,2,1,1,1,1,model_B_M1,3,2,1,ג,23,female,Arabic,bachelor,מדעי המחשב / הנדסה / דאטה,5,6,5
P011,experiment,0,OPT,2,stacked_bars,0,SCN_009_S,stacked_bars,easy,Route_C,Route_C,True,Route_C,True,True,35.36,20.41,5,3,Route_C,Route_C,True,Route_B,Route_A,False,-5,-4,4,-4,-5,6,4,5,6,4,2,1,2,1,1,1,1,model_B_M1,3,2,1,ג,23,female,Arabic,bachelor,מדעי המחשב / הנדסה / דאטה,5,6,5
P011,experiment,0,OPT,2,stacked_bars,1,SCN_008_S,stacked_bars,hard,Route_A,Route_A,True,Route_A,True,True,32.04,22.88,9,5,Route_B,Route_A,False,Route_C,Route_C,True,-5,-4,4,-4,-5,6,4,5,6,4,2,1,2,1,1,1,1,model_B_M1,3,2,1,ג,23,female,Arabic,bachelor,מדעי המחשב / הנדסה / דאטה,5,6,5
P011,experiment,0,OPT,2,stacked_bars,2,SCN_004_S,stacked_bars,easy,Route_C,Route_B,False,Route_C,False,True,27.27,11.58,4,6,Route_C,Route_A | Route_B,False,Route_C,Route_A,False,-5,-4,4,-4,-5,6,4,5,6,4,2,1,2,1,1,1,1,model_B_M1,3,2,1,ג,23,female,Arabic,bachelor,מדעי המחשב / הנדסה / דאטה,5,6,5
P011,experiment,0,OPT,2,stacked_bars,3,SCN_006_S,stacked_bars,hard,Route_C,Route_C,True,Route_C,True,True,41.57,17.89,2,3,Route_B,Route_A | Route_C,False,Route_A,Route_A | Route_B,True,-5,-4,4,-4,-5,6,4,5,6,4,2,1,2,1,1,1,1,model_B_M1,3,2,1,ג,23,female,Arabic,bachelor,מדעי המחשב / הנדסה / דאטה,5,6,5
P011,experiment,0,OPT,2,stacked_bars,4,SCN_007_S,stacked_bars,easy,Route_B,Route_B,True,Route_B,True,True,38.59,18.73,9,4,dont_know,Route_C,False,dont_know,Route_B | Route_C,False,-5,-4,4,-4,-5,6,4,5,6,4,2,1,2,1,1,1,1,model_B_M1,3,2,1,ג,23,female,Arabic,bachelor,מדעי המחשב / הנדסה / דאטה,5,6,5
P011,experiment,1,SUB,0,heatmap,0,SCN_019_H,heatmap,easy,Route_A,Route_A,True,Route_C,False,False,31.72,27.91,9,3,Route_B,Route_C,False,Route_B,Route_B | Route_C,True,-3,-5,2,-1,-4,6,6,6,7,4,1,1,1,1,1,1,1,model_B_M1,3,2,1,ג,23,female,Arabic,bachelor,מדעי המחשב / הנדסה / דאטה,5,6,5
P011,experiment,1,SUB,0,heatmap,1,SCN_020_H,heatmap,hard,Route_B,Route_C,False,Route_C,True,False,21.19,13.5,6,2,Route_C,Route_C,True,Route_C,Route_C,True,-3,-5,2,-1,-4,6,6,6,7,4,1,1,1,1,1,1,1,model_B_M1,3,2,1,ג,23,female,Arabic,bachelor,מדעי המחשב / הנדסה / דאטה,5,6,5
P011,experiment,1,SUB,0,heatmap,2,SCN_015_H,heatmap,easy,Route_C,Route_B,False,Route_C,False,True,38.85,18.49,5,3,Route_B,Route_B,True,Route_C,Route_B,False,-3,-5,2,-1,-4,6,6,6,7,4,1,1,1,1,1,1,1,model_B_M1,3,2,1,ג,23,female,Arabic,bachelor,מדעי המחשב / הנדסה / דאטה,5,6,5
P011,experiment,1,SUB,0,heatmap,3,SCN_018_H,heatmap,hard,Route_C,Route_C,True,Route_A,False,False,45.24,29.42,7,4,Route_C,Route_C,True,Route_B,Route_B,True,-3,-5,2,-1,-4,6,6,6,7,4,1,1,1,1,1,1,1,model_B_M1,3,2,1,ג,23,female,Arabic,bachelor,מדעי המחשב / הנדסה / דאטה,5,6,5
P011,experiment,1,SUB,1,stacked_bars,0,SCN_011_S,stacked_bars,easy,Route_B,Route_A,False,Route_B,False,True,41.35,38.81,5,3,Route_C,Route_A,False,Route_B,Route_B,True,-3,-8,1,-3,-2,6,6,6,7,4,1,1,1,1,1,1,1,model_B_M1,3,2,1,ג,23,female,Arabic,bachelor,מדעי המחשב / הנדסה / דאטה,5,6,5
P011,experiment,1,SUB,1,stacked_bars,1,SCN_010_S,stacked_bars,hard,Route_C,Route_C,True,Route_C,True,True,26.01,11.09,1,1,dont_know,Route_B,False,dont_know,Route_A | Route_B,False,-3,-8,1,-3,-2,6,6,6,7,4,1,1,1,1,1,1,1,model_B_M1,3,2,1,ג,23,female,Arabic,bachelor,מדעי המחשב / הנדסה / דאטה,5,6,5
P011,experiment,1,SUB,1,stacked_bars,2,SCN_005_S,stacked_bars,easy,Route_C,Route_C,True,Route_C,True,True,26.12,11.69,8,3,Route_A,Route_A,True,Route_B,Route_B,True,-3,-8,1,-3,-2,6,6,6,7,4,1,1,1,1,1,1,1,model_B_M1,3,2,1,ג,23,female,Arabic,bachelor,מדעי המחשב / הנדסה / דאטה,5,6,5
P011,experiment,1,SUB,1,stacked_bars,3,SCN_013_S,stacked_bars,hard,Route_B,Route_C,False,Route_B,False,True,31.7,8.22,4,2,dont_know,Route_B,False,dont_know,Route_B | Route_C,False,-3,-8,1,-3,-2,6,6,6,7,4,1,1,1,1,1,1,1,model_B_M1,3,2,1,ג,23,female,Arabic,bachelor,מדעי המחשב / הנדסה / דאטה,5,6,5
P011,experiment,1,SUB,2,radar,0,SCN_023_R,radar,easy,Route_B,Route_B,True,Route_C,False,False,36.39,16.13,4,2,dont_know,Route_B,False,Route_C,Route_C,True,-4,-5,2,-4,-5,6,6,6,7,4,1,1,1,1,1,1,1,model_B_M1,3,2,1,ג,23,female,Arabic,bachelor,מדעי המחשב / הנדסה / דאטה,5,6,5
P011,experiment,1,SUB,2,radar,1,SCN_029_R,radar,hard,Route_B,Route_B,True,Route_A,False,False,31.66,10.16,3,1,Route_A,Route_A | Route_C,True,Route_B,Route_C,False,-4,-5,2,-4,-5,6,6,6,7,4,1,1,1,1,1,1,1,model_B_M1,3,2,1,ג,23,female,Arabic,bachelor,מדעי המחשב / הנדסה / דאטה,5,6,5
P011,experiment,1,SUB,2,radar,2,SCN_021_R,radar,easy,Route_C,Route_B,False,Route_B,True,False,40.73,11.62,5,1,dont_know,Route_B,False,dont_know,Route_A,False,-4,-5,2,-4,-5,6,6,6,7,4,1,1,1,1,1,1,1,model_B_M1,3,2,1,ג,23,female,Arabic,bachelor,מדעי המחשב / הנדסה / דאטה,5,6,5
P011,experiment,1,SUB,2,radar,3,SCN_022_R,radar,hard,Route_A,Route_B,False,Route_A,False,True,36.12,7.15,2,1,dont_know,Route_A,False,dont_know,Route_A,False,-4,-5,2,-4,-5,6,6,6,7,4,1,1,1,1,1,1,1,model_B_M1,3,2,1,ג,23,female,Arabic,bachelor,מדעי המחשב / הנדסה / דאטה,5,6,5
P012,practice,,,,,0,SCN_001_S,stacked_bars,easy,Route_A,Route_A,True,Route_A,True,True,42.0,25.94,4,4,Route_A,Route_C,False,Route_B,Route_A,False,,,,,,,,,,,,,,,,,,model_A_M0,2,3,1,ג,23,female,Arabic,bachelor,מדעי המחשב / הנדסה / דאטה,7,7,7
P012,practice,,,,,1,SCN_031_S,stacked_bars,easy,Route_A,Route_A,True,Route_B,False,False,155.07,74.63,7,-3,Route_B,Route_A | Route_B,True,Route_B,Route_B,True,,,,,,,,,,,,,,,,,,model_A_M0,2,3,1,ג,23,female,Arabic,bachelor,מדעי המחשב / הנדסה / דאטה,7,7,7
P012,practice,,,,,2,SCN_002_R,radar,easy,Route_A,Route_A,True,Route_A,True,True,60.2,16.43,7,-4,Route_B,Route_C,False,dont_know,Route_B,False,,,,,,,,,,,,,,,,,,model_A_M0,2,3,1,ג,23,female,Arabic,bachelor,מדעי המחשב / הנדסה / דאטה,7,7,7
P012,practice,,,,,3,SCN_032_R,radar,easy,Route_B,Route_B,True,Route_B,True,True,41.91,14.18,8,-8,Route_A,Route_A,True,Route_A,Route_C,False,,,,,,,,,,,,,,,,,,model_A_M0,2,3,1,ג,23,female,Arabic,bachelor,מדעי המחשב / הנדסה / דאטה,7,7,7
P012,practice,,,,,4,SCN_003_H,heatmap,easy,Route_B,Route_B,True,Route_B,True,True,46.03,17.94,6,-4,Route_C,Route_B,False,Route_A,Route_A,True,,,,,,,,,,,,,,,,,,model_A_M0,2,3,1,ג,23,female,Arabic,bachelor,מדעי המחשב / הנדסה / דאטה,7,7,7
P012,practice,,,,,5,SCN_033_H,heatmap,easy,Route_C,Route_C,True,Route_B,False,False,86.1,30.18,8,-4,Route_B,Route_B,True,Route_C,Route_A,False,,,,,,,,,,,,,,,,,,model_A_M0,2,3,1,ג,23,female,Arabic,bachelor,מדעי המחשב / הנדסה / דאטה,7,7,7
P012,experiment,0,SUB,0,stacked_bars,0,SCN_005_S,stacked_bars,easy,Route_C,Route_B,False,Route_C,False,True,30.95,15.78,9,-5,Route_B,Route_A,False,Route_B,Route_B,True,-3,-2,1,-2,1,7,3,3,3,2,4,4,6,5,5,5,5,model_A_M0,2,3,1,ג,23,female,Arabic,bachelor,מדעי המחשב / הנדסה / דאטה,7,7,7
P012,experiment,0,SUB,0,stacked_bars,1,SCN_010_S,stacked_bars,hard,Route_C,Route_C,True,Route_C,True,True,41.97,24.83,6,-3,Route_A,Route_B,False,dont_know,Route_A | Route_B,False,-3,-2,1,-2,1,7,3,3,3,2,4,4,6,5,5,5,5,model_A_M0,2,3,1,ג,23,female,Arabic,bachelor,מדעי המחשב / הנדסה / דאטה,7,7,7
P012,experiment,0,SUB,0,stacked_bars,2,SCN_011_S,stacked_bars,easy,Route_B,Route_B,True,Route_B,True,True,39.06,21.02,8,1,Route_A,Route_A,True,Route_A,Route_B,False,-3,-2,1,-2,1,7,3,3,3,2,4,4,6,5,5,5,5,model_A_M0,2,3,1,ג,23,female,Arabic,bachelor,מדעי המחשב / הנדסה / דאטה,7,7,7
P012,experiment,0,SUB,0,stacked_bars,3,SCN_013_S,stacked_bars,hard,Route_B,Route_C,False,Route_B,False,True,38.69,15.14,7,-5,Route_C,Route_B,False,Route_C,Route_B | Route_C,True,-3,-2,1,-2,1,7,3,3,3,2,4,4,6,5,5,5,5,model_A_M0,2,3,1,ג,23,female,Arabic,bachelor,מדעי המחשב / הנדסה / דאטה,7,7,7
P012,experiment,0,SUB,1,radar,0,SCN_021_R,radar,easy,Route_C,Route_C,True,Route_B,False,False,45.52,12.18,6,1,Route_B,Route_B,True,Route_B,Route_A,False,-2,-3,0,-8,-5,7,3,3,3,2,4,4,6,5,5,5,5,model_A_M0,2,3,1,ג,23,female,Arabic,bachelor,מדעי המחשב / הנדסה / דאטה,7,7,7
P012,experiment,0,SUB,1,radar,1,SCN_022_R,radar,hard,Route_A,Route_B,False,Route_C,False,False,46.55,4.93,4,-3,dont_know,Route_A,False,dont_know,Route_A,False,-2,-3,0,-8,-5,7,3,3,3,2,4,4,6,5,5,5,5,model_A_M0,2,3,1,ג,23,female,Arabic,bachelor,מדעי המחשב / הנדסה / דאטה,7,7,7
P012,experiment,0,SUB,1,radar,2,SCN_023_R,radar,easy,Route_B,Route_A,False,Route_C,False,False,84.6,12.48,5,3,Route_A,Route_B,False,Route_A,Route_C,False,-2,-3,0,-8,-5,7,3,3,3,2,4,4,6,5,5,5,5,model_A_M0,2,3,1,ג,23,female,Arabic,bachelor,מדעי המחשב / הנדסה / דאטה,7,7,7
P012,experiment,0,SUB,1,radar,3,SCN_029_R,radar,hard,Route_B,Route_B,True,Route_A,False,False,30.52,6.71,3,1,Route_B,Route_A | Route_C,False,Route_C,Route_C,True,-2,-3,0,-8,-5,7,3,3,3,2,4,4,6,5,5,5,5,model_A_M0,2,3,1,ג,23,female,Arabic,bachelor,מדעי המחשב / הנדסה / דאטה,7,7,7
P012,experiment,0,SUB,2,heatmap,0,SCN_019_H,heatmap,easy,Route_A,Route_A,True,Route_C,False,False,59.97,10.19,2,1,Route_C,Route_C,True,Route_C,Route_B | Route_C,True,-3,-5,-1,-2,-1,7,3,3,3,2,4,4,6,5,5,5,5,model_A_M0,2,3,1,ג,23,female,Arabic,bachelor,מדעי המחשב / הנדסה / דאטה,7,7,7
P012,experiment,0,SUB,2,heatmap,1,SCN_020_H,heatmap,hard,Route_B,Route_B,True,Route_C,False,False,30.86,10.25,4,1,Route_A,Route_C,False,Route_C,Route_C,True,-3,-5,-1,-2,-1,7,3,3,3,2,4,4,6,5,5,5,5,model_A_M0,2,3,1,ג,23,female,Arabic,bachelor,מדעי המחשב / הנדסה / דאטה,7,7,7
P012,experiment,0,SUB,2,heatmap,2,SCN_015_H,heatmap,easy,Route_C,Route_B,False,Route_C,False,True,52.2,11.66,4,-2,Route_A,Route_B,False,Route_B,Route_B,True,-3,-5,-1,-2,-1,7,3,3,3,2,4,4,6,5,5,5,5,model_A_M0,2,3,1,ג,23,female,Arabic,bachelor,מדעי המחשב / הנדסה / דאטה,7,7,7
P012,experiment,0,SUB,2,heatmap,3,SCN_018_H,heatmap,hard,Route_C,Route_A,False,Route_A,True,False,47.73,10.25,5,-3,Route_A,Route_C,False,Route_B,Route_B,True,-3,-5,-1,-2,-1,7,3,3,3,2,4,4,6,5,5,5,5,model_A_M0,2,3,1,ג,23,female,Arabic,bachelor,מדעי המחשב / הנדסה / דאטה,7,7,7
P012,experiment,1,OPT,0,heatmap,0,SCN_014_H,heatmap,easy,Route_A,Route_A,True,Route_A,True,True,48.59,10.09,5,-2,Route_B,Route_B,True,Route_A,Route_A,True,-4,-10,-2,-2,2,6,6,5,5,4,4,4,3,4,4,5,6,model_A_M0,2,3,1,ג,23,female,Arabic,bachelor,מדעי המחשב / הנדסה / דאטה,7,7,7
P012,experiment,1,OPT,0,heatmap,1,SCN_016_H,heatmap,hard,Route_B,Route_C,False,Route_B,False,True,34.97,9.82,6,-1,Route_B,Route_B | Route_C,True,Route_B,Route_A,False,-4,-10,-2,-2,2,6,6,5,5,4,4,4,3,4,4,5,6,model_A_M0,2,3,1,ג,23,female,Arabic,bachelor,מדעי המחשב / הנדסה / דאטה,7,7,7
P012,experiment,1,OPT,0,heatmap,2,SCN_017_H,heatmap,easy,Route_B,Route_B,True,Route_C,False,False,71.76,12.05,6,-3,Route_A,Route_A,True,Route_C,Route_A | Route_B,False,-4,-10,-2,-2,2,6,6,5,5,4,4,4,3,4,4,5,6,model_A_M0,2,3,1,ג,23,female,Arabic,bachelor,מדעי המחשב / הנדסה / דאטה,7,7,7
P012,experiment,1,OPT,0,heatmap,3,SCN_012_H,heatmap,hard,Route_B,Route_B,True,Route_B,True,True,32.87,12.77,6,-2,Route_B,Route_A | Route_B,True,dont_know,Route_A,False,-4,-10,-2,-2,2,6,6,5,5,4,4,4,3,4,4,5,6,model_A_M0,2,3,1,ג,23,female,Arabic,bachelor,מדעי המחשב / הנדסה / דאטה,7,7,7
P012,experiment,1,OPT,0,heatmap,4,SCN_025_H,heatmap,easy,Route_A,Route_A,True,Route_C,False,False,40.66,7.42,8,-2,Route_C,Route_C,True,Route_C,Route_C,True,-4,-10,-2,-2,2,6,6,5,5,4,4,4,3,4,4,5,6,model_A_M0,2,3,1,ג,23,female,Arabic,bachelor,מדעי המחשב / הנדסה / דאטה,7,7,7
P012,experiment,1,OPT,1,stacked_bars,0,SCN_004_S,stacked_bars,easy,Route_C,Route_C,True,Route_C,True,True,32.81,14.35,6,1,Route_B,Route_A | Route_B,True,Route_A,Route_A,True,-3,-4,-2,-3,7,6,6,5,5,4,4,4,3,4,4,5,6,model_A_M0,2,3,1,ג,23,female,Arabic,bachelor,מדעי המחשב / הנדסה / דאטה,7,7,7
P012,experiment,1,OPT,1,stacked_bars,1,SCN_008_S,stacked_bars,hard,Route_A,Route_A,True,Route_A,True,True,61.88,10.02,6,-3,Route_A,Route_A,True,dont_know,Route_C,False,-3,-4,-2,-3,7,6,6,5,5,4,4,4,3,4,4,5,6,model_A_M0,2,3,1,ג,23,female,Arabic,bachelor,מדעי המחשב / הנדסה / דאטה,7,7,7
P012,experiment,1,OPT,1,stacked_bars,2,SCN_009_S,stacked_bars,easy,Route_C,Route_C,True,Route_A,False,False,48.15,9.42,8,3,Route_C,Route_C,True,Route_C,Route_A,False,-3,-4,-2,-3,7,6,6,5,5,4,4,4,3,4,4,5,6,model_A_M0,2,3,1,ג,23,female,Arabic,bachelor,מדעי המחשב / הנדסה / דאטה,7,7,7
P012,experiment,1,OPT,1,stacked_bars,3,SCN_006_S,stacked_bars,hard,Route_C,Route_A,False,Route_C,False,True,51.18,14.08,1,3,dont_know,Route_A | Route_C,False,Route_C,Route_A | Route_B,False,-3,-4,-2,-3,7,6,6,5,5,4,4,4,3,4,4,5,6,model_A_M0,2,3,1,ג,23,female,Arabic,bachelor,מדעי המחשב / הנדסה / דאטה,7,7,7
P012,experiment,1,OPT,1,stacked_bars,4,SCN_007_S,stacked_bars,easy,Route_B,Route_B,True,Route_B,True,True,39.9,11.54,6,1,dont_know,Route_C,False,Route_B,Route_B | Route_C,True,-3,-4,-2,-3,7,6,6,5,5,4,4,4,3,4,4,5,6,model_A_M0,2,3,1,ג,23,female,Arabic,bachelor,מדעי המחשב / הנדסה / דאטה,7,7,7
P012,experiment,1,OPT,2,radar,0,SCN_028_R,radar,hard,Route_A,Route_B,False,Route_B,True,False,56.21,9.04,1,-8,Route_B,Route_A | Route_C,False,Route_C,Route_A,False,-5,-8,-1,-5,-4,6,6,5,5,4,4,4,3,4,4,5,6,model_A_M0,2,3,1,ג,23,female,Arabic,bachelor,מדעי המחשב / הנדסה / דאטה,7,7,7
P012,experiment,1,OPT,2,radar,1,SCN_027_R,radar,easy,Route_C,Route_C,True,Route_B,False,False,46.41,13.28,4,6,dont_know,Route_C,False,dont_know,Route_B,False,-5,-8,-1,-5,-4,6,6,5,5,4,4,4,3,4,4,5,6,model_A_M0,2,3,1,ג,23,female,Arabic,bachelor,מדעי המחשב / הנדסה / דאטה,7,7,7
P012,experiment,1,OPT,2,radar,2,SCN_026_R,radar,hard,Route_B,Route_B,True,Route_C,False,False,49.39,10.77,6,-1,Route_B,Route_B,True,Route_B,Route_C,False,-5,-8,-1,-5,-4,6,6,5,5,4,4,4,3,4,4,5,6,model_A_M0,2,3,1,ג,23,female,Arabic,bachelor,מדעי המחשב / הנדסה / דאטה,7,7,7
P012,experiment,1,OPT,2,radar,3,SCN_030_R,radar,easy,Route_C,Route_C,True,Route_A,False,False,38.52,10.57,7,1,Route_B,Route_B | Route_C,True,dont_know,Route_B | Route_C,False,-5,-8,-1,-5,-4,6,6,5,5,4,4,4,3,4,4,5,6,model_A_M0,2,3,1,ג,23,female,Arabic,bachelor,מדעי המחשב / הנדסה / דאטה,7,7,7
P012,experiment,1,OPT,2,radar,4,SCN_024_R,radar,hard,Route_C,Route_C,True,Route_C,True,True,80.3,6.95,-4,-6,dont_know,Route_B,False,dont_know,Route_A | Route_B,False,-5,-8,-1,-5,-4,6,6,5,5,4,4,4,3,4,4,5,6,model_A_M0,2,3,1,ג,23,female,Arabic,bachelor,מדעי המחשב / הנדסה / דאטה,7,7,7
P013,practice,,,,,0,SCN_001_S,stacked_bars,easy,Route_A,Route_A,True,Route_B,False,False,21.31,51.14,5,3,Route_A,Route_C,False,Route_C,Route_A,False,,,,,,,,,,,,,,,,,,model_B_M1,2,3,1,ג,23,female,Arabic,bachelor,מדעי החיים / בריאות,2,6,6
P013,practice,,,,,1,SCN_031_S,stacked_bars,easy,Route_A,Route_A,True,Route_B,False,False,78.91,18.11,-1,-1,Route_A,Route_A | Route_B,True,Route_B,Route_B,True,,,,,,,,,,,,,,,,,,model_B_M1,2,3,1,ג,23,female,Arabic,bachelor,מדעי החיים / בריאות,2,6,6
P013,practice,,,,,2,SCN_002_R,radar,easy,Route_A,Route_A,True,Route_A,True,True,57.68,20.07,0,0,dont_know,Route_C,False,dont_know,Route_B,False,,,,,,,,,,,,,,,,,,model_B_M1,2,3,1,ג,23,female,Arabic,bachelor,מדעי החיים / בריאות,2,6,6
P013,practice,,,,,3,SCN_032_R,radar,easy,Route_B,Route_B,True,Route_B,True,True,35.7,12.53,2,2,Route_B,Route_A,False,dont_know,Route_C,False,,,,,,,,,,,,,,,,,,model_B_M1,2,3,1,ג,23,female,Arabic,bachelor,מדעי החיים / בריאות,2,6,6
P013,practice,,,,,4,SCN_003_H,heatmap,easy,Route_B,Route_B,True,Route_B,True,True,33.53,11.13,7,0,dont_know,Route_B,False,dont_know,Route_A,False,,,,,,,,,,,,,,,,,,model_B_M1,2,3,1,ג,23,female,Arabic,bachelor,מדעי החיים / בריאות,2,6,6
P013,practice,,,,,5,SCN_033_H,heatmap,easy,Route_C,Route_C,True,Route_B,False,False,24.52,8.12,0,0,Route_C,Route_B,False,dont_know,Route_A,False,,,,,,,,,,,,,,,,,,model_B_M1,2,3,1,ג,23,female,Arabic,bachelor,מדעי החיים / בריאות,2,6,6
P013,experiment,0,OPT,0,stacked_bars,0,SCN_009_S,stacked_bars,easy,Route_C,Route_C,True,Route_C,True,True,19.57,11.82,9,-3,Route_C,Route_C,True,dont_know,Route_A,False,0,-5,0,-1,-2,5,4,4,4,4,4,4,5,4,4,4,3,model_B_M1,2,3,1,ג,23,female,Arabic,bachelor,מדעי החיים / בריאות,2,6,6
P013,experiment,0,OPT,0,stacked_bars,1,SCN_006_S,stacked_bars,hard,Route_C,Route_C,True,Route_C,True,True,43.27,5.97,0,0,dont_know,Route_A | Route_C,False,Route_C,Route_A | Route_B,False,0,-5,0,-1,-2,5,4,4,4,4,4,4,5,4,4,4,3,model_B_M1,2,3,1,ג,23,female,Arabic,bachelor,מדעי החיים / בריאות,2,6,6
P013,experiment,0,OPT,0,stacked_bars,2,SCN_007_S,stacked_bars,easy,Route_B,Route_C,False,Route_B,False,True,30.37,8.48,0,0,Route_A,Route_C,False,Route_B,Route_B | Route_C,True,0,-5,0,-1,-2,5,4,4,4,4,4,4,5,4,4,4,3,model_B_M1,2,3,1,ג,23,female,Arabic,bachelor,מדעי החיים / בריאות,2,6,6
P013,experiment,0,OPT,0,stacked_bars,3,SCN_008_S,stacked_bars,hard,Route_A,Route_A,True,Route_A,True,True,35.74,9.56,0,0,Route_A,Route_A,True,dont_know,Route_C,False,0,-5,0,-1,-2,5,4,4,4,4,4,4,5,4,4,4,3,model_B_M1,2,3,1,ג,23,female,Arabic,bachelor,מדעי החיים / בריאות,2,6,6
P013,experiment,0,OPT,0,stacked_bars,4,SCN_004_S,stacked_bars,easy,Route_C,Route_C,True,Route_B,False,False,27.67,7.21,0,0,Route_C,Route_A | Route_B,False,Route_B,Route_A,False,0,-5,0,-1,-2,5,4,4,4,4,4,4,5,4,4,4,3,model_B_M1,2,3,1,ג,23,female,Arabic,bachelor,מדעי החיים / בריאות,2,6,6
P013,experiment,0,OPT,1,radar,0,SCN_026_R,radar,hard,Route_B,Route_B,True,Route_C,False,False,26.51,12.63,-1,1,dont_know,Route_B,False,Route_B,Route_C,False,-2,-4,-1,-6,-2,5,4,4,4,4,4,4,5,4,4,4,3,model_B_M1,2,3,1,ג,23,female,Arabic,bachelor,מדעי החיים / בריאות,2,6,6
P013,experiment,0,OPT,1,radar,1,SCN_030_R,radar,easy,Route_C,Route_A,False,Route_B,False,False,44.53,19.3,-1,3,dont_know,Route_B | Route_C,False,dont_know,Route_B | Route_C,False,-2,-4,-1,-6,-2,5,4,4,4,4,4,4,5,4,4,4,3,model_B_M1,2,3,1,ג,23,female,Arabic,bachelor,מדעי החיים / בריאות,2,6,6
P013,experiment,0,OPT,1,radar,2,SCN_024_R,radar,hard,Route_C,Route_C,True,Route_B,False,False,52.6,18.19,0,3,dont_know,Route_B,False,dont_know,Route_A | Route_B,False,-2,-4,-1,-6,-2,5,4,4,4,4,4,4,5,4,4,4,3,model_B_M1,2,3,1,ג,23,female,Arabic,bachelor,מדעי החיים / בריאות,2,6,6
P013,experiment,0,OPT,1,radar,3,SCN_027_R,radar,easy,Route_C,Route_C,True,Route_C,True,True,14.69,5.47,0,0,dont_know,Route_C,False,dont_know,Route_B,False,-2,-4,-1,-6,-2,5,4,4,4,4,4,4,5,4,4,4,3,model_B_M1,2,3,1,ג,23,female,Arabic,bachelor,מדעי החיים / בריאות,2,6,6
P013,experiment,0,OPT,1,radar,4,SCN_028_R,radar,hard,Route_A,Route_A,True,Route_C,False,False,46.47,3.72,0,0,dont_know,Route_A | Route_C,False,dont_know,Route_A,False,-2,-4,-1,-6,-2,5,4,4,4,4,4,4,5,4,4,4,3,model_B_M1,2,3,1,ג,23,female,Arabic,bachelor,מדעי החיים / בריאות,2,6,6
P013,experiment,0,OPT,2,heatmap,0,SCN_017_H,heatmap,easy,Route_B,Route_A,False,Route_A,True,False,37.28,7.49,-2,2,dont_know,Route_A,False,dont_know,Route_A | Route_B,False,-1,-1,1,-1,1,5,4,4,4,4,4,4,5,4,4,4,3,model_B_M1,2,3,1,ג,23,female,Arabic,bachelor,מדעי החיים / בריאות,2,6,6
P013,experiment,0,OPT,2,heatmap,1,SCN_016_H,heatmap,hard,Route_B,Route_B,True,Route_A,False,False,27.3,15.99,1,-1,Route_C,Route_B | Route_C,True,Route_B,Route_A,False,-1,-1,1,-1,1,5,4,4,4,4,4,4,5,4,4,4,3,model_B_M1,2,3,1,ג,23,female,Arabic,bachelor,מדעי החיים / בריאות,2,6,6
P013,experiment,0,OPT,2,heatmap,2,SCN_014_H,heatmap,easy,Route_A,Route_A,True,Route_A,True,True,27.95,6.75,0,0,dont_know,Route_B,False,Route_A,Route_A,True,-1,-1,1,-1,1,5,4,4,4,4,4,4,5,4,4,4,3,model_B_M1,2,3,1,ג,23,female,Arabic,bachelor,מדעי החיים / בריאות,2,6,6
P013,experiment,0,OPT,2,heatmap,3,SCN_012_H,heatmap,hard,Route_B,Route_B,True,Route_C,False,False,62.24,12.14,2,-1,Route_C,Route_A | Route_B,False,dont_know,Route_A,False,-1,-1,1,-1,1,5,4,4,4,4,4,4,5,4,4,4,3,model_B_M1,2,3,1,ג,23,female,Arabic,bachelor,מדעי החיים / בריאות,2,6,6
P013,experiment,0,OPT,2,heatmap,4,SCN_025_H,heatmap,easy,Route_A,Route_A,True,Route_C,False,False,29.24,10.85,-1,2,dont_know,Route_C,False,dont_know,Route_C,False,-1,-1,1,-1,1,5,4,4,4,4,4,4,5,4,4,4,3,model_B_M1,2,3,1,ג,23,female,Arabic,bachelor,מדעי החיים / בריאות,2,6,6
P013,experiment,1,SUB,0,radar,0,SCN_021_R,radar,easy,Route_C,Route_C,True,Route_A,False,False,14.02,4.35,0,0,Route_B,Route_B,True,dont_know,Route_A,False,0,-1,-1,0,-1,3,1,2,2,2,5,5,5,5,5,5,5,model_B_M1,2,3,1,ג,23,female,Arabic,bachelor,מדעי החיים / בריאות,2,6,6
P013,experiment,1,SUB,0,radar,1,SCN_022_R,radar,hard,Route_A,Route_A,True,Route_A,True,True,25.85,8.56,1,1,dont_know,Route_A,False,dont_know,Route_A,False,0,-1,-1,0,-1,3,1,2,2,2,5,5,5,5,5,5,5,model_B_M1,2,3,1,ג,23,female,Arabic,bachelor,מדעי החיים / בריאות,2,6,6
P013,experiment,1,SUB,0,radar,2,SCN_023_R,radar,easy,Route_B,Route_A,False,Route_C,False,False,42.82,7.71,-1,1,dont_know,Route_B,False,dont_know,Route_C,False,0,-1,-1,0,-1,3,1,2,2,2,5,5,5,5,5,5,5,model_B_M1,2,3,1,ג,23,female,Arabic,bachelor,מדעי החיים / בריאות,2,6,6
P013,experiment,1,SUB,0,radar,3,SCN_029_R,radar,hard,Route_B,Route_A,False,Route_A,True,False,15.16,11.0,6,-2,dont_know,Route_A | Route_C,False,dont_know,Route_C,False,0,-1,-1,0,-1,3,1,2,2,2,5,5,5,5,5,5,5,model_B_M1,2,3,1,ג,23,female,Arabic,bachelor,מדעי החיים / בריאות,2,6,6
P013,experiment,1,SUB,1,heatmap,0,SCN_019_H,heatmap,easy,Route_A,Route_C,False,Route_C,True,False,40.02,8.76,5,-2,dont_know,Route_C,False,dont_know,Route_B | Route_C,False,-1,-2,1,-1,-1,3,1,2,2,2,5,5,5,5,5,5,5,model_B_M1,2,3,1,ג,23,female,Arabic,bachelor,מדעי החיים / בריאות,2,6,6
P013,experiment,1,SUB,1,heatmap,1,SCN_018_H,heatmap,hard,Route_C,Route_A,False,Route_A,True,False,20.52,8.98,4,-1,dont_know,Route_C,False,dont_know,Route_B,False,-1,-2,1,-1,-1,3,1,2,2,2,5,5,5,5,5,5,5,model_B_M1,2,3,1,ג,23,female,Arabic,bachelor,מדעי החיים / בריאות,2,6,6
P013,experiment,1,SUB,1,heatmap,2,SCN_015_H,heatmap,easy,Route_C,Route_C,True,Route_C,True,True,17.63,7.13,-1,2,dont_know,Route_B,False,dont_know,Route_B,False,-1,-2,1,-1,-1,3,1,2,2,2,5,5,5,5,5,5,5,model_B_M1,2,3,1,ג,23,female,Arabic,bachelor,מדעי החיים / בריאות,2,6,6
P013,experiment,1,SUB,1,heatmap,3,SCN_020_H,heatmap,hard,Route_B,Route_B,True,Route_C,False,False,14.11,9.45,1,-1,dont_know,Route_C,False,Route_C,Route_C,True,-1,-2,1,-1,-1,3,1,2,2,2,5,5,5,5,5,5,5,model_B_M1,2,3,1,ג,23,female,Arabic,bachelor,מדעי החיים / בריאות,2,6,6
P013,experiment,1,SUB,2,stacked_bars,0,SCN_005_S,stacked_bars,easy,Route_C,Route_B,False,Route_B,True,False,35.09,7.8,-1,2,dont_know,Route_A,False,dont_know,Route_B,False,0,0,0,0,0,3,1,2,2,2,5,5,5,5,5,5,5,model_B_M1,2,3,1,ג,23,female,Arabic,bachelor,מדעי החיים / בריאות,2,6,6
P013,experiment,1,SUB,2,stacked_bars,1,SCN_013_S,stacked_bars,hard,Route_B,Route_B,True,Route_B,True,True,30.95,7.0,-1,2,dont_know,Route_B,False,dont_know,Route_B | Route_C,False,0,0,0,0,0,3,1,2,2,2,5,5,5,5,5,5,5,model_B_M1,2,3,1,ג,23,female,Arabic,bachelor,מדעי החיים / בריאות,2,6,6
P013,experiment,1,SUB,2,stacked_bars,2,SCN_011_S,stacked_bars,easy,Route_B,Route_B,True,Route_B,True,True,21.53,6.56,-3,5,dont_know,Route_A,False,dont_know,Route_B,False,0,0,0,0,0,3,1,2,2,2,5,5,5,5,5,5,5,model_B_M1,2,3,1,ג,23,female,Arabic,bachelor,מדעי החיים / בריאות,2,6,6
P013,experiment,1,SUB,2,stacked_bars,3,SCN_010_S,stacked_bars,hard,Route_C,Route_B,False,Route_C,False,True,20.43,9.65,1,-1,Route_A,Route_B,False,dont_know,Route_A | Route_B,False,0,0,0,0,0,3,1,2,2,2,5,5,5,5,5,5,5,model_B_M1,2,3,1,ג,23,female,Arabic,bachelor,מדעי החיים / בריאות,2,6,6
P014,practice,,,,,0,SCN_001_S,stacked_bars,easy,Route_A,Route_A,True,Route_A,True,True,34.29,64.44,10,-9,dont_know,Route_C,False,dont_know,Route_A,False,,,,,,,,,,,,,,,,,,model_B_M1,1,2,3,ג,25,male,Hebrew,תעודה / קורסים,מדעי המחשב / הנדסה / דאטה,4,6,5
P014,practice,,,,,1,SCN_031_S,stacked_bars,easy,Route_A,Route_A,True,Route_B,False,False,40.57,35.54,10,-9,Route_B,Route_A | Route_B,True,Route_B,Route_B,True,,,,,,,,,,,,,,,,,,model_B_M1,1,2,3,ג,25,male,Hebrew,תעודה / קורסים,מדעי המחשב / הנדסה / דאטה,4,6,5
P014,practice,,,,,2,SCN_002_R,radar,easy,Route_A,Route_A,True,Route_B,False,False,55.86,23.81,10,-9,dont_know,Route_C,False,Route_B,Route_B,True,,,,,,,,,,,,,,,,,,model_B_M1,1,2,3,ג,25,male,Hebrew,תעודה / קורסים,מדעי המחשב / הנדסה / דאטה,4,6,5
P014,practice,,,,,3,SCN_032_R,radar,easy,Route_B,Route_B,True,Route_A,False,False,44.65,30.45,10,-8,Route_B,Route_A,False,dont_know,Route_C,False,,,,,,,,,,,,,,,,,,model_B_M1,1,2,3,ג,25,male,Hebrew,תעודה / קורסים,מדעי המחשב / הנדסה / דאטה,4,6,5
P014,practice,,,,,4,SCN_003_H,heatmap,easy,Route_B,Route_B,True,Route_B,True,True,46.77,31.12,10,-8,Route_B,Route_B,True,Route_A,Route_A,True,,,,,,,,,,,,,,,,,,model_B_M1,1,2,3,ג,25,male,Hebrew,תעודה / קורסים,מדעי המחשב / הנדסה / דאטה,4,6,5
P014,practice,,,,,5,SCN_033_H,heatmap,easy,Route_C,Route_C,True,Route_B,False,False,31.57,23.85,10,-8,dont_know,Route_B,False,Route_C,Route_A,False,,,,,,,,,,,,,,,,,,model_B_M1,1,2,3,ג,25,male,Hebrew,תעודה / קורסים,מדעי המחשב / הנדסה / דאטה,4,6,5
P014,experiment,0,SUB,0,heatmap,0,SCN_019_H,heatmap,easy,Route_A,Route_C,False,Route_C,True,False,12.94,18.82,10,-9,Route_C,Route_C,True,Route_C,Route_B | Route_C,True,-9,0,5,0,-2,5,1,4,5,3,1,1,4,2,1,4,1,model_B_M1,1,2,3,ג,25,male,Hebrew,תעודה / קורסים,מדעי המחשב / הנדסה / דאטה,4,6,5
P014,experiment,0,SUB,0,heatmap,1,SCN_020_H,heatmap,hard,Route_B,Route_C,False,Route_C,True,False,26.61,16.2,10,-9,Route_C,Route_C,True,Route_C,Route_C,True,-9,0,5,0,-2,5,1,4,5,3,1,1,4,2,1,4,1,model_B_M1,1,2,3,ג,25,male,Hebrew,תעודה / קורסים,מדעי המחשב / הנדסה / דאטה,4,6,5
P014,experiment,0,SUB,0,heatmap,2,SCN_015_H,heatmap,easy,Route_C,Route_C,True,Route_C,True,True,36.98,20.67,10,-9,Route_B,Route_B,True,Route_C,Route_B,False,-9,0,5,0,-2,5,1,4,5,3,1,1,4,2,1,4,1,model_B_M1,1,2,3,ג,25,male,Hebrew,תעודה / קורסים,מדעי המחשב / הנדסה / דאטה,4,6,5
P014,experiment,0,SUB,0,heatmap,3,SCN_018_H,heatmap,hard,Route_C,Route_C,True,Route_A,False,False,35.67,22.95,10,-9,Route_C,Route_C,True,dont_know,Route_B,False,-9,0,5,0,-2,5,1,4,5,3,1,1,4,2,1,4,1,model_B_M1,1,2,3,ג,25,male,Hebrew,תעודה / קורסים,מדעי המחשב / הנדסה / דאטה,4,6,5
P014,experiment,0,SUB,1,stacked_bars,0,SCN_011_S,stacked_bars,easy,Route_B,Route_A,False,Route_B,False,True,19.64,36.17,10,-8,dont_know,Route_A,False,dont_know,Route_B,False,-5,2,3,2,-4,5,1,4,5,3,1,1,4,2,1,4,1,model_B_M1,1,2,3,ג,25,male,Hebrew,תעודה / קורסים,מדעי המחשב / הנדסה / דאטה,4,6,5
P014,experiment,0,SUB,1,stacked_bars,1,SCN_010_S,stacked_bars,hard,Route_C,Route_B,False,Route_C,False,True,24.34,20.16,10,-9,Route_B,Route_B,True,dont_know,Route_A | Route_B,False,-5,2,3,2,-4,5,1,4,5,3,1,1,4,2,1,4,1,model_B_M1,1,2,3,ג,25,male,Hebrew,תעודה / קורסים,מדעי המחשב / הנדסה / דאטה,4,6,5
P014,experiment,0,SUB,1,stacked_bars,2,SCN_005_S,stacked_bars,easy,Route_C,Route_C,True,Route_C,True,True,33.72,18.99,10,-9,Route_A,Route_A,True,Route_B,Route_B,True,-5,2,3,2,-4,5,1,4,5,3,1,1,4,2,1,4,1,model_B_M1,1,2,3,ג,25,male,Hebrew,תעודה / קורסים,מדעי המחשב / הנדסה / דאטה,4,6,5
P014,experiment,0,SUB,1,stacked_bars,3,SCN_013_S,stacked_bars,hard,Route_B,Route_B,True,Route_B,True,True,28.26,18.14,10,-9,dont_know,Route_B,False,dont_know,Route_B | Route_C,False,-5,2,3,2,-4,5,1,4,5,3,1,1,4,2,1,4,1,model_B_M1,1,2,3,ג,25,male,Hebrew,תעודה / קורסים,מדעי המחשב / הנדסה / דאטה,4,6,5
P014,experiment,0,SUB,2,radar,0,SCN_021_R,radar,easy,Route_C,Route_B,False,Route_B,True,False,67.55,34.82,10,-1,Route_B,Route_B,True,dont_know,Route_A,False,-1,2,3,2,-3,5,1,4,5,3,1,1,4,2,1,4,1,model_B_M1,1,2,3,ג,25,male,Hebrew,תעודה / קורסים,מדעי המחשב / הנדסה / דאטה,4,6,5
P014,experiment,0,SUB,2,radar,1,SCN_029_R,radar,hard,Route_B,Route_A,False,Route_A,True,False,41.92,43.48,10,-5,dont_know,Route_A | Route_C,False,Route_C,Route_C,True,-1,2,3,2,-3,5,1,4,5,3,1,1,4,2,1,4,1,model_B_M1,1,2,3,ג,25,male,Hebrew,תעודה / קורסים,מדעי המחשב / הנדסה / דאטה,4,6,5
P014,experiment,0,SUB,2,radar,2,SCN_023_R,radar,easy,Route_B,Route_B,True,Route_C,False,False,43.45,23.9,10,-8,dont_know,Route_B,False,dont_know,Route_C,False,-1,2,3,2,-3,5,1,4,5,3,1,1,4,2,1,4,1,model_B_M1,1,2,3,ג,25,male,Hebrew,תעודה / קורסים,מדעי המחשב / הנדסה / דאטה,4,6,5
P014,experiment,0,SUB,2,radar,3,SCN_022_R,radar,hard,Route_A,Route_A,True,Route_A,True,True,50.68,27.2,10,1,dont_know,Route_A,False,Route_B,Route_A,False,-1,2,3,2,-3,5,1,4,5,3,1,1,4,2,1,4,1,model_B_M1,1,2,3,ג,25,male,Hebrew,תעודה / קורסים,מדעי המחשב / הנדסה / דאטה,4,6,5
P014,experiment,1,OPT,0,radar,0,SCN_028_R,radar,hard,Route_A,Route_A,True,Route_B,False,False,52.67,27.36,10,0,dont_know,Route_A | Route_C,False,Route_C,Route_A,False,4,2,5,-1,-7,5,1,2,1,4,1,2,1,3,1,4,4,model_B_M1,1,2,3,ג,25,male,Hebrew,תעודה / קורסים,מדעי המחשב / הנדסה / דאטה,4,6,5
P014,experiment,1,OPT,0,radar,1,SCN_030_R,radar,easy,Route_C,Route_C,True,Route_A,False,False,36.1,19.8,10,-8,dont_know,Route_B | Route_C,False,dont_know,Route_B | Route_C,False,4,2,5,-1,-7,5,1,2,1,4,1,2,1,3,1,4,4,model_B_M1,1,2,3,ג,25,male,Hebrew,תעודה / קורסים,מדעי המחשב / הנדסה / דאטה,4,6,5
P014,experiment,1,OPT,0,radar,2,SCN_026_R,radar,hard,Route_B,Route_B,True,Route_C,False,False,21.42,23.41,10,-9,dont_know,Route_B,False,Route_C,Route_C,True,4,2,5,-1,-7,5,1,2,1,4,1,2,1,3,1,4,4,model_B_M1,1,2,3,ג,25,male,Hebrew,תעודה / קורסים,מדעי המחשב / הנדסה / דאטה,4,6,5
P014,experiment,1,OPT,0,radar,3,SCN_027_R,radar,easy,Route_C,Route_C,True,Route_B,False,False,21.44,12.29,10,-8,dont_know,Route_C,False,dont_know,Route_B,False,4,2,5,-1,-7,5,1,2,1,4,1,2,1,3,1,4,4,model_B_M1,1,2,3,ג,25,male,Hebrew,תעודה / קורסים,מדעי המחשב / הנדסה / דאטה,4,6,5
P014,experiment,1,OPT,0,radar,4,SCN_024_R,radar,hard,Route_C,Route_A,False,Route_B,False,False,28.43,22.86,10,-6,Route_B,Route_B,True,dont_know,Route_A | Route_B,False,4,2,5,-1,-7,5,1,2,1,4,1,2,1,3,1,4,4,model_B_M1,1,2,3,ג,25,male,Hebrew,תעודה / קורסים,מדעי המחשב / הנדסה / דאטה,4,6,5
P014,experiment,1,OPT,1,heatmap,0,SCN_025_H,heatmap,easy,Route_A,Route_C,False,Route_C,True,False,21.38,14.26,10,-9,dont_know,Route_C,False,dont_know,Route_C,False,-4,1,4,-3,-7,5,1,2,1,4,1,2,1,3,1,4,4,model_B_M1,1,2,3,ג,25,male,Hebrew,תעודה / קורסים,מדעי המחשב / הנדסה / דאטה,4,6,5
P014,experiment,1,OPT,1,heatmap,1,SCN_012_H,heatmap,hard,Route_B,Route_B,True,Route_B,True,True,24.83,20.19,10,-8,Route_B,Route_A | Route_B,True,Route_C,Route_A,False,-4,1,4,-3,-7,5,1,2,1,4,1,2,1,3,1,4,4,model_B_M1,1,2,3,ג,25,male,Hebrew,תעודה / קורסים,מדעי המחשב / הנדסה / דאטה,4,6,5
P014,experiment,1,OPT,1,heatmap,2,SCN_014_H,heatmap,easy,Route_A,Route_A,True,Route_A,True,True,18.14,18.84,10,-9,dont_know,Route_B,False,Route_A,Route_A,True,-4,1,4,-3,-7,5,1,2,1,4,1,2,1,3,1,4,4,model_B_M1,1,2,3,ג,25,male,Hebrew,תעודה / קורסים,מדעי המחשב / הנדסה / דאטה,4,6,5
P014,experiment,1,OPT,1,heatmap,3,SCN_016_H,heatmap,hard,Route_B,Route_B,True,Route_B,True,True,42.1,25.12,10,-7,dont_know,Route_B | Route_C,False,Route_B,Route_A,False,-4,1,4,-3,-7,5,1,2,1,4,1,2,1,3,1,4,4,model_B_M1,1,2,3,ג,25,male,Hebrew,תעודה / קורסים,מדעי המחשב / הנדסה / דאטה,4,6,5
P014,experiment,1,OPT,1,heatmap,4,SCN_017_H,heatmap,easy,Route_B,Route_B,True,Route_C,False,False,25.56,12.45,10,-8,dont_know,Route_A,False,dont_know,Route_A | Route_B,False,-4,1,4,-3,-7,5,1,2,1,4,1,2,1,3,1,4,4,model_B_M1,1,2,3,ג,25,male,Hebrew,תעודה / קורסים,מדעי המחשב / הנדסה / דאטה,4,6,5
P014,experiment,1,OPT,2,stacked_bars,0,SCN_007_S,stacked_bars,easy,Route_B,Route_B,True,Route_B,True,True,23.11,18.95,10,-9,dont_know,Route_C,False,Route_B,Route_B | Route_C,True,-3,2,7,5,5,5,1,2,1,4,1,2,1,3,1,4,4,model_B_M1,1,2,3,ג,25,male,Hebrew,תעודה / קורסים,מדעי המחשב / הנדסה / דאטה,4,6,5
P014,experiment,1,OPT,2,stacked_bars,1,SCN_006_S,stacked_bars,hard,Route_C,Route_C,True,Route_C,True,True,22.27,26.47,10,-9,dont_know,Route_A | Route_C,False,dont_know,Route_A | Route_B,False,-3,2,7,5,5,5,1,2,1,4,1,2,1,3,1,4,4,model_B_M1,1,2,3,ג,25,male,Hebrew,תעודה / קורסים,מדעי המחשב / הנדסה / דאטה,4,6,5
P014,experiment,1,OPT,2,stacked_bars,2,SCN_004_S,stacked_bars,easy,Route_C,Route_C,True,Route_C,True,True,38.74,16.2,10,-7,dont_know,Route_A | Route_B,False,Route_A,Route_A,True,-3,2,7,5,5,5,1,2,1,4,1,2,1,3,1,4,4,model_B_M1,1,2,3,ג,25,male,Hebrew,תעודה / קורסים,מדעי המחשב / הנדסה / דאטה,4,6,5
P014,experiment,1,OPT,2,stacked_bars,3,SCN_008_S,stacked_bars,hard,Route_A,Route_C,False,Route_A,False,True,25.67,29.39,10,-5,dont_know,Route_A,False,dont_know,Route_C,False,-3,2,7,5,5,5,1,2,1,4,1,2,1,3,1,4,4,model_B_M1,1,2,3,ג,25,male,Hebrew,תעודה / קורסים,מדעי המחשב / הנדסה / דאטה,4,6,5
P014,experiment,1,OPT,2,stacked_bars,4,SCN_009_S,stacked_bars,easy,Route_C,Route_C,True,Route_C,True,True,18.44,13.96,10,-7,Route_C,Route_C,True,dont_know,Route_A,False,-3,2,7,5,5,5,1,2,1,4,1,2,1,3,1,4,4,model_B_M1,1,2,3,ג,25,male,Hebrew,תעודה / קורסים,מדעי המחשב / הנדסה / דאטה,4,6,5
P015,practice,,,,,0,SCN_001_S,stacked_bars,easy,Route_A,Route_A,True,Route_A,True,True,17.89,48.71,10,10,dont_know,Route_C,False,Route_C,Route_A,False,,,,,,,,,,,,,,,,,,model_A_M0,3,2,1,ג,19,male,Hebrew,תעודה / קורסים,מדעי המחשב / הנדסה / דאטה,6,7,5
P015,practice,,,,,1,SCN_031_S,stacked_bars,easy,Route_A,Route_A,True,Route_B,False,False,28.68,28.55,10,-10,Route_B,Route_A | Route_B,True,Route_B,Route_B,True,,,,,,,,,,,,,,,,,,model_A_M0,3,2,1,ג,19,male,Hebrew,תעודה / קורסים,מדעי המחשב / הנדסה / דאטה,6,7,5
P015,practice,,,,,2,SCN_002_R,radar,easy,Route_A,Route_A,True,Route_A,True,True,30.98,13.42,10,-8,Route_B,Route_C,False,Route_B,Route_B,True,,,,,,,,,,,,,,,,,,model_A_M0,3,2,1,ג,19,male,Hebrew,תעודה / קורסים,מדעי המחשב / הנדסה / דאטה,6,7,5
P015,practice,,,,,3,SCN_032_R,radar,easy,Route_B,Route_B,True,Route_B,True,True,33.95,12.96,9,-4,Route_A,Route_A,True,Route_B,Route_C,False,,,,,,,,,,,,,,,,,,model_A_M0,3,2,1,ג,19,male,Hebrew,תעודה / קורסים,מדעי המחשב / הנדסה / דאטה,6,7,5
P015,practice,,,,,4,SCN_003_H,heatmap,easy,Route_B,Route_B,True,Route_B,True,True,25.37,9.43,10,-10,Route_B,Route_B,True,Route_C,Route_A,False,,,,,,,,,,,,,,,,,,model_A_M0,3,2,1,ג,19,male,Hebrew,תעודה / קורסים,מדעי המחשב / הנדסה / דאטה,6,7,5
P015,practice,,,,,5,SCN_033_H,heatmap,easy,Route_C,Route_C,True,Route_B,False,False,18.15,11.55,10,-10,Route_C,Route_B,False,Route_C,Route_A,False,,,,,,,,,,,,,,,,,,model_A_M0,3,2,1,ג,19,male,Hebrew,תעודה / קורסים,מדעי המחשב / הנדסה / דאטה,6,7,5
P015,experiment,0,OPT,0,heatmap,0,SCN_025_H,heatmap,easy,Route_A,Route_A,True,Route_C,False,False,14.03,11.77,10,-9,dont_know,Route_C,False,Route_C,Route_C,True,5,-1,9,-2,10,3,1,1,1,1,5,4,6,4,4,5,7,model_A_M0,3,2,1,ג,19,male,Hebrew,תעודה / קורסים,מדעי המחשב / הנדסה / דאטה,6,7,5
P015,experiment,0,OPT,0,heatmap,1,SCN_016_H,heatmap,hard,Route_B,Route_B,True,Route_B,True,True,35.89,20.99,8,1,Route_B,Route_B | Route_C,True,Route_A,Route_A,True,5,-1,9,-2,10,3,1,1,1,1,5,4,6,4,4,5,7,model_A_M0,3,2,1,ג,19,male,Hebrew,תעודה / קורסים,מדעי המחשב / הנדסה / דאטה,6,7,5
P015,experiment,0,OPT,0,heatmap,2,SCN_017_H,heatmap,easy,Route_B,Route_B,True,Route_C,False,False,31.55,13.96,9,-5,Route_B,Route_A,False,Route_A,Route_A | Route_B,True,5,-1,9,-2,10,3,1,1,1,1,5,4,6,4,4,5,7,model_A_M0,3,2,1,ג,19,male,Hebrew,תעודה / קורסים,מדעי המחשב / הנדסה / דאטה,6,7,5
P015,experiment,0,OPT,0,heatmap,3,SCN_012_H,heatmap,hard,Route_B,Route_C,False,Route_B,False,True,20.64,11.64,10,-7,Route_B,Route_A | Route_B,True,dont_know,Route_A,False,5,-1,9,-2,10,3,1,1,1,1,5,4,6,4,4,5,7,model_A_M0,3,2,1,ג,19,male,Hebrew,תעודה / קורסים,מדעי המחשב / הנדסה / דאטה,6,7,5
P015,experiment,0,OPT,0,heatmap,4,SCN_014_H,heatmap,easy,Route_A,Route_A,True,Route_A,True,True,24.0,11.71,10,-8,Route_A,Route_B,False,Route_A,Route_A,True,5,-1,9,-2,10,3,1,1,1,1,5,4,6,4,4,5,7,model_A_M0,3,2,1,ג,19,male,Hebrew,תעודה / קורסים,מדעי המחשב / הנדסה / דאטה,6,7,5
P015,experiment,0,OPT,1,stacked_bars,0,SCN_004_S,stacked_bars,easy,Route_C,Route_C,True,Route_C,True,True,18.86,9.0,10,3,dont_know,Route_A | Route_B,False,dont_know,Route_A,False,4,6,8,-2,10,3,1,1,1,1,5,4,6,4,4,5,7,model_A_M0,3,2,1,ג,19,male,Hebrew,תעודה / קורסים,מדעי המחשב / הנדסה / דאטה,6,7,5
P015,experiment,0,OPT,1,stacked_bars,1,SCN_006_S,stacked_bars,hard,Route_C,Route_C,True,Route_C,True,True,12.13,11.83,10,-2,Route_C,Route_A | Route_C,True,Route_A,Route_A | Route_B,True,4,6,8,-2,10,3,1,1,1,1,5,4,6,4,4,5,7,model_A_M0,3,2,1,ג,19,male,Hebrew,תעודה / קורסים,מדעי המחשב / הנדסה / דאטה,6,7,5
P015,experiment,0,OPT,1,stacked_bars,2,SCN_009_S,stacked_bars,easy,Route_C,Route_B,False,Route_C,False,True,9.93,14.42,10,-7,Route_C,Route_C,True,dont_know,Route_A,False,4,6,8,-2,10,3,1,1,1,1,5,4,6,4,4,5,7,model_A_M0,3,2,1,ג,19,male,Hebrew,תעודה / קורסים,מדעי המחשב / הנדסה / דאטה,6,7,5
P015,experiment,0,OPT,1,stacked_bars,3,SCN_008_S,stacked_bars,hard,Route_A,Route_A,True,Route_A,True,True,15.07,13.84,10,-7,Route_B,Route_A,False,dont_know,Route_C,False,4,6,8,-2,10,3,1,1,1,1,5,4,6,4,4,5,7,model_A_M0,3,2,1,ג,19,male,Hebrew,תעודה / קורסים,מדעי המחשב / הנדסה / דאטה,6,7,5
P015,experiment,0,OPT,1,stacked_bars,4,SCN_007_S,stacked_bars,easy,Route_B,Route_B,True,Route_B,True,True,11.16,18.24,10,-5,dont_know,Route_C,False,Route_C,Route_B | Route_C,True,4,6,8,-2,10,3,1,1,1,1,5,4,6,4,4,5,7,model_A_M0,3,2,1,ג,19,male,Hebrew,תעודה / קורסים,מדעי המחשב / הנדסה / דאטה,6,7,5
P015,experiment,0,OPT,2,radar,0,SCN_024_R,radar,hard,Route_C,Route_C,True,Route_B,False,False,18.18,16.98,10,-4,Route_B,Route_B,True,Route_C,Route_A | Route_B,False,7,5,10,4,10,3,1,1,1,1,5,4,6,4,4,5,7,model_A_M0,3,2,1,ג,19,male,Hebrew,תעודה / קורסים,מדעי המחשב / הנדסה / דאטה,6,7,5
P015,experiment,0,OPT,2,radar,1,SCN_030_R,radar,easy,Route_C,Route_C,True,Route_A,False,False,15.51,15.94,10,-4,Route_A,Route_B | Route_C,False,Route_C,Route_B | Route_C,True,7,5,10,4,10,3,1,1,1,1,5,4,6,4,4,5,7,model_A_M0,3,2,1,ג,19,male,Hebrew,תעודה / קורסים,מדעי המחשב / הנדסה / דאטה,6,7,5
P015,experiment,0,OPT,2,radar,2,SCN_028_R,radar,hard,Route_A,Route_A,True,Route_C,False,False,14.88,13.71,9,0,dont_know,Route_A | Route_C,False,Route_B,Route_A,False,7,5,10,4,10,3,1,1,1,1,5,4,6,4,4,5,7,model_A_M0,3,2,1,ג,19,male,Hebrew,תעודה / קורסים,מדעי המחשב / הנדסה / דאטה,6,7,5
P015,experiment,0,OPT,2,radar,3,SCN_027_R,radar,easy,Route_C,Route_C,True,Route_B,False,False,22.65,10.98,10,1,dont_know,Route_C,False,dont_know,Route_B,False,7,5,10,4,10,3,1,1,1,1,5,4,6,4,4,5,7,model_A_M0,3,2,1,ג,19,male,Hebrew,תעודה / קורסים,מדעי המחשב / הנדסה / דאטה,6,7,5
P015,experiment,0,OPT,2,radar,4,SCN_026_R,radar,hard,Route_B,Route_C,False,Route_C,True,False,14.63,19.93,10,-4,Route_B,Route_B,True,Route_C,Route_C,True,7,5,10,4,10,3,1,1,1,1,5,4,6,4,4,5,7,model_A_M0,3,2,1,ג,19,male,Hebrew,תעודה / קורסים,מדעי המחשב / הנדסה / דאטה,6,7,5
P015,experiment,1,SUB,0,stacked_bars,0,SCN_005_S,stacked_bars,easy,Route_C,Route_C,True,Route_C,True,True,15.32,16.93,10,2,dont_know,Route_A,False,dont_know,Route_B,False,-3,3,6,-5,10,4,1,1,1,1,3,4,5,5,4,4,6,model_A_M0,3,2,1,ג,19,male,Hebrew,תעודה / קורסים,מדעי המחשב / הנדסה / דאטה,6,7,5
P015,experiment,1,SUB,0,stacked_bars,1,SCN_010_S,stacked_bars,hard,Route_C,Route_C,True,Route_C,True,True,23.91,11.93,10,2,Route_B,Route_B,True,Route_B,Route_A | Route_B,True,-3,3,6,-5,10,4,1,1,1,1,3,4,5,5,4,4,6,model_A_M0,3,2,1,ג,19,male,Hebrew,תעודה / קורסים,מדעי המחשב / הנדסה / דאטה,6,7,5
P015,experiment,1,SUB,0,stacked_bars,2,SCN_011_S,stacked_bars,easy,Route_B,Route_A,False,Route_B,False,True,13.71,14.35,10,-3,Route_A,Route_A,True,dont_know,Route_B,False,-3,3,6,-5,10,4,1,1,1,1,3,4,5,5,4,4,6,model_A_M0,3,2,1,ג,19,male,Hebrew,תעודה / קורסים,מדעי המחשב / הנדסה / דאטה,6,7,5
P015,experiment,1,SUB,0,stacked_bars,3,SCN_013_S,stacked_bars,hard,Route_B,Route_C,False,Route_B,False,True,18.16,15.59,5,3,Route_C,Route_B,False,Route_B,Route_B | Route_C,True,-3,3,6,-5,10,4,1,1,1,1,3,4,5,5,4,4,6,model_A_M0,3,2,1,ג,19,male,Hebrew,תעודה / קורסים,מדעי המחשב / הנדסה / דאטה,6,7,5
P015,experiment,1,SUB,1,radar,0,SCN_021_R,radar,easy,Route_C,Route_B,False,Route_B,True,False,20.99,14.01,10,-9,Route_B,Route_B,True,Route_C,Route_A,False,6,4,8,1,10,4,1,1,1,1,3,4,5,5,4,4,6,model_A_M0,3,2,1,ג,19,male,Hebrew,תעודה / קורסים,מדעי המחשב / הנדסה / דאטה,6,7,5
P015,experiment,1,SUB,1,radar,1,SCN_029_R,radar,hard,Route_B,Route_B,True,Route_A,False,False,15.65,14.09,10,-7,dont_know,Route_A | Route_C,False,Route_C,Route_C,True,6,4,8,1,10,4,1,1,1,1,3,4,5,5,4,4,6,model_A_M0,3,2,1,ג,19,male,Hebrew,תעודה / קורסים,מדעי המחשב / הנדסה / דאטה,6,7,5
P015,experiment,1,SUB,1,radar,2,SCN_023_R,radar,easy,Route_B,Route_B,True,Route_C,False,False,19.1,13.95,10,-6,Route_A,Route_B,False,dont_know,Route_C,False,6,4,8,1,10,4,1,1,1,1,3,4,5,5,4,4,6,model_A_M0,3,2,1,ג,19,male,Hebrew,תעודה / קורסים,מדעי המחשב / הנדסה / דאטה,6,7,5
P015,experiment,1,SUB,1,radar,3,SCN_022_R,radar,hard,Route_A,Route_B,False,Route_A,False,True,13.13,15.33,10,-3,Route_B,Route_A,False,dont_know,Route_A,False,6,4,8,1,10,4,1,1,1,1,3,4,5,5,4,4,6,model_A_M0,3,2,1,ג,19,male,Hebrew,תעודה / קורסים,מדעי המחשב / הנדסה / דאטה,6,7,5
P015,experiment,1,SUB,2,heatmap,0,SCN_019_H,heatmap,easy,Route_A,Route_A,True,Route_C,False,False,16.56,12.11,10,-9,Route_C,Route_C,True,Route_C,Route_B | Route_C,True,-2,0,7,-5,10,4,1,1,1,1,3,4,5,5,4,4,6,model_A_M0,3,2,1,ג,19,male,Hebrew,תעודה / קורסים,מדעי המחשב / הנדסה / דאטה,6,7,5
P015,experiment,1,SUB,2,heatmap,1,SCN_020_H,heatmap,hard,Route_B,Route_C,False,Route_C,True,False,14.25,16.78,9,-1,Route_C,Route_C,True,dont_know,Route_C,False,-2,0,7,-5,10,4,1,1,1,1,3,4,5,5,4,4,6,model_A_M0,3,2,1,ג,19,male,Hebrew,תעודה / קורסים,מדעי המחשב / הנדסה / דאטה,6,7,5
P015,experiment,1,SUB,2,heatmap,2,SCN_015_H,heatmap,easy,Route_C,Route_B,False,Route_A,False,False,26.67,15.68,6,5,Route_B,Route_B,True,dont_know,Route_B,False,-2,0,7,-5,10,4,1,1,1,1,3,4,5,5,4,4,6,model_A_M0,3,2,1,ג,19,male,Hebrew,תעודה / קורסים,מדעי המחשב / הנדסה / דאטה,6,7,5
P015,experiment,1,SUB,2,heatmap,3,SCN_018_H,heatmap,hard,Route_C,Route_C,True,Route_B,False,False,45.31,14.62,6,2,Route_A,Route_C,False,Route_B,Route_B,True,-2,0,7,-5,10,4,1,1,1,1,3,4,5,5,4,4,6,model_A_M0,3,2,1,ג,19,male,Hebrew,תעודה / קורסים,מדעי המחשב / הנדסה / דאטה,6,7,5
P016,practice,,,,,0,SCN_001_S,stacked_bars,easy,Route_A,Route_A,True,Route_A,True,True,55.2,81.29,10,-10,dont_know,Route_C,False,dont_know,Route_A,False,,,,,,,,,,,,,,,,,,model_B_M1,1,3,2,א,45,male,Hebrew,master,מדעי המחשב / הנדסה / דאטה,5,3,6
P016,practice,,,,,1,SCN_031_S,stacked_bars,easy,Route_A,Route_A,True,Route_B,False,False,167.71,33.3,10,0,Route_B,Route_A | Route_B,True,Route_B,Route_B,True,,,,,,,,,,,,,,,,,,model_B_M1,1,3,2,א,45,male,Hebrew,master,מדעי המחשב / הנדסה / דאטה,5,3,6
P016,practice,,,,,2,SCN_002_R,radar,easy,Route_A,Route_A,True,Route_A,True,True,55.27,17.82,10,-6,dont_know,Route_C,False,dont_know,Route_B,False,,,,,,,,,,,,,,,,,,model_B_M1,1,3,2,א,45,male,Hebrew,master,מדעי המחשב / הנדסה / דאטה,5,3,6
P016,practice,,,,,3,SCN_032_R,radar,easy,Route_B,Route_B,True,Route_B,True,True,112.59,19.16,7,8,Route_B,Route_A,False,Route_C,Route_C,True,,,,,,,,,,,,,,,,,,model_B_M1,1,3,2,א,45,male,Hebrew,master,מדעי המחשב / הנדסה / דאטה,5,3,6
P016,practice,,,,,4,SCN_003_H,heatmap,easy,Route_B,Route_B,True,Route_B,True,True,79.32,22.29,9,3,dont_know,Route_B,False,Route_C,Route_A,False,,,,,,,,,,,,,,,,,,model_B_M1,1,3,2,א,45,male,Hebrew,master,מדעי המחשב / הנדסה / דאטה,5,3,6
P016,practice,,,,,5,SCN_033_H,heatmap,easy,Route_C,Route_C,True,Route_B,False,False,51.78,20.5,9,5,Route_A,Route_B,False,Route_C,Route_A,False,,,,,,,,,,,,,,,,,,model_B_M1,1,3,2,א,45,male,Hebrew,master,מדעי המחשב / הנדסה / דאטה,5,3,6
P016,experiment,0,SUB,0,radar,0,SCN_021_R,radar,easy,Route_C,Route_C,True,Route_B,False,False,215.83,17.06,8,0,Route_B,Route_B,True,Route_A,Route_A,True,-10,-10,6,-9,7,5,6,6,6,6,2,2,4,4,3,7,1,model_B_M1,1,3,2,א,45,male,Hebrew,master,מדעי המחשב / הנדסה / דאטה,5,3,6
P016,experiment,0,SUB,0,radar,1,SCN_029_R,radar,hard,Route_B,Route_B,True,Route_A,False,False,50.37,14.63,10,5,dont_know,Route_A | Route_C,False,Route_C,Route_C,True,-10,-10,6,-9,7,5,6,6,6,6,2,2,4,4,3,7,1,model_B_M1,1,3,2,א,45,male,Hebrew,master,מדעי המחשב / הנדסה / דאטה,5,3,6
P016,experiment,0,SUB,0,radar,2,SCN_023_R,radar,easy,Route_B,Route_A,False,Route_A,True,False,72.81,16.12,9,5,dont_know,Route_B,False,dont_know,Route_C,False,-10,-10,6,-9,7,5,6,6,6,6,2,2,4,4,3,7,1,model_B_M1,1,3,2,א,45,male,Hebrew,master,מדעי המחשב / הנדסה / דאטה,5,3,6
P016,experiment,0,SUB,0,radar,3,SCN_022_R,radar,hard,Route_A,Route_B,False,Route_C,False,False,81.58,18.16,9,7,Route_C,Route_A,False,Route_C,Route_A,False,-10,-10,6,-9,7,5,6,6,6,6,2,2,4,4,3,7,1,model_B_M1,1,3,2,א,45,male,Hebrew,master,מדעי המחשב / הנדסה / דאטה,5,3,6
P016,experiment,0,SUB,1,heatmap,0,SCN_019_H,heatmap,easy,Route_A,Route_A,True,Route_C,False,False,75.4,20.35,9,6,dont_know,Route_C,False,Route_C,Route_B | Route_C,True,-10,-10,9,-10,-8,5,6,6,6,6,2,2,4,4,3,7,1,model_B_M1,1,3,2,א,45,male,Hebrew,master,מדעי המחשב / הנדסה / דאטה,5,3,6
P016,experiment,0,SUB,1,heatmap,1,SCN_020_H,heatmap,hard,Route_B,Route_B,True,Route_C,False,False,97.61,14.81,8,7,Route_C,Route_C,True,Route_C,Route_C,True,-10,-10,9,-10,-8,5,6,6,6,6,2,2,4,4,3,7,1,model_B_M1,1,3,2,א,45,male,Hebrew,master,מדעי המחשב / הנדסה / דאטה,5,3,6
P016,experiment,0,SUB,1,heatmap,2,SCN_015_H,heatmap,easy,Route_C,Route_B,False,Route_C,False,True,56.46,13.76,9,6,Route_C,Route_B,False,Route_A,Route_B,False,-10,-10,9,-10,-8,5,6,6,6,6,2,2,4,4,3,7,1,model_B_M1,1,3,2,א,45,male,Hebrew,master,מדעי המחשב / הנדסה / דאטה,5,3,6
P016,experiment,0,SUB,1,heatmap,3,SCN_018_H,heatmap,hard,Route_C,Route_A,False,Route_A,True,False,52.25,16.79,-4,9,Route_C,Route_C,True,Route_A,Route_B,False,-10,-10,9,-10,-8,5,6,6,6,6,2,2,4,4,3,7,1,model_B_M1,1,3,2,א,45,male,Hebrew,master,מדעי המחשב / הנדסה / דאטה,5,3,6
P016,experiment,0,SUB,2,stacked_bars,0,SCN_011_S,stacked_bars,easy,Route_B,Route_B,True,Route_C,False,False,63.94,22.05,7,7,Route_C,Route_A,False,dont_know,Route_B,False,-10,-10,10,-10,-10,5,6,6,6,6,2,2,4,4,3,7,1,model_B_M1,1,3,2,א,45,male,Hebrew,master,מדעי המחשב / הנדסה / דאטה,5,3,6
P016,experiment,0,SUB,2,stacked_bars,1,SCN_010_S,stacked_bars,hard,Route_C,Route_C,True,Route_A,False,False,49.75,16.07,9,5,Route_C,Route_B,False,Route_B,Route_A | Route_B,True,-10,-10,10,-10,-10,5,6,6,6,6,2,2,4,4,3,7,1,model_B_M1,1,3,2,א,45,male,Hebrew,master,מדעי המחשב / הנדסה / דאטה,5,3,6
P016,experiment,0,SUB,2,stacked_bars,2,SCN_005_S,stacked_bars,easy,Route_C,Route_B,False,Route_C,False,True,88.63,10.4,7,7,dont_know,Route_A,False,Route_B,Route_B,True,-10,-10,10,-10,-10,5,6,6,6,6,2,2,4,4,3,7,1,model_B_M1,1,3,2,א,45,male,Hebrew,master,מדעי המחשב / הנדסה / דאטה,5,3,6
P016,experiment,0,SUB,2,stacked_bars,3,SCN_013_S,stacked_bars,hard,Route_B,Route_C,False,Route_B,False,True,103.66,10.97,-4,10,dont_know,Route_B,False,dont_know,Route_B | Route_C,False,-10,-10,10,-10,-10,5,6,6,6,6,2,2,4,4,3,7,1,model_B_M1,1,3,2,א,45,male,Hebrew,master,מדעי המחשב / הנדסה / דאטה,5,3,6
P016,experiment,1,OPT,0,stacked_bars,0,SCN_009_S,stacked_bars,easy,Route_C,Route_C,True,Route_C,True,True,30.53,17.55,10,-10,Route_C,Route_C,True,dont_know,Route_A,False,-10,-10,-10,-10,-10,5,3,2,6,6,3,3,3,2,2,1,1,model_B_M1,1,3,2,א,45,male,Hebrew,master,מדעי המחשב / הנדסה / דאטה,5,3,6
P016,experiment,1,OPT,0,stacked_bars,1,SCN_008_S,stacked_bars,hard,Route_A,Route_A,True,Route_C,False,False,72.7,11.43,-5,6,dont_know,Route_A,False,dont_know,Route_C,False,-10,-10,-10,-10,-10,5,3,2,6,6,3,3,3,2,2,1,1,model_B_M1,1,3,2,א,45,male,Hebrew,master,מדעי המחשב / הנדסה / דאטה,5,3,6
P016,experiment,1,OPT,0,stacked_bars,2,SCN_004_S,stacked_bars,easy,Route_C,Route_B,False,Route_B,True,False,30.07,12.72,9,-3,Route_C,Route_A | Route_B,False,Route_B,Route_A,False,-10,-10,-10,-10,-10,5,3,2,6,6,3,3,3,2,2,1,1,model_B_M1,1,3,2,א,45,male,Hebrew,master,מדעי המחשב / הנדסה / דאטה,5,3,6
P016,experiment,1,OPT,0,stacked_bars,3,SCN_006_S,stacked_bars,hard,Route_C,Route_C,True,Route_C,True,True,40.17,24.12,2,6,dont_know,Route_A | Route_C,False,dont_know,Route_A | Route_B,False,-10,-10,-10,-10,-10,5,3,2,6,6,3,3,3,2,2,1,1,model_B_M1,1,3,2,א,45,male,Hebrew,master,מדעי המחשב / הנדסה / דאטה,5,3,6
P016,experiment,1,OPT,0,stacked_bars,4,SCN_007_S,stacked_bars,easy,Route_B,Route_B,True,Route_A,False,False,41.95,22.3,7,6,dont_know,Route_C,False,dont_know,Route_B | Route_C,False,-10,-10,-10,-10,-10,5,3,2,6,6,3,3,3,2,2,1,1,model_B_M1,1,3,2,א,45,male,Hebrew,master,מדעי המחשב / הנדסה / דאטה,5,3,6
P016,experiment,1,OPT,1,radar,0,SCN_028_R,radar,hard,Route_A,Route_A,True,Route_C,False,False,38.8,8.66,8,7,dont_know,Route_A | Route_C,False,dont_know,Route_A,False,-10,-10,-10,-10,-10,5,3,2,6,6,3,3,3,2,2,1,1,model_B_M1,1,3,2,א,45,male,Hebrew,master,מדעי המחשב / הנדסה / דאטה,5,3,6
P016,experiment,1,OPT,1,radar,1,SCN_027_R,radar,easy,Route_C,Route_B,False,Route_C,False,True,21.32,23.24,9,4,Route_A,Route_C,False,Route_B,Route_B,True,-10,-10,-10,-10,-10,5,3,2,6,6,3,3,3,2,2,1,1,model_B_M1,1,3,2,א,45,male,Hebrew,master,מדעי המחשב / הנדסה / דאטה,5,3,6
P016,experiment,1,OPT,1,radar,2,SCN_024_R,radar,hard,Route_C,Route_C,True,Route_B,False,False,31.45,17.25,6,6,Route_B,Route_B,True,Route_C,Route_A | Route_B,False,-10,-10,-10,-10,-10,5,3,2,6,6,3,3,3,2,2,1,1,model_B_M1,1,3,2,א,45,male,Hebrew,master,מדעי המחשב / הנדסה / דאטה,5,3,6
P016,experiment,1,OPT,1,radar,3,SCN_030_R,radar,easy,Route_C,Route_C,True,Route_A,False,False,21.64,10.84,8,-2,Route_B,Route_B | Route_C,True,Route_A,Route_B | Route_C,False,-10,-10,-10,-10,-10,5,3,2,6,6,3,3,3,2,2,1,1,model_B_M1,1,3,2,א,45,male,Hebrew,master,מדעי המחשב / הנדסה / דאטה,5,3,6
P016,experiment,1,OPT,1,radar,4,SCN_026_R,radar,hard,Route_B,Route_B,True,Route_C,False,False,56.51,17.33,8,-3,Route_C,Route_B,False,Route_C,Route_C,True,-10,-10,-10,-10,-10,5,3,2,6,6,3,3,3,2,2,1,1,model_B_M1,1,3,2,א,45,male,Hebrew,master,מדעי המחשב / הנדסה / דאטה,5,3,6
P016,experiment,1,OPT,2,heatmap,0,SCN_025_H,heatmap,easy,Route_A,Route_A,True,Route_C,False,False,46.65,12.12,8,3,Route_B,Route_C,False,Route_A,Route_C,False,-10,-10,-10,-10,-10,5,3,2,6,6,3,3,3,2,2,1,1,model_B_M1,1,3,2,א,45,male,Hebrew,master,מדעי המחשב / הנדסה / דאטה,5,3,6
P016,experiment,1,OPT,2,heatmap,1,SCN_016_H,heatmap,hard,Route_B,Route_B,True,Route_B,True,True,21.6,25.38,7,7,Route_C,Route_B | Route_C,True,Route_C,Route_A,False,-10,-10,-10,-10,-10,5,3,2,6,6,3,3,3,2,2,1,1,model_B_M1,1,3,2,א,45,male,Hebrew,master,מדעי המחשב / הנדסה / דאטה,5,3,6
P016,experiment,1,OPT,2,heatmap,2,SCN_017_H,heatmap,easy,Route_B,Route_B,True,Route_C,False,False,23.79,9.45,7,6,Route_B,Route_A,False,Route_C,Route_A | Route_B,False,-10,-10,-10,-10,-10,5,3,2,6,6,3,3,3,2,2,1,1,model_B_M1,1,3,2,א,45,male,Hebrew,master,מדעי המחשב / הנדסה / דאטה,5,3,6
P016,experiment,1,OPT,2,heatmap,3,SCN_012_H,heatmap,hard,Route_B,Route_B,True,Route_B,True,True,37.64,18.0,6,7,Route_B,Route_A | Route_B,True,Route_C,Route_A,False,-10,-10,-10,-10,-10,5,3,2,6,6,3,3,3,2,2,1,1,model_B_M1,1,3,2,א,45,male,Hebrew,master,מדעי המחשב / הנדסה / דאטה,5,3,6
P016,experiment,1,OPT,2,heatmap,4,SCN_014_H,heatmap,easy,Route_A,Route_B,False,Route_A,False,True,26.27,10.01,5,-1,Route_C,Route_B,False,Route_A,Route_A,True,-10,-10,-10,-10,-10,5,3,2,6,6,3,3,3,2,2,1,1,model_B_M1,1,3,2,א,45,male,Hebrew,master,מדעי המחשב / הנדסה / דאטה,5,3,6
P017,practice,,,,,0,SCN_001_S,stacked_bars,easy,Route_A,Route_A,True,Route_A,True,True,33.58,81.99,8,-8,Route_C,Route_C,True,Route_B,Route_A,False,,,,,,,,,,,,,,,,,,model_A_M0,2,3,1,ג,23,female,Russian,bachelor,מדעי החברה / חינוך / פסיכולוגיה,2,5,4
P017,practice,,,,,1,SCN_031_S,stacked_bars,easy,Route_A,Route_A,True,Route_B,False,False,114.81,24.29,9,8,Route_B,Route_A | Route_B,True,Route_C,Route_B,False,,,,,,,,,,,,,,,,,,model_A_M0,2,3,1,ג,23,female,Russian,bachelor,מדעי החברה / חינוך / פסיכולוגיה,2,5,4
P017,practice,,,,,2,SCN_002_R,radar,easy,Route_A,Route_A,True,Route_A,True,True,41.1,19.39,8,4,dont_know,Route_C,False,Route_A,Route_B,False,,,,,,,,,,,,,,,,,,model_A_M0,2,3,1,ג,23,female,Russian,bachelor,מדעי החברה / חינוך / פסיכולוגיה,2,5,4
P017,practice,,,,,3,SCN_032_R,radar,easy,Route_B,Route_B,True,Route_A,False,False,45.55,22.61,7,7,Route_A,Route_A,True,Route_A,Route_C,False,,,,,,,,,,,,,,,,,,model_A_M0,2,3,1,ג,23,female,Russian,bachelor,מדעי החברה / חינוך / פסיכולוגיה,2,5,4
P017,practice,,,,,4,SCN_003_H,heatmap,easy,Route_B,Route_B,True,Route_B,True,True,33.94,20.18,7,7,Route_B,Route_B,True,dont_know,Route_A,False,,,,,,,,,,,,,,,,,,model_A_M0,2,3,1,ג,23,female,Russian,bachelor,מדעי החברה / חינוך / פסיכולוגיה,2,5,4
P017,practice,,,,,5,SCN_033_H,heatmap,easy,Route_C,Route_C,True,Route_B,False,False,27.98,24.19,8,3,Route_B,Route_B,True,dont_know,Route_A,False,,,,,,,,,,,,,,,,,,model_A_M0,2,3,1,ג,23,female,Russian,bachelor,מדעי החברה / חינוך / פסיכולוגיה,2,5,4
P017,experiment,0,OPT,0,radar,0,SCN_028_R,radar,hard,Route_A,Route_B,False,Route_C,False,False,33.78,17.47,7,6,Route_B,Route_A | Route_C,False,Route_C,Route_A,False,9,-5,6,6,4,5,4,2,2,3,2,3,4,2,2,2,4,model_A_M0,2,3,1,ג,23,female,Russian,bachelor,מדעי החברה / חינוך / פסיכולוגיה,2,5,4
P017,experiment,0,OPT,0,radar,1,SCN_030_R,radar,easy,Route_C,Route_C,True,Route_A,False,False,35.69,12.79,8,6,Route_C,Route_B | Route_C,True,dont_know,Route_B | Route_C,False,9,-5,6,6,4,5,4,2,2,3,2,3,4,2,2,2,4,model_A_M0,2,3,1,ג,23,female,Russian,bachelor,מדעי החברה / חינוך / פסיכולוגיה,2,5,4
P017,experiment,0,OPT,0,radar,2,SCN_026_R,radar,hard,Route_B,Route_B,True,Route_C,False,False,25.51,18.43,9,4,Route_C,Route_B,False,Route_C,Route_C,True,9,-5,6,6,4,5,4,2,2,3,2,3,4,2,2,2,4,model_A_M0,2,3,1,ג,23,female,Russian,bachelor,מדעי החברה / חינוך / פסיכולוגיה,2,5,4
P017,experiment,0,OPT,0,radar,3,SCN_027_R,radar,easy,Route_C,Route_C,True,Route_B,False,False,33.92,16.29,8,4,Route_B,Route_C,False,Route_C,Route_B,False,9,-5,6,6,4,5,4,2,2,3,2,3,4,2,2,2,4,model_A_M0,2,3,1,ג,23,female,Russian,bachelor,מדעי החברה / חינוך / פסיכולוגיה,2,5,4
P017,experiment,0,OPT,0,radar,4,SCN_024_R,radar,hard,Route_C,Route_C,True,Route_B,False,False,47.69,14.35,7,8,Route_C,Route_B,False,Route_C,Route_A | Route_B,False,9,-5,6,6,4,5,4,2,2,3,2,3,4,2,2,2,4,model_A_M0,2,3,1,ג,23,female,Russian,bachelor,מדעי החברה / חינוך / פסיכולוגיה,2,5,4
P017,experiment,0,OPT,1,heatmap,0,SCN_025_H,heatmap,easy,Route_A,Route_A,True,Route_C,False,False,29.32,12.39,7,4,Route_B,Route_C,False,dont_know,Route_C,False,-2,-2,-6,3,9,5,4,2,2,3,2,3,4,2,2,2,4,model_A_M0,2,3,1,ג,23,female,Russian,bachelor,מדעי החברה / חינוך / פסיכולוגיה,2,5,4
P017,experiment,0,OPT,1,heatmap,1,SCN_012_H,heatmap,hard,Route_B,Route_B,True,Route_B,True,True,27.36,18.22,8,5,Route_B,Route_A | Route_B,True,Route_C,Route_A,False,-2,-2,-6,3,9,5,4,2,2,3,2,3,4,2,2,2,4,model_A_M0,2,3,1,ג,23,female,Russian,bachelor,מדעי החברה / חינוך / פסיכולוגיה,2,5,4
P017,experiment,0,OPT,1,heatmap,2,SCN_014_H,heatmap,easy,Route_A,Route_A,True,Route_A,True,True,25.01,12.87,10,5,Route_B,Route_B,True,Route_A,Route_A,True,-2,-2,-6,3,9,5,4,2,2,3,2,3,4,2,2,2,4,model_A_M0,2,3,1,ג,23,female,Russian,bachelor,מדעי החברה / חינוך / פסיכולוגיה,2,5,4
P017,experiment,0,OPT,1,heatmap,3,SCN_016_H,heatmap,hard,Route_B,Route_C,False,Route_B,False,True,30.46,16.81,9,6,Route_B,Route_B | Route_C,True,dont_know,Route_A,False,-2,-2,-6,3,9,5,4,2,2,3,2,3,4,2,2,2,4,model_A_M0,2,3,1,ג,23,female,Russian,bachelor,מדעי החברה / חינוך / פסיכולוגיה,2,5,4
P017,experiment,0,OPT,1,heatmap,4,SCN_017_H,heatmap,easy,Route_B,Route_B,True,Route_C,False,False,28.99,11.8,9,5,Route_B,Route_A,False,Route_C,Route_A | Route_B,False,-2,-2,-6,3,9,5,4,2,2,3,2,3,4,2,2,2,4,model_A_M0,2,3,1,ג,23,female,Russian,bachelor,מדעי החברה / חינוך / פסיכולוגיה,2,5,4
P017,experiment,0,OPT,2,stacked_bars,0,SCN_004_S,stacked_bars,easy,Route_C,Route_C,True,Route_C,True,True,34.83,17.76,9,5,Route_B,Route_A | Route_B,True,Route_C,Route_A,False,5,2,6,4,8,5,4,2,2,3,2,3,4,2,2,2,4,model_A_M0,2,3,1,ג,23,female,Russian,bachelor,מדעי החברה / חינוך / פסיכולוגיה,2,5,4
P017,experiment,0,OPT,2,stacked_bars,1,SCN_006_S,stacked_bars,hard,Route_C,Route_A,False,Route_C,False,True,41.26,25.37,5,8,Route_C,Route_A | Route_C,True,Route_A,Route_A | Route_B,True,5,2,6,4,8,5,4,2,2,3,2,3,4,2,2,2,4,model_A_M0,2,3,1,ג,23,female,Russian,bachelor,מדעי החברה / חינוך / פסיכולוגיה,2,5,4
P017,experiment,0,OPT,2,stacked_bars,2,SCN_007_S,stacked_bars,easy,Route_B,Route_B,True,Route_C,False,False,28.07,9.09,8,6,Route_B,Route_C,False,Route_C,Route_B | Route_C,True,5,2,6,4,8,5,4,2,2,3,2,3,4,2,2,2,4,model_A_M0,2,3,1,ג,23,female,Russian,bachelor,מדעי החברה / חינוך / פסיכולוגיה,2,5,4
P017,experiment,0,OPT,2,stacked_bars,3,SCN_008_S,stacked_bars,hard,Route_A,Route_A,True,Route_A,True,True,22.4,13.6,8,5,Route_A,Route_A,True,Route_C,Route_C,True,5,2,6,4,8,5,4,2,2,3,2,3,4,2,2,2,4,model_A_M0,2,3,1,ג,23,female,Russian,bachelor,מדעי החברה / חינוך / פסיכולוגיה,2,5,4
P017,experiment,0,OPT,2,stacked_bars,4,SCN_009_S,stacked_bars,easy,Route_C,Route_C,True,Route_C,True,True,21.95,20.99,10,-2,Route_C,Route_C,True,Route_B,Route_A,False,5,2,6,4,8,5,4,2,2,3,2,3,4,2,2,2,4,model_A_M0,2,3,1,ג,23,female,Russian,bachelor,מדעי החברה / חינוך / פסיכולוגיה,2,5,4
P017,experiment,1,SUB,0,heatmap,0,SCN_019_H,heatmap,easy,Route_A,Route_C,False,Route_C,True,False,12.72,11.2,10,-2,Route_B,Route_C,False,Route_C,Route_B | Route_C,True,6,-2,4,3,6,5,4,4,3,4,3,4,4,2,2,2,4,model_A_M0,2,3,1,ג,23,female,Russian,bachelor,מדעי החברה / חינוך / פסיכולוגיה,2,5,4
P017,experiment,1,SUB,0,heatmap,1,SCN_020_H,heatmap,hard,Route_B,Route_B,True,Route_C,False,False,25.33,17.03,9,5,Route_A,Route_C,False,Route_C,Route_C,True,6,-2,4,3,6,5,4,4,3,4,3,4,4,2,2,2,4,model_A_M0,2,3,1,ג,23,female,Russian,bachelor,מדעי החברה / חינוך / פסיכולוגיה,2,5,4
P017,experiment,1,SUB,0,heatmap,2,SCN_015_H,heatmap,easy,Route_C,Route_C,True,Route_C,True,True,23.11,14.75,8,3,dont_know,Route_B,False,Route_C,Route_B,False,6,-2,4,3,6,5,4,4,3,4,3,4,4,2,2,2,4,model_A_M0,2,3,1,ג,23,female,Russian,bachelor,מדעי החברה / חינוך / פסיכולוגיה,2,5,4
P017,experiment,1,SUB,0,heatmap,3,SCN_018_H,heatmap,hard,Route_C,Route_A,False,Route_A,True,False,34.61,12.62,7,5,Route_A,Route_C,False,dont_know,Route_B,False,6,-2,4,3,6,5,4,4,3,4,3,4,4,2,2,2,4,model_A_M0,2,3,1,ג,23,female,Russian,bachelor,מדעי החברה / חינוך / פסיכולוגיה,2,5,4
P017,experiment,1,SUB,1,stacked_bars,0,SCN_011_S,stacked_bars,easy,Route_B,Route_B,True,Route_C,False,False,12.2,11.62,9,5,Route_B,Route_A,False,Route_B,Route_B,True,-3,-3,-6,-4,4,5,4,4,3,4,3,4,4,2,2,2,4,model_A_M0,2,3,1,ג,23,female,Russian,bachelor,מדעי החברה / חינוך / פסיכולוגיה,2,5,4
P017,experiment,1,SUB,1,stacked_bars,1,SCN_010_S,stacked_bars,hard,Route_C,Route_B,False,Route_C,False,True,32.88,11.28,9,6,Route_C,Route_B,False,Route_A,Route_A | Route_B,True,-3,-3,-6,-4,4,5,4,4,3,4,3,4,4,2,2,2,4,model_A_M0,2,3,1,ג,23,female,Russian,bachelor,מדעי החברה / חינוך / פסיכולוגיה,2,5,4
P017,experiment,1,SUB,1,stacked_bars,2,SCN_005_S,stacked_bars,easy,Route_C,Route_B,False,Route_C,False,True,36.56,11.37,9,6,Route_A,Route_A,True,Route_C,Route_B,False,-3,-3,-6,-4,4,5,4,4,3,4,3,4,4,2,2,2,4,model_A_M0,2,3,1,ג,23,female,Russian,bachelor,מדעי החברה / חינוך / פסיכולוגיה,2,5,4
P017,experiment,1,SUB,1,stacked_bars,3,SCN_013_S,stacked_bars,hard,Route_B,Route_B,True,Route_B,True,True,19.24,13.98,9,5,Route_C,Route_B,False,Route_A,Route_B | Route_C,False,-3,-3,-6,-4,4,5,4,4,3,4,3,4,4,2,2,2,4,model_A_M0,2,3,1,ג,23,female,Russian,bachelor,מדעי החברה / חינוך / פסיכולוגיה,2,5,4
P017,experiment,1,SUB,2,radar,0,SCN_021_R,radar,easy,Route_C,Route_C,True,Route_B,False,False,34.96,12.02,4,6,Route_B,Route_B,True,Route_C,Route_A,False,-7,3,1,-8,-1,5,4,4,3,4,3,4,4,2,2,2,4,model_A_M0,2,3,1,ג,23,female,Russian,bachelor,מדעי החברה / חינוך / פסיכולוגיה,2,5,4
P017,experiment,1,SUB,2,radar,1,SCN_029_R,radar,hard,Route_B,Route_A,False,Route_A,True,False,18.3,10.82,9,3,Route_C,Route_A | Route_C,True,Route_A,Route_C,False,-7,3,1,-8,-1,5,4,4,3,4,3,4,4,2,2,2,4,model_A_M0,2,3,1,ג,23,female,Russian,bachelor,מדעי החברה / חינוך / פסיכולוגיה,2,5,4
P017,experiment,1,SUB,2,radar,2,SCN_023_R,radar,easy,Route_B,Route_A,False,Route_C,False,False,36.53,11.81,9,7,Route_C,Route_B,False,Route_C,Route_C,True,-7,3,1,-8,-1,5,4,4,3,4,3,4,4,2,2,2,4,model_A_M0,2,3,1,ג,23,female,Russian,bachelor,מדעי החברה / חינוך / פסיכולוגיה,2,5,4
P017,experiment,1,SUB,2,radar,3,SCN_022_R,radar,hard,Route_A,Route_A,True,Route_C,False,False,27.62,15.0,6,7,Route_B,Route_A,False,Route_C,Route_A,False,-7,3,1,-8,-1,5,4,4,3,4,3,4,4,2,2,2,4,model_A_M0,2,3,1,ג,23,female,Russian,bachelor,מדעי החברה / חינוך / פסיכולוגיה,2,5,4
P018,practice,,,,,0,SCN_001_S,stacked_bars,easy,Route_A,Route_A,True,Route_B,False,False,30.55,53.65,3,5,dont_know,Route_C,False,dont_know,Route_A,False,,,,,,,,,,,,,,,,,,model_B_M1,1,3,2,ג,21,female,Hebrew,bachelor,מדעי המחשב / הנדסה / דאטה,3,5,5
P018,practice,,,,,1,SCN_031_S,stacked_bars,easy,Route_A,Route_A,True,Route_B,False,False,56.67,23.91,0,4,Route_B,Route_A | Route_B,True,dont_know,Route_B,False,,,,,,,,,,,,,,,,,,model_B_M1,1,3,2,ג,21,female,Hebrew,bachelor,מדעי המחשב / הנדסה / דאטה,3,5,5
P018,practice,,,,,2,SCN_002_R,radar,easy,Route_A,Route_A,True,Route_A,True,True,36.54,19.71,2,3,dont_know,Route_C,False,dont_know,Route_B,False,,,,,,,,,,,,,,,,,,model_B_M1,1,3,2,ג,21,female,Hebrew,bachelor,מדעי המחשב / הנדסה / דאטה,3,5,5
P018,practice,,,,,3,SCN_032_R,radar,easy,Route_B,Route_B,True,Route_A,False,False,26.38,11.61,2,3,Route_A,Route_A,True,Route_B,Route_C,False,,,,,,,,,,,,,,,,,,model_B_M1,1,3,2,ג,21,female,Hebrew,bachelor,מדעי המחשב / הנדסה / דאטה,3,5,5
P018,practice,,,,,4,SCN_003_H,heatmap,easy,Route_B,Route_B,True,Route_B,True,True,19.98,18.38,1,5,Route_B,Route_B,True,Route_B,Route_A,False,,,,,,,,,,,,,,,,,,model_B_M1,1,3,2,ג,21,female,Hebrew,bachelor,מדעי המחשב / הנדסה / דאטה,3,5,5
P018,practice,,,,,5,SCN_033_H,heatmap,easy,Route_C,Route_C,True,Route_C,True,True,24.46,16.39,1,5,Route_C,Route_B,False,Route_A,Route_A,True,,,,,,,,,,,,,,,,,,model_B_M1,1,3,2,ג,21,female,Hebrew,bachelor,מדעי המחשב / הנדסה / דאטה,3,5,5
P018,experiment,0,SUB,0,stacked_bars,0,SCN_011_S,stacked_bars,easy,Route_B,Route_A,False,Route_B,False,True,20.27,20.08,1,2,dont_know,Route_A,False,dont_know,Route_B,False,4,5,2,4,5,4,4,4,4,4,4,4,4,4,4,4,4,model_B_M1,1,3,2,ג,21,female,Hebrew,bachelor,מדעי המחשב / הנדסה / דאטה,3,5,5
P018,experiment,0,SUB,0,stacked_bars,1,SCN_013_S,stacked_bars,hard,Route_B,Route_B,True,Route_B,True,True,19.05,13.27,1,4,dont_know,Route_B,False,Route_B,Route_B | Route_C,True,4,5,2,4,5,4,4,4,4,4,4,4,4,4,4,4,4,model_B_M1,1,3,2,ג,21,female,Hebrew,bachelor,מדעי המחשב / הנדסה / דאטה,3,5,5
P018,experiment,0,SUB,0,stacked_bars,2,SCN_005_S,stacked_bars,easy,Route_C,Route_C,True,Route_C,True,True,18.83,13.37,1,3,dont_know,Route_A,False,dont_know,Route_B,False,4,5,2,4,5,4,4,4,4,4,4,4,4,4,4,4,4,model_B_M1,1,3,2,ג,21,female,Hebrew,bachelor,מדעי המחשב / הנדסה / דאטה,3,5,5
P018,experiment,0,SUB,0,stacked_bars,3,SCN_010_S,stacked_bars,hard,Route_C,Route_B,False,Route_A,False,False,24.96,19.1,1,2,Route_B,Route_B,True,dont_know,Route_A | Route_B,False,4,5,2,4,5,4,4,4,4,4,4,4,4,4,4,4,4,model_B_M1,1,3,2,ג,21,female,Hebrew,bachelor,מדעי המחשב / הנדסה / דאטה,3,5,5
P018,experiment,0,SUB,1,radar,0,SCN_023_R,radar,easy,Route_B,Route_B,True,Route_C,False,False,19.86,17.37,-1,5,dont_know,Route_B,False,dont_know,Route_C,False,-6,-4,-1,-3,-10,4,4,4,4,4,4,4,4,4,4,4,4,model_B_M1,1,3,2,ג,21,female,Hebrew,bachelor,מדעי המחשב / הנדסה / דאטה,3,5,5
P018,experiment,0,SUB,1,radar,1,SCN_022_R,radar,hard,Route_A,Route_A,True,Route_A,True,True,16.63,16.07,-3,6,dont_know,Route_A,False,dont_know,Route_A,False,-6,-4,-1,-3,-10,4,4,4,4,4,4,4,4,4,4,4,4,model_B_M1,1,3,2,ג,21,female,Hebrew,bachelor,מדעי המחשב / הנדסה / דאטה,3,5,5
P018,experiment,0,SUB,1,radar,2,SCN_021_R,radar,easy,Route_C,Route_B,False,Route_B,True,False,16.28,19.85,-2,8,Route_B,Route_B,True,Route_A,Route_A,True,-6,-4,-1,-3,-10,4,4,4,4,4,4,4,4,4,4,4,4,model_B_M1,1,3,2,ג,21,female,Hebrew,bachelor,מדעי המחשב / הנדסה / דאטה,3,5,5
P018,experiment,0,SUB,1,radar,3,SCN_029_R,radar,hard,Route_B,Route_A,False,Route_A,True,False,16.42,11.76,-6,8,dont_know,Route_A | Route_C,False,Route_C,Route_C,True,-6,-4,-1,-3,-10,4,4,4,4,4,4,4,4,4,4,4,4,model_B_M1,1,3,2,ג,21,female,Hebrew,bachelor,מדעי המחשב / הנדסה / דאטה,3,5,5
P018,experiment,0,SUB,2,heatmap,0,SCN_015_H,heatmap,easy,Route_C,Route_C,True,Route_C,True,True,12.8,10.31,-7,9,dont_know,Route_B,False,dont_know,Route_B,False,-5,-3,1,-1,-6,4,4,4,4,4,4,4,4,4,4,4,4,model_B_M1,1,3,2,ג,21,female,Hebrew,bachelor,מדעי המחשב / הנדסה / דאטה,3,5,5
P018,experiment,0,SUB,2,heatmap,1,SCN_018_H,heatmap,hard,Route_C,Route_C,True,Route_C,True,True,23.79,13.79,-3,9,dont_know,Route_C,False,dont_know,Route_B,False,-5,-3,1,-1,-6,4,4,4,4,4,4,4,4,4,4,4,4,model_B_M1,1,3,2,ג,21,female,Hebrew,bachelor,מדעי המחשב / הנדסה / דאטה,3,5,5
P018,experiment,0,SUB,2,heatmap,2,SCN_019_H,heatmap,easy,Route_A,Route_C,False,Route_C,True,False,11.8,12.43,-6,5,dont_know,Route_C,False,Route_C,Route_B | Route_C,True,-5,-3,1,-1,-6,4,4,4,4,4,4,4,4,4,4,4,4,model_B_M1,1,3,2,ג,21,female,Hebrew,bachelor,מדעי המחשב / הנדסה / דאטה,3,5,5
P018,experiment,0,SUB,2,heatmap,3,SCN_020_H,heatmap,hard,Route_B,Route_C,False,Route_C,True,False,13.31,11.73,2,6,Route_C,Route_C,True,Route_C,Route_C,True,-5,-3,1,-1,-6,4,4,4,4,4,4,4,4,4,4,4,4,model_B_M1,1,3,2,ג,21,female,Hebrew,bachelor,מדעי המחשב / הנדסה / דאטה,3,5,5
P018,experiment,1,OPT,0,heatmap,0,SCN_014_H,heatmap,easy,Route_A,Route_A,True,Route_A,True,True,17.39,19.85,-2,3,Route_A,Route_B,False,Route_A,Route_A,True,-6,-7,-1,-3,-10,3,3,3,5,1,3,5,5,5,4,5,4,model_B_M1,1,3,2,ג,21,female,Hebrew,bachelor,מדעי המחשב / הנדסה / דאטה,3,5,5
P018,experiment,1,OPT,0,heatmap,1,SCN_012_H,heatmap,hard,Route_B,Route_B,True,Route_B,True,True,34.77,19.13,-2,6,Route_B,Route_A | Route_B,True,Route_C,Route_A,False,-6,-7,-1,-3,-10,3,3,3,5,1,3,5,5,5,4,5,4,model_B_M1,1,3,2,ג,21,female,Hebrew,bachelor,מדעי המחשב / הנדסה / דאטה,3,5,5
P018,experiment,1,OPT,0,heatmap,2,SCN_025_H,heatmap,easy,Route_A,Route_A,True,Route_C,False,False,13.77,10.1,-1,7,Route_C,Route_C,True,Route_C,Route_C,True,-6,-7,-1,-3,-10,3,3,3,5,1,3,5,5,5,4,5,4,model_B_M1,1,3,2,ג,21,female,Hebrew,bachelor,מדעי המחשב / הנדסה / דאטה,3,5,5
P018,experiment,1,OPT,0,heatmap,3,SCN_016_H,heatmap,hard,Route_B,Route_B,True,Route_B,True,True,23.65,15.35,-1,5,dont_know,Route_B | Route_C,False,Route_B,Route_A,False,-6,-7,-1,-3,-10,3,3,3,5,1,3,5,5,5,4,5,4,model_B_M1,1,3,2,ג,21,female,Hebrew,bachelor,מדעי המחשב / הנדסה / דאטה,3,5,5
P018,experiment,1,OPT,0,heatmap,4,SCN_017_H,heatmap,easy,Route_B,Route_A,False,Route_C,False,False,19.54,14.59,-1,3,dont_know,Route_A,False,dont_know,Route_A | Route_B,False,-6,-7,-1,-3,-10,3,3,3,5,1,3,5,5,5,4,5,4,model_B_M1,1,3,2,ג,21,female,Hebrew,bachelor,מדעי המחשב / הנדסה / דאטה,3,5,5
P018,experiment,1,OPT,1,stacked_bars,0,SCN_004_S,stacked_bars,easy,Route_C,Route_C,True,Route_B,False,False,13.46,20.24,-3,5,dont_know,Route_A | Route_B,False,dont_know,Route_A,False,-4,-6,-1,-6,-10,3,3,3,5,1,3,5,5,5,4,5,4,model_B_M1,1,3,2,ג,21,female,Hebrew,bachelor,מדעי המחשב / הנדסה / דאטה,3,5,5
P018,experiment,1,OPT,1,stacked_bars,1,SCN_008_S,stacked_bars,hard,Route_A,Route_A,True,Route_C,False,False,19.77,9.04,1,5,dont_know,Route_A,False,dont_know,Route_C,False,-4,-6,-1,-6,-10,3,3,3,5,1,3,5,5,5,4,5,4,model_B_M1,1,3,2,ג,21,female,Hebrew,bachelor,מדעי המחשב / הנדסה / דאטה,3,5,5
P018,experiment,1,OPT,1,stacked_bars,2,SCN_009_S,stacked_bars,easy,Route_C,Route_C,True,Route_C,True,True,10.73,14.42,1,7,dont_know,Route_C,False,dont_know,Route_A,False,-4,-6,-1,-6,-10,3,3,3,5,1,3,5,5,5,4,5,4,model_B_M1,1,3,2,ג,21,female,Hebrew,bachelor,מדעי המחשב / הנדסה / דאטה,3,5,5
P018,experiment,1,OPT,1,stacked_bars,3,SCN_006_S,stacked_bars,hard,Route_C,Route_C,True,Route_C,True,True,11.78,16.22,-2,7,dont_know,Route_A | Route_C,False,Route_B,Route_A | Route_B,True,-4,-6,-1,-6,-10,3,3,3,5,1,3,5,5,5,4,5,4,model_B_M1,1,3,2,ג,21,female,Hebrew,bachelor,מדעי המחשב / הנדסה / דאטה,3,5,5
P018,experiment,1,OPT,1,stacked_bars,4,SCN_007_S,stacked_bars,easy,Route_B,Route_C,False,Route_B,False,True,8.43,14.65,-1,7,dont_know,Route_C,False,Route_B,Route_B | Route_C,True,-4,-6,-1,-6,-10,3,3,3,5,1,3,5,5,5,4,5,4,model_B_M1,1,3,2,ג,21,female,Hebrew,bachelor,מדעי המחשב / הנדסה / דאטה,3,5,5
P018,experiment,1,OPT,2,radar,0,SCN_028_R,radar,hard,Route_A,Route_A,True,Route_C,False,False,16.16,14.24,-1,9,dont_know,Route_A | Route_C,False,Route_C,Route_A,False,-8,-10,-1,-4,-10,3,3,3,5,1,3,5,5,5,4,5,4,model_B_M1,1,3,2,ג,21,female,Hebrew,bachelor,מדעי המחשב / הנדסה / דאטה,3,5,5
P018,experiment,1,OPT,2,radar,1,SCN_030_R,radar,easy,Route_C,Route_A,False,Route_A,True,False,20.56,6.9,-2,10,dont_know,Route_B | Route_C,False,dont_know,Route_B | Route_C,False,-8,-10,-1,-4,-10,3,3,3,5,1,3,5,5,5,4,5,4,model_B_M1,1,3,2,ג,21,female,Hebrew,bachelor,מדעי המחשב / הנדסה / דאטה,3,5,5
P018,experiment,1,OPT,2,radar,2,SCN_024_R,radar,hard,Route_C,Route_C,True,Route_B,False,False,12.78,12.1,-1,4,Route_B,Route_B,True,dont_know,Route_A | Route_B,False,-8,-10,-1,-4,-10,3,3,3,5,1,3,5,5,5,4,5,4,model_B_M1,1,3,2,ג,21,female,Hebrew,bachelor,מדעי המחשב / הנדסה / דאטה,3,5,5
P018,experiment,1,OPT,2,radar,3,SCN_027_R,radar,easy,Route_C,Route_C,True,Route_C,True,True,13.46,11.53,-1,8,dont_know,Route_C,False,dont_know,Route_B,False,-8,-10,-1,-4,-10,3,3,3,5,1,3,5,5,5,4,5,4,model_B_M1,1,3,2,ג,21,female,Hebrew,bachelor,מדעי המחשב / הנדסה / דאטה,3,5,5
P018,experiment,1,OPT,2,radar,4,SCN_026_R,radar,hard,Route_B,Route_B,True,Route_C,False,False,12.83,11.93,-1,7,dont_know,Route_B,False,Route_C,Route_C,True,-8,-10,-1,-4,-10,3,3,3,5,1,3,5,5,5,4,5,4,model_B_M1,1,3,2,ג,21,female,Hebrew,bachelor,מדעי המחשב / הנדסה / דאטה,3,5,5
P019,practice,,,,,0,SCN_001_S,stacked_bars,easy,Route_A,Route_A,True,Route_A,True,True,117.48,68.48,10,-5,dont_know,Route_C,False,Route_A,Route_A,True,,,,,,,,,,,,,,,,,,model_A_M0,1,3,2,ג,22,female,Arabic,bachelor,משפטים / כלכלה / מנהל עסקים,6,7,5
P019,practice,,,,,1,SCN_031_S,stacked_bars,easy,Route_A,Route_A,True,Route_B,False,False,38.14,23.05,0,0,Route_B,Route_A | Route_B,True,Route_B,Route_B,True,,,,,,,,,,,,,,,,,,model_A_M0,1,3,2,ג,22,female,Arabic,bachelor,משפטים / כלכלה / מנהל עסקים,6,7,5
P019,practice,,,,,2,SCN_002_R,radar,easy,Route_A,Route_A,True,Route_A,True,True,37.82,20.18,0,0,dont_know,Route_C,False,dont_know,Route_B,False,,,,,,,,,,,,,,,,,,model_A_M0,1,3,2,ג,22,female,Arabic,bachelor,משפטים / כלכלה / מנהל עסקים,6,7,5
P019,practice,,,,,3,SCN_032_R,radar,easy,Route_B,Route_B,True,Route_B,True,True,42.52,49.67,8,4,Route_B,Route_A,False,dont_know,Route_C,False,,,,,,,,,,,,,,,,,,model_A_M0,1,3,2,ג,22,female,Arabic,bachelor,משפטים / כלכלה / מנהל עסקים,6,7,5
P019,practice,,,,,4,SCN_003_H,heatmap,easy,Route_B,Route_B,True,Route_B,True,True,47.46,30.22,4,-3,Route_A,Route_B,False,Route_C,Route_A,False,,,,,,,,,,,,,,,,,,model_A_M0,1,3,2,ג,22,female,Arabic,bachelor,משפטים / כלכלה / מנהל עסקים,6,7,5
P019,practice,,,,,5,SCN_033_H,heatmap,easy,Route_C,Route_C,True,Route_B,False,False,42.89,19.4,7,-4,Route_B,Route_B,True,dont_know,Route_A,False,,,,,,,,,,,,,,,,,,model_A_M0,1,3,2,ג,22,female,Arabic,bachelor,משפטים / כלכלה / מנהל עסקים,6,7,5
P019,experiment,0,OPT,0,stacked_bars,0,SCN_009_S,stacked_bars,easy,Route_C,Route_C,True,Route_C,True,True,21.27,22.61,10,7,Route_C,Route_C,True,Route_B,Route_A,False,-3,-7,2,-3,3,7,4,1,1,4,7,4,4,1,4,1,1,model_A_M0,1,3,2,ג,22,female,Arabic,bachelor,משפטים / כלכלה / מנהל עסקים,6,7,5
P019,experiment,0,OPT,0,stacked_bars,1,SCN_006_S,stacked_bars,hard,Route_C,Route_C,True,Route_C,True,True,38.68,24.98,4,-3,dont_know,Route_A | Route_C,False,Route_C,Route_A | Route_B,False,-3,-7,2,-3,3,7,4,1,1,4,7,4,4,1,4,1,1,model_A_M0,1,3,2,ג,22,female,Arabic,bachelor,משפטים / כלכלה / מנהל עסקים,6,7,5
P019,experiment,0,OPT,0,stacked_bars,2,SCN_007_S,stacked_bars,easy,Route_B,Route_B,True,Route_B,True,True,48.96,13.96,0,0,Route_B,Route_C,False,Route_A,Route_B | Route_C,False,-3,-7,2,-3,3,7,4,1,1,4,7,4,4,1,4,1,1,model_A_M0,1,3,2,ג,22,female,Arabic,bachelor,משפטים / כלכלה / מנהל עסקים,6,7,5
P019,experiment,0,OPT,0,stacked_bars,3,SCN_008_S,stacked_bars,hard,Route_A,Route_C,False,Route_A,False,True,45.48,26.91,-2,-5,dont_know,Route_A,False,dont_know,Route_C,False,-3,-7,2,-3,3,7,4,1,1,4,7,4,4,1,4,1,1,model_A_M0,1,3,2,ג,22,female,Arabic,bachelor,משפטים / כלכלה / מנהל עסקים,6,7,5
P019,experiment,0,OPT,0,stacked_bars,4,SCN_004_S,stacked_bars,easy,Route_C,Route_C,True,Route_C,True,True,26.47,18.22,-1,-2,dont_know,Route_A | Route_B,False,Route_B,Route_A,False,-3,-7,2,-3,3,7,4,1,1,4,7,4,4,1,4,1,1,model_A_M0,1,3,2,ג,22,female,Arabic,bachelor,משפטים / כלכלה / מנהל עסקים,6,7,5
P019,experiment,0,OPT,1,radar,0,SCN_028_R,radar,hard,Route_A,Route_A,True,Route_C,False,False,66.78,26.2,-4,3,dont_know,Route_A | Route_C,False,dont_know,Route_A,False,1,2,-1,-2,-2,7,4,1,1,4,7,4,4,1,4,1,1,model_A_M0,1,3,2,ג,22,female,Arabic,bachelor,משפטים / כלכלה / מנהל עסקים,6,7,5
P019,experiment,0,OPT,1,radar,1,SCN_027_R,radar,easy,Route_C,Route_C,True,Route_C,True,True,49.15,13.02,7,3,dont_know,Route_C,False,Route_B,Route_B,True,1,2,-1,-2,-2,7,4,1,1,4,7,4,4,1,4,1,1,model_A_M0,1,3,2,ג,22,female,Arabic,bachelor,משפטים / כלכלה / מנהל עסקים,6,7,5
P019,experiment,0,OPT,1,radar,2,SCN_024_R,radar,hard,Route_C,Route_A,False,Route_B,False,False,49.7,33.48,-3,2,dont_know,Route_B,False,Route_B,Route_A | Route_B,True,1,2,-1,-2,-2,7,4,1,1,4,7,4,4,1,4,1,1,model_A_M0,1,3,2,ג,22,female,Arabic,bachelor,משפטים / כלכלה / מנהל עסקים,6,7,5
P019,experiment,0,OPT,1,radar,3,SCN_030_R,radar,easy,Route_C,Route_C,True,Route_A,False,False,70.09,25.94,-4,4,Route_C,Route_B | Route_C,True,Route_A,Route_B | Route_C,False,1,2,-1,-2,-2,7,4,1,1,4,7,4,4,1,4,1,1,model_A_M0,1,3,2,ג,22,female,Arabic,bachelor,משפטים / כלכלה / מנהל עסקים,6,7,5
P019,experiment,0,OPT,1,radar,4,SCN_026_R,radar,hard,Route_B,Route_B,True,Route_A,False,False,57.31,20.6,-4,3,Route_A,Route_B,False,dont_know,Route_C,False,1,2,-1,-2,-2,7,4,1,1,4,7,4,4,1,4,1,1,model_A_M0,1,3,2,ג,22,female,Arabic,bachelor,משפטים / כלכלה / מנהל עסקים,6,7,5
P019,experiment,0,OPT,2,heatmap,0,SCN_017_H,heatmap,easy,Route_B,Route_B,True,Route_C,False,False,32.28,16.07,1,-2,dont_know,Route_A,False,Route_A,Route_A | Route_B,True,2,-1,1,2,2,7,4,1,1,4,7,4,4,1,4,1,1,model_A_M0,1,3,2,ג,22,female,Arabic,bachelor,משפטים / כלכלה / מנהל עסקים,6,7,5
P019,experiment,0,OPT,2,heatmap,1,SCN_012_H,heatmap,hard,Route_B,Route_B,True,Route_B,True,True,41.28,26.1,-1,2,Route_B,Route_A | Route_B,True,Route_C,Route_A,False,2,-1,1,2,2,7,4,1,1,4,7,4,4,1,4,1,1,model_A_M0,1,3,2,ג,22,female,Arabic,bachelor,משפטים / כלכלה / מנהל עסקים,6,7,5
P019,experiment,0,OPT,2,heatmap,2,SCN_014_H,heatmap,easy,Route_A,Route_A,True,Route_A,True,True,42.19,23.37,-1,1,Route_C,Route_B,False,dont_know,Route_A,False,2,-1,1,2,2,7,4,1,1,4,7,4,4,1,4,1,1,model_A_M0,1,3,2,ג,22,female,Arabic,bachelor,משפטים / כלכלה / מנהל עסקים,6,7,5
P019,experiment,0,OPT,2,heatmap,3,SCN_016_H,heatmap,hard,Route_B,Route_B,True,Route_C,False,False,45.33,23.14,-1,1,dont_know,Route_B | Route_C,False,dont_know,Route_A,False,2,-1,1,2,2,7,4,1,1,4,7,4,4,1,4,1,1,model_A_M0,1,3,2,ג,22,female,Arabic,bachelor,משפטים / כלכלה / מנהל עסקים,6,7,5
P019,experiment,0,OPT,2,heatmap,4,SCN_025_H,heatmap,easy,Route_A,Route_C,False,Route_C,True,False,15.63,14.18,-1,1,dont_know,Route_C,False,dont_know,Route_C,False,2,-1,1,2,2,7,4,1,1,4,7,4,4,1,4,1,1,model_A_M0,1,3,2,ג,22,female,Arabic,bachelor,משפטים / כלכלה / מנהל עסקים,6,7,5
P019,experiment,1,SUB,0,radar,0,SCN_021_R,radar,easy,Route_C,Route_B,False,Route_B,True,False,42.85,18.31,-1,-1,Route_B,Route_B,True,Route_C,Route_A,False,1,2,-2,-4,-4,7,4,1,1,1,4,1,3,1,1,1,1,model_A_M0,1,3,2,ג,22,female,Arabic,bachelor,משפטים / כלכלה / מנהל עסקים,6,7,5
P019,experiment,1,SUB,0,radar,1,SCN_022_R,radar,hard,Route_A,Route_B,False,Route_A,False,True,52.39,18.22,-3,3,dont_know,Route_A,False,dont_know,Route_A,False,1,2,-2,-4,-4,7,4,1,1,1,4,1,3,1,1,1,1,model_A_M0,1,3,2,ג,22,female,Arabic,bachelor,משפטים / כלכלה / מנהל עסקים,6,7,5
P019,experiment,1,SUB,0,radar,2,SCN_023_R,radar,easy,Route_B,Route_B,True,Route_C,False,False,41.39,15.7,-2,1,dont_know,Route_B,False,Route_C,Route_C,True,1,2,-2,-4,-4,7,4,1,1,1,4,1,3,1,1,1,1,model_A_M0,1,3,2,ג,22,female,Arabic,bachelor,משפטים / כלכלה / מנהל עסקים,6,7,5
P019,experiment,1,SUB,0,radar,3,SCN_029_R,radar,hard,Route_B,Route_B,True,Route_A,False,False,35.03,12.88,0,0,dont_know,Route_A | Route_C,False,Route_B,Route_C,False,1,2,-2,-4,-4,7,4,1,1,1,4,1,3,1,1,1,1,model_A_M0,1,3,2,ג,22,female,Arabic,bachelor,משפטים / כלכלה / מנהל עסקים,6,7,5
P019,experiment,1,SUB,1,heatmap,0,SCN_019_H,heatmap,easy,Route_A,Route_A,True,Route_C,False,False,39.75,17.58,2,-1,dont_know,Route_C,False,Route_C,Route_B | Route_C,True,-1,-2,-2,-1,-1,7,4,1,1,1,4,1,3,1,1,1,1,model_A_M0,1,3,2,ג,22,female,Arabic,bachelor,משפטים / כלכלה / מנהל עסקים,6,7,5
P019,experiment,1,SUB,1,heatmap,1,SCN_020_H,heatmap,hard,Route_B,Route_C,False,Route_C,True,False,38.81,16.46,2,-1,Route_C,Route_C,True,dont_know,Route_C,False,-1,-2,-2,-1,-1,7,4,1,1,1,4,1,3,1,1,1,1,model_A_M0,1,3,2,ג,22,female,Arabic,bachelor,משפטים / כלכלה / מנהל עסקים,6,7,5
P019,experiment,1,SUB,1,heatmap,2,SCN_015_H,heatmap,easy,Route_C,Route_B,False,Route_C,False,True,45.43,18.33,-3,-3,Route_A,Route_B,False,dont_know,Route_B,False,-1,-2,-2,-1,-1,7,4,1,1,1,4,1,3,1,1,1,1,model_A_M0,1,3,2,ג,22,female,Arabic,bachelor,משפטים / כלכלה / מנהל עסקים,6,7,5
P019,experiment,1,SUB,1,heatmap,3,SCN_018_H,heatmap,hard,Route_C,Route_C,True,Route_C,True,True,45.18,17.21,-2,-1,dont_know,Route_C,False,dont_know,Route_B,False,-1,-2,-2,-1,-1,7,4,1,1,1,4,1,3,1,1,1,1,model_A_M0,1,3,2,ג,22,female,Arabic,bachelor,משפטים / כלכלה / מנהל עסקים,6,7,5
P019,experiment,1,SUB,2,stacked_bars,0,SCN_011_S,stacked_bars,easy,Route_B,Route_A,False,Route_C,False,False,31.96,11.18,-2,-2,dont_know,Route_A,False,dont_know,Route_B,False,3,-4,-10,-6,-10,7,4,1,1,1,4,1,3,1,1,1,1,model_A_M0,1,3,2,ג,22,female,Arabic,bachelor,משפטים / כלכלה / מנהל עסקים,6,7,5
P019,experiment,1,SUB,2,stacked_bars,1,SCN_010_S,stacked_bars,hard,Route_C,Route_C,True,Route_C,True,True,31.28,25.44,5,5,Route_B,Route_B,True,dont_know,Route_A | Route_B,False,3,-4,-10,-6,-10,7,4,1,1,1,4,1,3,1,1,1,1,model_A_M0,1,3,2,ג,22,female,Arabic,bachelor,משפטים / כלכלה / מנהל עסקים,6,7,5
P019,experiment,1,SUB,2,stacked_bars,2,SCN_005_S,stacked_bars,easy,Route_C,Route_C,True,Route_C,True,True,24.62,22.71,-2,-2,dont_know,Route_A,False,dont_know,Route_B,False,3,-4,-10,-6,-10,7,4,1,1,1,4,1,3,1,1,1,1,model_A_M0,1,3,2,ג,22,female,Arabic,bachelor,משפטים / כלכלה / מנהל עסקים,6,7,5
P019,experiment,1,SUB,2,stacked_bars,3,SCN_013_S,stacked_bars,hard,Route_B,Route_C,False,Route_C,True,False,39.0,13.24,-2,-4,dont_know,Route_B,False,dont_know,Route_B | Route_C,False,3,-4,-10,-6,-10,7,4,1,1,1,4,1,3,1,1,1,1,model_A_M0,1,3,2,ג,22,female,Arabic,bachelor,משפטים / כלכלה / מנהל עסקים,6,7,5
P020,practice,,,,,0,SCN_001_S,stacked_bars,easy,Route_A,Route_A,True,Route_A,True,True,24.43,54.39,10,-10,Route_A,Route_C,False,Route_B,Route_A,False,,,,,,,,,,,,,,,,,,model_B_M1,1,3,2,ג,25,female,Hebrew,bachelor,מדעי המחשב / הנדסה / דאטה,7,6,6
P020,practice,,,,,1,SCN_031_S,stacked_bars,easy,Route_A,Route_A,True,Route_B,False,False,88.24,26.68,8,-9,Route_B,Route_A | Route_B,True,Route_B,Route_B,True,,,,,,,,,,,,,,,,,,model_B_M1,1,3,2,ג,25,female,Hebrew,bachelor,מדעי המחשב / הנדסה / דאטה,7,6,6
P020,practice,,,,,2,SCN_002_R,radar,easy,Route_A,Route_A,True,Route_A,True,True,68.79,20.9,10,-8,dont_know,Route_C,False,dont_know,Route_B,False,,,,,,,,,,,,,,,,,,model_B_M1,1,3,2,ג,25,female,Hebrew,bachelor,מדעי המחשב / הנדסה / דאטה,7,6,6
P020,practice,,,,,3,SCN_032_R,radar,easy,Route_B,Route_B,True,Route_B,True,True,81.88,18.07,9,-8,Route_B,Route_A,False,Route_B,Route_C,False,,,,,,,,,,,,,,,,,,model_B_M1,1,3,2,ג,25,female,Hebrew,bachelor,מדעי המחשב / הנדסה / דאטה,7,6,6
P020,practice,,,,,4,SCN_003_H,heatmap,easy,Route_B,Route_B,True,Route_B,True,True,49.95,17.36,10,-8,Route_B,Route_B,True,dont_know,Route_A,False,,,,,,,,,,,,,,,,,,model_B_M1,1,3,2,ג,25,female,Hebrew,bachelor,מדעי המחשב / הנדסה / דאטה,7,6,6
P020,practice,,,,,5,SCN_033_H,heatmap,easy,Route_C,Route_C,True,Route_A,False,False,93.6,24.83,9,-7,Route_A,Route_B,False,dont_know,Route_A,False,,,,,,,,,,,,,,,,,,model_B_M1,1,3,2,ג,25,female,Hebrew,bachelor,מדעי המחשב / הנדסה / דאטה,7,6,6
P020,experiment,0,SUB,0,heatmap,0,SCN_019_H,heatmap,easy,Route_A,Route_A,True,Route_C,False,False,57.78,37.23,10,-6,Route_A,Route_C,False,Route_C,Route_B | Route_C,True,4,-3,9,-2,4,5,2,6,5,1,4,5,5,5,5,5,5,model_B_M1,1,3,2,ג,25,female,Hebrew,bachelor,מדעי המחשב / הנדסה / דאטה,7,6,6
P020,experiment,0,SUB,0,heatmap,1,SCN_018_H,heatmap,hard,Route_C,Route_A,False,Route_A,True,False,84.92,31.58,9,-6,Route_B,Route_C,False,Route_B,Route_B,True,4,-3,9,-2,4,5,2,6,5,1,4,5,5,5,5,5,5,model_B_M1,1,3,2,ג,25,female,Hebrew,bachelor,מדעי המחשב / הנדסה / דאטה,7,6,6
P020,experiment,0,SUB,0,heatmap,2,SCN_015_H,heatmap,easy,Route_C,Route_B,False,Route_A,False,False,84.43,19.76,8,-5,Route_C,Route_B,False,dont_know,Route_B,False,4,-3,9,-2,4,5,2,6,5,1,4,5,5,5,5,5,5,model_B_M1,1,3,2,ג,25,female,Hebrew,bachelor,מדעי המחשב / הנדסה / דאטה,7,6,6
P020,experiment,0,SUB,0,heatmap,3,SCN_020_H,heatmap,hard,Route_B,Route_B,True,Route_C,False,False,45.89,14.2,9,-6,Route_C,Route_C,True,Route_B,Route_C,False,4,-3,9,-2,4,5,2,6,5,1,4,5,5,5,5,5,5,model_B_M1,1,3,2,ג,25,female,Hebrew,bachelor,מדעי המחשב / הנדסה / דאטה,7,6,6
P020,experiment,0,SUB,1,stacked_bars,0,SCN_005_S,stacked_bars,easy,Route_C,Route_B,False,Route_C,False,True,69.98,31.07,8,-5,Route_B,Route_A,False,Route_C,Route_B,False,3,-3,9,-3,1,5,2,6,5,1,4,5,5,5,5,5,5,model_B_M1,1,3,2,ג,25,female,Hebrew,bachelor,מדעי המחשב / הנדסה / דאטה,7,6,6
P020,experiment,0,SUB,1,stacked_bars,1,SCN_010_S,stacked_bars,hard,Route_C,Route_C,True,Route_C,True,True,28.16,25.5,10,-9,Route_A,Route_B,False,Route_A,Route_A | Route_B,True,3,-3,9,-3,1,5,2,6,5,1,4,5,5,5,5,5,5,model_B_M1,1,3,2,ג,25,female,Hebrew,bachelor,מדעי המחשב / הנדסה / דאטה,7,6,6
P020,experiment,0,SUB,1,stacked_bars,2,SCN_011_S,stacked_bars,easy,Route_B,Route_B,True,Route_B,True,True,33.22,33.41,8,-4,Route_B,Route_A,False,Route_C,Route_B,False,3,-3,9,-3,1,5,2,6,5,1,4,5,5,5,5,5,5,model_B_M1,1,3,2,ג,25,female,Hebrew,bachelor,מדעי המחשב / הנדסה / דאטה,7,6,6
P020,experiment,0,SUB,1,stacked_bars,3,SCN_013_S,stacked_bars,hard,Route_B,Route_C,False,Route_B,False,True,46.01,30.87,8,-5,Route_C,Route_B,False,Route_A,Route_B | Route_C,False,3,-3,9,-3,1,5,2,6,5,1,4,5,5,5,5,5,5,model_B_M1,1,3,2,ג,25,female,Hebrew,bachelor,מדעי המחשב / הנדסה / דאטה,7,6,6
P020,experiment,0,SUB,2,radar,0,SCN_023_R,radar,easy,Route_B,Route_A,False,Route_C,False,False,56.02,23.83,9,-4,Route_C,Route_B,False,Route_C,Route_C,True,3,-2,9,-1,-1,5,2,6,5,1,4,5,5,5,5,5,5,model_B_M1,1,3,2,ג,25,female,Hebrew,bachelor,מדעי המחשב / הנדסה / דאטה,7,6,6
P020,experiment,0,SUB,2,radar,1,SCN_022_R,radar,hard,Route_A,Route_B,False,Route_A,False,True,77.28,25.59,8,-4,Route_B,Route_A,False,Route_C,Route_A,False,3,-2,9,-1,-1,5,2,6,5,1,4,5,5,5,5,5,5,model_B_M1,1,3,2,ג,25,female,Hebrew,bachelor,מדעי המחשב / הנדסה / דאטה,7,6,6
P020,experiment,0,SUB,2,radar,2,SCN_021_R,radar,easy,Route_C,Route_C,True,Route_A,False,False,57.06,19.9,8,-3,Route_A,Route_B,False,Route_A,Route_A,True,3,-2,9,-1,-1,5,2,6,5,1,4,5,5,5,5,5,5,model_B_M1,1,3,2,ג,25,female,Hebrew,bachelor,מדעי המחשב / הנדסה / דאטה,7,6,6
P020,experiment,0,SUB,2,radar,3,SCN_029_R,radar,hard,Route_B,Route_B,True,Route_A,False,False,47.0,14.23,8,-4,dont_know,Route_A | Route_C,False,Route_C,Route_C,True,3,-2,9,-1,-1,5,2,6,5,1,4,5,5,5,5,5,5,model_B_M1,1,3,2,ג,25,female,Hebrew,bachelor,מדעי המחשב / הנדסה / דאטה,7,6,6
P020,experiment,1,OPT,0,radar,0,SCN_024_R,radar,hard,Route_C,Route_C,True,Route_B,False,False,36.63,17.64,8,-4,Route_A,Route_B,False,Route_A,Route_A | Route_B,True,-2,-3,9,-2,-1,3,1,5,1,1,6,5,7,6,6,6,7,model_B_M1,1,3,2,ג,25,female,Hebrew,bachelor,מדעי המחשב / הנדסה / דאטה,7,6,6
P020,experiment,1,OPT,0,radar,1,SCN_027_R,radar,easy,Route_C,Route_C,True,Route_B,False,False,37.41,18.07,8,-3,Route_C,Route_C,True,Route_A,Route_B,False,-2,-3,9,-2,-1,3,1,5,1,1,6,5,7,6,6,6,7,model_B_M1,1,3,2,ג,25,female,Hebrew,bachelor,מדעי המחשב / הנדסה / דאטה,7,6,6
P020,experiment,1,OPT,0,radar,2,SCN_026_R,radar,hard,Route_B,Route_C,False,Route_C,True,False,45.0,21.03,10,-6,Route_A,Route_B,False,Route_C,Route_C,True,-2,-3,9,-2,-1,3,1,5,1,1,6,5,7,6,6,6,7,model_B_M1,1,3,2,ג,25,female,Hebrew,bachelor,מדעי המחשב / הנדסה / דאטה,7,6,6
P020,experiment,1,OPT,0,radar,3,SCN_030_R,radar,easy,Route_C,Route_C,True,Route_A,False,False,28.58,24.54,8,-4,dont_know,Route_B | Route_C,False,dont_know,Route_B | Route_C,False,-2,-3,9,-2,-1,3,1,5,1,1,6,5,7,6,6,6,7,model_B_M1,1,3,2,ג,25,female,Hebrew,bachelor,מדעי המחשב / הנדסה / דאטה,7,6,6
P020,experiment,1,OPT,0,radar,4,SCN_028_R,radar,hard,Route_A,Route_A,True,Route_A,True,True,62.66,17.94,8,-2,Route_C,Route_A | Route_C,True,dont_know,Route_A,False,-2,-3,9,-2,-1,3,1,5,1,1,6,5,7,6,6,6,7,model_B_M1,1,3,2,ג,25,female,Hebrew,bachelor,מדעי המחשב / הנדסה / דאטה,7,6,6
P020,experiment,1,OPT,1,heatmap,0,SCN_017_H,heatmap,easy,Route_B,Route_B,True,Route_B,True,True,37.58,13.97,9,-2,Route_A,Route_A,True,Route_A,Route_A | Route_B,True,0,-4,9,-3,-1,3,1,5,1,1,6,5,7,6,6,6,7,model_B_M1,1,3,2,ג,25,female,Hebrew,bachelor,מדעי המחשב / הנדסה / דאטה,7,6,6
P020,experiment,1,OPT,1,heatmap,1,SCN_016_H,heatmap,hard,Route_B,Route_B,True,Route_B,True,True,45.42,29.09,9,0,Route_C,Route_B | Route_C,True,Route_C,Route_A,False,0,-4,9,-3,-1,3,1,5,1,1,6,5,7,6,6,6,7,model_B_M1,1,3,2,ג,25,female,Hebrew,bachelor,מדעי המחשב / הנדסה / דאטה,7,6,6
P020,experiment,1,OPT,1,heatmap,2,SCN_025_H,heatmap,easy,Route_A,Route_A,True,Route_C,False,False,38.76,28.35,8,3,Route_C,Route_C,True,dont_know,Route_C,False,0,-4,9,-3,-1,3,1,5,1,1,6,5,7,6,6,6,7,model_B_M1,1,3,2,ג,25,female,Hebrew,bachelor,מדעי המחשב / הנדסה / דאטה,7,6,6
P020,experiment,1,OPT,1,heatmap,3,SCN_012_H,heatmap,hard,Route_B,Route_C,False,Route_B,False,True,57.14,16.63,9,1,Route_B,Route_A | Route_B,True,Route_A,Route_A,True,0,-4,9,-3,-1,3,1,5,1,1,6,5,7,6,6,6,7,model_B_M1,1,3,2,ג,25,female,Hebrew,bachelor,מדעי המחשב / הנדסה / דאטה,7,6,6
P020,experiment,1,OPT,1,heatmap,4,SCN_014_H,heatmap,easy,Route_A,Route_A,True,Route_A,True,True,43.88,19.09,9,1,Route_A,Route_B,False,dont_know,Route_A,False,0,-4,9,-3,-1,3,1,5,1,1,6,5,7,6,6,6,7,model_B_M1,1,3,2,ג,25,female,Hebrew,bachelor,מדעי המחשב / הנדסה / דאטה,7,6,6
P020,experiment,1,OPT,2,stacked_bars,0,SCN_004_S,stacked_bars,easy,Route_C,Route_C,True,Route_C,True,True,46.44,18.01,8,2,Route_A,Route_A | Route_B,True,dont_know,Route_A,False,2,0,9,0,1,3,1,5,1,1,6,5,7,6,6,6,7,model_B_M1,1,3,2,ג,25,female,Hebrew,bachelor,מדעי המחשב / הנדסה / דאטה,7,6,6
P020,experiment,1,OPT,2,stacked_bars,1,SCN_008_S,stacked_bars,hard,Route_A,Route_A,True,Route_A,True,True,35.72,18.49,8,1,Route_B,Route_A,False,Route_A,Route_C,False,2,0,9,0,1,3,1,5,1,1,6,5,7,6,6,6,7,model_B_M1,1,3,2,ג,25,female,Hebrew,bachelor,מדעי המחשב / הנדסה / דאטה,7,6,6
P020,experiment,1,OPT,2,stacked_bars,2,SCN_007_S,stacked_bars,easy,Route_B,Route_B,True,Route_B,True,True,32.98,11.66,9,1,Route_A,Route_C,False,Route_A,Route_B | Route_C,False,2,0,9,0,1,3,1,5,1,1,6,5,7,6,6,6,7,model_B_M1,1,3,2,ג,25,female,Hebrew,bachelor,מדעי המחשב / הנדסה / דאטה,7,6,6
P020,experiment,1,OPT,2,stacked_bars,3,SCN_006_S,stacked_bars,hard,Route_C,Route_C,True,Route_C,True,True,45.71,15.67,8,1,Route_A,Route_A | Route_C,True,Route_C,Route_A | Route_B,False,2,0,9,0,1,3,1,5,1,1,6,5,7,6,6,6,7,model_B_M1,1,3,2,ג,25,female,Hebrew,bachelor,מדעי המחשב / הנדסה / דאטה,7,6,6
P020,experiment,1,OPT,2,stacked_bars,4,SCN_009_S,stacked_bars,easy,Route_C,Route_B,False,Route_C,False,True,36.18,12.43,9,-1,Route_C,Route_C,True,Route_A,Route_A,True,2,0,9,0,1,3,1,5,1,1,6,5,7,6,6,6,7,model_B_M1,1,3,2,ג,25,female,Hebrew,bachelor,מדעי המחשב / הנדסה / דאטה,7,6,6
P021,practice,,,,,0,SCN_001_S,stacked_bars,easy,Route_A,Route_A,True,Route_A,True,True,85.12,63.1,10,-10,dont_know,Route_C,False,dont_know,Route_A,False,,,,,,,,,,,,,,,,,,model_A_M0,2,3,1,ג,34,male,Hebrew,bachelor,מדעי החברה / חינוך / פסיכולוגיה,7,7,7
P021,practice,,,,,1,SCN_031_S,stacked_bars,easy,Route_A,Route_A,True,Route_B,False,False,46.66,31.78,10,-10,Route_B,Route_A | Route_B,True,Route_B,Route_B,True,,,,,,,,,,,,,,,,,,model_A_M0,2,3,1,ג,34,male,Hebrew,bachelor,מדעי החברה / חינוך / פסיכולוגיה,7,7,7
P021,practice,,,,,2,SCN_002_R,radar,easy,Route_A,Route_A,True,Route_A,True,True,42.04,13.13,10,-10,dont_know,Route_C,False,dont_know,Route_B,False,,,,,,,,,,,,,,,,,,model_A_M0,2,3,1,ג,34,male,Hebrew,bachelor,מדעי החברה / חינוך / פסיכולוגיה,7,7,7
P021,practice,,,,,3,SCN_032_R,radar,easy,Route_B,Route_B,True,Route_B,True,True,53.61,52.06,6,-10,Route_B,Route_A,False,dont_know,Route_C,False,,,,,,,,,,,,,,,,,,model_A_M0,2,3,1,ג,34,male,Hebrew,bachelor,מדעי החברה / חינוך / פסיכולוגיה,7,7,7
P021,practice,,,,,4,SCN_003_H,heatmap,easy,Route_B,Route_B,True,Route_B,True,True,30.47,10.04,10,-10,dont_know,Route_B,False,dont_know,Route_A,False,,,,,,,,,,,,,,,,,,model_A_M0,2,3,1,ג,34,male,Hebrew,bachelor,מדעי החברה / חינוך / פסיכולוגיה,7,7,7
P021,practice,,,,,5,SCN_033_H,heatmap,easy,Route_C,Route_C,True,Route_B,False,False,50.93,10.02,10,-10,Route_B,Route_B,True,Route_B,Route_A,False,,,,,,,,,,,,,,,,,,model_A_M0,2,3,1,ג,34,male,Hebrew,bachelor,מדעי החברה / חינוך / פסיכולוגיה,7,7,7
P021,experiment,0,OPT,0,heatmap,0,SCN_024_H,heatmap,hard,Route_C,Route_C,True,Route_B,False,False,47.35,12.48,10,-10,Route_B,Route_B,True,Route_B,Route_A | Route_B,True,10,10,10,10,10,2,1,1,2,1,5,5,5,5,5,5,5,model_A_M0,2,3,1,ג,34,male,Hebrew,bachelor,מדעי החברה / חינוך / פסיכולוגיה,7,7,7
P021,experiment,0,OPT,0,heatmap,1,SCN_030_H,heatmap,easy,Route_C,Route_C,True,Route_B,False,False,32.46,11.95,10,-10,Route_A,Route_B | Route_C,False,Route_A,Route_B | Route_C,False,10,10,10,10,10,2,1,1,2,1,5,5,5,5,5,5,5,model_A_M0,2,3,1,ג,34,male,Hebrew,bachelor,מדעי החברה / חינוך / פסיכולוגיה,7,7,7
P021,experiment,0,OPT,0,heatmap,2,SCN_028_H,heatmap,hard,Route_A,Route_A,True,Route_B,False,False,46.16,16.92,10,-10,Route_B,Route_A | Route_C,False,Route_C,Route_A,False,10,10,10,10,10,2,1,1,2,1,5,5,5,5,5,5,5,model_A_M0,2,3,1,ג,34,male,Hebrew,bachelor,מדעי החברה / חינוך / פסיכולוגיה,7,7,7
P021,experiment,0,OPT,0,heatmap,3,SCN_027_H,heatmap,easy,Route_C,Route_B,False,Route_C,False,True,58.94,13.1,10,-10,Route_A,Route_C,False,Route_A,Route_B,False,10,10,10,10,10,2,1,1,2,1,5,5,5,5,5,5,5,model_A_M0,2,3,1,ג,34,male,Hebrew,bachelor,מדעי החברה / חינוך / פסיכולוגיה,7,7,7
P021,experiment,0,OPT,0,heatmap,4,SCN_026_H,heatmap,hard,Route_B,Route_B,True,Route_C,False,False,55.44,22.12,10,-10,Route_B,Route_B,True,Route_B,Route_C,False,10,10,10,10,10,2,1,1,2,1,5,5,5,5,5,5,5,model_A_M0,2,3,1,ג,34,male,Hebrew,bachelor,מדעי החברה / חינוך / פסיכולוגיה,7,7,7
P021,experiment,0,OPT,1,stacked_bars,0,SCN_025_S,stacked_bars,easy,Route_A,Route_A,True,Route_C,False,False,47.57,16.59,10,-10,Route_C,Route_C,True,Route_C,Route_C,True,10,10,10,10,10,2,1,1,2,1,5,5,5,5,5,5,5,model_A_M0,2,3,1,ג,34,male,Hebrew,bachelor,מדעי החברה / חינוך / פסיכולוגיה,7,7,7
P021,experiment,0,OPT,1,stacked_bars,1,SCN_016_S,stacked_bars,hard,Route_B,Route_B,True,Route_B,True,True,47.17,7.59,10,-10,Route_A,Route_B | Route_C,False,Route_B,Route_A,False,10,10,10,10,10,2,1,1,2,1,5,5,5,5,5,5,5,model_A_M0,2,3,1,ג,34,male,Hebrew,bachelor,מדעי החברה / חינוך / פסיכולוגיה,7,7,7
P021,experiment,0,OPT,1,stacked_bars,2,SCN_014_S,stacked_bars,easy,Route_A,Route_B,False,Route_A,False,True,44.82,6.81,10,10,Route_A,Route_B,False,Route_A,Route_A,True,10,10,10,10,10,2,1,1,2,1,5,5,5,5,5,5,5,model_A_M0,2,3,1,ג,34,male,Hebrew,bachelor,מדעי החברה / חינוך / פסיכולוגיה,7,7,7
P021,experiment,0,OPT,1,stacked_bars,3,SCN_012_S,stacked_bars,hard,Route_B,Route_B,True,Route_B,True,True,38.62,6.4,10,-10,Route_B,Route_A | Route_B,True,Route_B,Route_A,False,10,10,10,10,10,2,1,1,2,1,5,5,5,5,5,5,5,model_A_M0,2,3,1,ג,34,male,Hebrew,bachelor,מדעי החברה / חינוך / פסיכולוגיה,7,7,7
P021,experiment,0,OPT,1,stacked_bars,4,SCN_017_S,stacked_bars,easy,Route_B,Route_B,True,Route_C,False,False,48.53,21.75,10,-10,Route_A,Route_A,True,Route_C,Route_A | Route_B,False,10,10,10,10,10,2,1,1,2,1,5,5,5,5,5,5,5,model_A_M0,2,3,1,ג,34,male,Hebrew,bachelor,מדעי החברה / חינוך / פסיכולוגיה,7,7,7
P021,experiment,0,OPT,2,radar,0,SCN_009_R,radar,easy,Route_C,Route_C,True,Route_C,True,True,43.36,7.7,10,-10,Route_C,Route_C,True,Route_C,Route_A,False,10,10,10,10,10,2,1,1,2,1,5,5,5,5,5,5,5,model_A_M0,2,3,1,ג,34,male,Hebrew,bachelor,מדעי החברה / חינוך / פסיכולוגיה,7,7,7
P021,experiment,0,OPT,2,radar,1,SCN_006_R,radar,hard,Route_C,Route_C,True,Route_C,True,True,50.57,22.54,10,-10,Route_C,Route_A | Route_C,True,Route_C,Route_A | Route_B,False,10,10,10,10,10,2,1,1,2,1,5,5,5,5,5,5,5,model_A_M0,2,3,1,ג,34,male,Hebrew,bachelor,מדעי החברה / חינוך / פסיכולוגיה,7,7,7
P021,experiment,0,OPT,2,radar,2,SCN_004_R,radar,easy,Route_C,Route_B,False,Route_C,False,True,52.93,11.5,10,-10,Route_C,Route_A | Route_B,False,Route_C,Route_A,False,10,10,10,10,10,2,1,1,2,1,5,5,5,5,5,5,5,model_A_M0,2,3,1,ג,34,male,Hebrew,bachelor,מדעי החברה / חינוך / פסיכולוגיה,7,7,7
P021,experiment,0,OPT,2,radar,3,SCN_008_R,radar,hard,Route_A,Route_A,True,Route_A,True,True,44.02,14.51,10,-10,Route_A,Route_A,True,Route_C,Route_C,True,10,10,10,10,10,2,1,1,2,1,5,5,5,5,5,5,5,model_A_M0,2,3,1,ג,34,male,Hebrew,bachelor,מדעי החברה / חינוך / פסיכולוגיה,7,7,7
P021,experiment,0,OPT,2,radar,4,SCN_007_R,radar,easy,Route_B,Route_B,True,Route_B,True,True,45.41,7.67,10,-10,Route_B,Route_C,False,Route_B,Route_B | Route_C,True,10,10,10,10,10,2,1,1,2,1,5,5,5,5,5,5,5,model_A_M0,2,3,1,ג,34,male,Hebrew,bachelor,מדעי החברה / חינוך / פסיכולוגיה,7,7,7
P021,experiment,1,SUB,0,stacked_bars,0,SCN_015_S,stacked_bars,easy,Route_C,Route_C,True,Route_C,True,True,46.8,8.1,10,-10,Route_B,Route_B,True,Route_B,Route_B,True,10,10,10,10,10,2,1,1,1,1,5,5,5,5,5,5,5,model_A_M0,2,3,1,ג,34,male,Hebrew,bachelor,מדעי החברה / חינוך / פסיכולוגיה,7,7,7
P021,experiment,1,SUB,0,stacked_bars,1,SCN_020_S,stacked_bars,hard,Route_B,Route_B,True,Route_C,False,False,43.05,13.41,10,-10,Route_B,Route_C,False,Route_C,Route_C,True,10,10,10,10,10,2,1,1,1,1,5,5,5,5,5,5,5,model_A_M0,2,3,1,ג,34,male,Hebrew,bachelor,מדעי החברה / חינוך / פסיכולוגיה,7,7,7
P021,experiment,1,SUB,0,stacked_bars,2,SCN_019_S,stacked_bars,easy,Route_A,Route_C,False,Route_C,True,False,41.15,8.68,10,-10,Route_C,Route_C,True,Route_C,Route_B | Route_C,True,10,10,10,10,10,2,1,1,1,1,5,5,5,5,5,5,5,model_A_M0,2,3,1,ג,34,male,Hebrew,bachelor,מדעי החברה / חינוך / פסיכולוגיה,7,7,7
P021,experiment,1,SUB,0,stacked_bars,3,SCN_018_S,stacked_bars,hard,Route_C,Route_A,False,Route_A,True,False,48.83,10.2,10,-10,Route_C,Route_C,True,Route_A,Route_B,False,10,10,10,10,10,2,1,1,1,1,5,5,5,5,5,5,5,model_A_M0,2,3,1,ג,34,male,Hebrew,bachelor,מדעי החברה / חינוך / פסיכולוגיה,7,7,7
P021,experiment,1,SUB,1,radar,0,SCN_011_R,radar,easy,Route_B,Route_B,True,Route_B,True,True,45.89,7.72,10,-10,Route_B,Route_A,False,Route_A,Route_B,False,10,10,10,10,10,2,1,1,1,1,5,5,5,5,5,5,5,model_A_M0,2,3,1,ג,34,male,Hebrew,bachelor,מדעי החברה / חינוך / פסיכולוגיה,7,7,7
P021,experiment,1,SUB,1,radar,1,SCN_010_R,radar,hard,Route_C,Route_B,False,Route_A,False,False,51.44,8.9,10,-10,Route_A,Route_B,False,Route_C,Route_A | Route_B,False,10,10,10,10,10,2,1,1,1,1,5,5,5,5,5,5,5,model_A_M0,2,3,1,ג,34,male,Hebrew,bachelor,מדעי החברה / חינוך / פסיכולוגיה,7,7,7
P021,experiment,1,SUB,1,radar,2,SCN_005_R,radar,easy,Route_C,Route_B,False,Route_C,False,True,46.52,18.98,10,-10,Route_B,Route_A,False,Route_B,Route_B,True,10,10,10,10,10,2,1,1,1,1,5,5,5,5,5,5,5,model_A_M0,2,3,1,ג,34,male,Hebrew,bachelor,מדעי החברה / חינוך / פסיכולוגיה,7,7,7
P021,experiment,1,SUB,1,radar,3,SCN_013_R,radar,hard,Route_B,Route_B,True,Route_B,True,True,42.04,8.1,10,-10,Route_B,Route_B,True,Route_B,Route_B | Route_C,True,10,10,10,10,10,2,1,1,1,1,5,5,5,5,5,5,5,model_A_M0,2,3,1,ג,34,male,Hebrew,bachelor,מדעי החברה / חינוך / פסיכולוגיה,7,7,7
P021,experiment,1,SUB,2,heatmap,0,SCN_023_H,heatmap,easy,Route_B,Route_A,False,Route_C,False,False,49.02,7.44,10,-10,Route_C,Route_B,False,Route_A,Route_C,False,10,10,10,10,10,2,1,1,1,1,5,5,5,5,5,5,5,model_A_M0,2,3,1,ג,34,male,Hebrew,bachelor,מדעי החברה / חינוך / פסיכולוגיה,7,7,7
P021,experiment,1,SUB,2,heatmap,1,SCN_022_H,heatmap,hard,Route_A,Route_A,True,Route_B,False,False,48.72,19.0,10,-10,Route_A,Route_A,True,Route_A,Route_A,True,10,10,10,10,10,2,1,1,1,1,5,5,5,5,5,5,5,model_A_M0,2,3,1,ג,34,male,Hebrew,bachelor,מדעי החברה / חינוך / פסיכולוגיה,7,7,7
P021,experiment,1,SUB,2,heatmap,2,SCN_021_H,heatmap,easy,Route_C,Route_C,True,Route_B,False,False,43.55,9.34,10,-10,Route_B,Route_B,True,Route_C,Route_A,False,10,10,10,10,10,2,1,1,1,1,5,5,5,5,5,5,5,model_A_M0,2,3,1,ג,34,male,Hebrew,bachelor,מדעי החברה / חינוך / פסיכולוגיה,7,7,7
P021,experiment,1,SUB,2,heatmap,3,SCN_029_H,heatmap,hard,Route_B,Route_A,False,Route_A,True,False,49.88,12.67,10,-10,Route_A,Route_A | Route_C,True,Route_A,Route_C,False,10,10,10,10,10,2,1,1,1,1,5,5,5,5,5,5,5,model_A_M0,2,3,1,ג,34,male,Hebrew,bachelor,מדעי החברה / חינוך / פסיכולוגיה,7,7,7
P022,practice,,,,,0,SCN_001_S,stacked_bars,easy,Route_A,Route_A,True,Route_A,True,True,24.19,44.56,10,-10,dont_know,Route_C,False,dont_know,Route_A,False,,,,,,,,,,,,,,,,,,model_A_M0,2,3,1,ג,25,male,Hebrew,תעודה / קורסים,מדעי המחשב / הנדסה / דאטה,6,6,4
P022,practice,,,,,1,SCN_031_S,stacked_bars,easy,Route_A,Route_A,True,Route_B,False,False,26.09,13.76,8,-9,Route_B,Route_A | Route_B,True,Route_B,Route_B,True,,,,,,,,,,,,,,,,,,model_A_M0,2,3,1,ג,25,male,Hebrew,תעודה / קורסים,מדעי המחשב / הנדסה / דאטה,6,6,4
P022,practice,,,,,2,SCN_002_R,radar,easy,Route_A,Route_A,True,Route_A,True,True,16.84,20.85,10,-10,dont_know,Route_C,False,Route_B,Route_B,True,,,,,,,,,,,,,,,,,,model_A_M0,2,3,1,ג,25,male,Hebrew,תעודה / קורסים,מדעי המחשב / הנדסה / דאטה,6,6,4
P022,practice,,,,,3,SCN_032_R,radar,easy,Route_B,Route_B,True,Route_B,True,True,23.13,17.96,8,-10,Route_A,Route_A,True,dont_know,Route_C,False,,,,,,,,,,,,,,,,,,model_A_M0,2,3,1,ג,25,male,Hebrew,תעודה / קורסים,מדעי המחשב / הנדסה / דאטה,6,6,4
P022,practice,,,,,4,SCN_003_H,heatmap,easy,Route_B,Route_B,True,Route_B,True,True,17.62,14.76,10,-10,dont_know,Route_B,False,dont_know,Route_A,False,,,,,,,,,,,,,,,,,,model_A_M0,2,3,1,ג,25,male,Hebrew,תעודה / קורסים,מדעי המחשב / הנדסה / דאטה,6,6,4
P022,practice,,,,,5,SCN_033_H,heatmap,easy,Route_C,Route_C,True,Route_B,False,False,27.16,14.4,10,-10,Route_B,Route_B,True,dont_know,Route_A,False,,,,,,,,,,,,,,,,,,model_A_M0,2,3,1,ג,25,male,Hebrew,תעודה / קורסים,מדעי המחשב / הנדסה / דאטה,6,6,4
P022,experiment,0,SUB,0,radar,0,SCN_005_R,radar,easy,Route_C,Route_C,True,Route_C,True,True,29.06,13.28,9,-10,dont_know,Route_A,False,dont_know,Route_B,False,9,8,9,9,10,2,2,1,6,4,5,5,4,4,5,5,5,model_A_M0,2,3,1,ג,25,male,Hebrew,תעודה / קורסים,מדעי המחשב / הנדסה / דאטה,6,6,4
P022,experiment,0,SUB,0,radar,1,SCN_013_R,radar,hard,Route_B,Route_B,True,Route_B,True,True,47.18,14.61,8,-6,Route_B,Route_B,True,Route_B,Route_B | Route_C,True,9,8,9,9,10,2,2,1,6,4,5,5,4,4,5,5,5,model_A_M0,2,3,1,ג,25,male,Hebrew,תעודה / קורסים,מדעי המחשב / הנדסה / דאטה,6,6,4
P022,experiment,0,SUB,0,radar,2,SCN_011_R,radar,easy,Route_B,Route_A,False,Route_B,False,True,19.73,13.47,9,-9,Route_B,Route_A,False,Route_B,Route_B,True,9,8,9,9,10,2,2,1,6,4,5,5,4,4,5,5,5,model_A_M0,2,3,1,ג,25,male,Hebrew,תעודה / קורסים,מדעי המחשב / הנדסה / דאטה,6,6,4
P022,experiment,0,SUB,0,radar,3,SCN_010_R,radar,hard,Route_C,Route_B,False,Route_C,False,True,27.7,11.35,10,-10,Route_C,Route_B,False,dont_know,Route_A | Route_B,False,9,8,9,9,10,2,2,1,6,4,5,5,4,4,5,5,5,model_A_M0,2,3,1,ג,25,male,Hebrew,תעודה / קורסים,מדעי המחשב / הנדסה / דאטה,6,6,4
P022,experiment,0,SUB,1,heatmap,0,SCN_021_H,heatmap,easy,Route_C,Route_B,False,Route_B,True,False,18.71,10.17,10,-10,Route_B,Route_B,True,Route_C,Route_A,False,10,8,10,9,9,2,2,1,6,4,5,5,4,4,5,5,5,model_A_M0,2,3,1,ג,25,male,Hebrew,תעודה / קורסים,מדעי המחשב / הנדסה / דאטה,6,6,4
P022,experiment,0,SUB,1,heatmap,1,SCN_029_H,heatmap,hard,Route_B,Route_A,False,Route_A,True,False,20.69,9.46,10,-10,dont_know,Route_A | Route_C,False,Route_B,Route_C,False,10,8,10,9,9,2,2,1,6,4,5,5,4,4,5,5,5,model_A_M0,2,3,1,ג,25,male,Hebrew,תעודה / קורסים,מדעי המחשב / הנדסה / דאטה,6,6,4
P022,experiment,0,SUB,1,heatmap,2,SCN_023_H,heatmap,easy,Route_B,Route_B,True,Route_C,False,False,32.31,11.21,10,-8,dont_know,Route_B,False,Route_B,Route_C,False,10,8,10,9,9,2,2,1,6,4,5,5,4,4,5,5,5,model_A_M0,2,3,1,ג,25,male,Hebrew,תעודה / קורסים,מדעי המחשב / הנדסה / דאטה,6,6,4
P022,experiment,0,SUB,1,heatmap,3,SCN_022_H,heatmap,hard,Route_A,Route_A,True,Route_A,True,True,27.72,13.3,9,-10,dont_know,Route_A,False,Route_C,Route_A,False,10,8,10,9,9,2,2,1,6,4,5,5,4,4,5,5,5,model_A_M0,2,3,1,ג,25,male,Hebrew,תעודה / קורסים,מדעי המחשב / הנדסה / דאטה,6,6,4
P022,experiment,0,SUB,2,stacked_bars,0,SCN_015_S,stacked_bars,easy,Route_C,Route_C,True,Route_C,True,True,15.77,9.56,10,10,dont_know,Route_B,False,dont_know,Route_B,False,10,9,10,9,9,2,2,1,6,4,5,5,4,4,5,5,5,model_A_M0,2,3,1,ג,25,male,Hebrew,תעודה / קורסים,מדעי המחשב / הנדסה / דאטה,6,6,4
P022,experiment,0,SUB,2,stacked_bars,1,SCN_020_S,stacked_bars,hard,Route_B,Route_C,False,Route_C,True,False,21.51,14.86,9,-10,Route_C,Route_C,True,Route_C,Route_C,True,10,9,10,9,9,2,2,1,6,4,5,5,4,4,5,5,5,model_A_M0,2,3,1,ג,25,male,Hebrew,תעודה / קורסים,מדעי המחשב / הנדסה / דאטה,6,6,4
P022,experiment,0,SUB,2,stacked_bars,2,SCN_019_S,stacked_bars,easy,Route_A,Route_C,False,Route_C,True,False,29.07,13.4,9,-10,Route_C,Route_C,True,Route_C,Route_B | Route_C,True,10,9,10,9,9,2,2,1,6,4,5,5,4,4,5,5,5,model_A_M0,2,3,1,ג,25,male,Hebrew,תעודה / קורסים,מדעי המחשב / הנדסה / דאטה,6,6,4
P022,experiment,0,SUB,2,stacked_bars,3,SCN_018_S,stacked_bars,hard,Route_C,Route_C,True,Route_A,False,False,27.52,11.49,10,-9,Route_A,Route_C,False,Route_A,Route_B,False,10,9,10,9,9,2,2,1,6,4,5,5,4,4,5,5,5,model_A_M0,2,3,1,ג,25,male,Hebrew,תעודה / קורסים,מדעי המחשב / הנדסה / דאטה,6,6,4
P022,experiment,1,OPT,0,stacked_bars,0,SCN_017_S,stacked_bars,easy,Route_B,Route_B,True,Route_C,False,False,17.41,11.54,10,-9,dont_know,Route_A,False,dont_know,Route_A | Route_B,False,10,9,10,10,9,5,4,4,6,5,1,2,4,1,2,1,5,model_A_M0,2,3,1,ג,25,male,Hebrew,תעודה / קורסים,מדעי המחשב / הנדסה / דאטה,6,6,4
P022,experiment,1,OPT,0,stacked_bars,1,SCN_012_S,stacked_bars,hard,Route_B,Route_B,True,Route_B,True,True,39.04,8.46,10,-10,Route_B,Route_A | Route_B,True,Route_A,Route_A,True,10,9,10,10,9,5,4,4,6,5,1,2,4,1,2,1,5,model_A_M0,2,3,1,ג,25,male,Hebrew,תעודה / קורסים,מדעי המחשב / הנדסה / דאטה,6,6,4
P022,experiment,1,OPT,0,stacked_bars,2,SCN_025_S,stacked_bars,easy,Route_A,Route_A,True,Route_C,False,False,21.54,13.88,10,-10,Route_C,Route_C,True,Route_C,Route_C,True,10,9,10,10,9,5,4,4,6,5,1,2,4,1,2,1,5,model_A_M0,2,3,1,ג,25,male,Hebrew,תעודה / קורסים,מדעי המחשב / הנדסה / דאטה,6,6,4
P022,experiment,1,OPT,0,stacked_bars,3,SCN_016_S,stacked_bars,hard,Route_B,Route_C,False,Route_B,False,True,26.09,10.04,10,-10,Route_C,Route_B | Route_C,True,dont_know,Route_A,False,10,9,10,10,9,5,4,4,6,5,1,2,4,1,2,1,5,model_A_M0,2,3,1,ג,25,male,Hebrew,תעודה / קורסים,מדעי המחשב / הנדסה / דאטה,6,6,4
P022,experiment,1,OPT,0,stacked_bars,4,SCN_014_S,stacked_bars,easy,Route_A,Route_A,True,Route_A,True,True,22.7,11.5,10,-9,Route_A,Route_B,False,Route_A,Route_A,True,10,9,10,10,9,5,4,4,6,5,1,2,4,1,2,1,5,model_A_M0,2,3,1,ג,25,male,Hebrew,תעודה / קורסים,מדעי המחשב / הנדסה / דאטה,6,6,4
P022,experiment,1,OPT,1,radar,0,SCN_007_R,radar,easy,Route_B,Route_B,True,Route_C,False,False,28.89,17.37,10,-9,dont_know,Route_C,False,Route_B,Route_B | Route_C,True,9,9,10,9,9,5,4,4,6,5,1,2,4,1,2,1,5,model_A_M0,2,3,1,ג,25,male,Hebrew,תעודה / קורסים,מדעי המחשב / הנדסה / דאטה,6,6,4
P022,experiment,1,OPT,1,radar,1,SCN_008_R,radar,hard,Route_A,Route_A,True,Route_A,True,True,27.3,10.27,10,-10,Route_B,Route_A,False,Route_A,Route_C,False,9,9,10,9,9,5,4,4,6,5,1,2,4,1,2,1,5,model_A_M0,2,3,1,ג,25,male,Hebrew,תעודה / קורסים,מדעי המחשב / הנדסה / דאטה,6,6,4
P022,experiment,1,OPT,1,radar,2,SCN_009_R,radar,easy,Route_C,Route_C,True,Route_C,True,True,27.25,16.44,7,-7,Route_C,Route_C,True,Route_C,Route_A,False,9,9,10,9,9,5,4,4,6,5,1,2,4,1,2,1,5,model_A_M0,2,3,1,ג,25,male,Hebrew,תעודה / קורסים,מדעי המחשב / הנדסה / דאטה,6,6,4
P022,experiment,1,OPT,1,radar,3,SCN_006_R,radar,hard,Route_C,Route_A,False,Route_C,False,True,34.65,18.89,8,-7,Route_C,Route_A | Route_C,True,Route_B,Route_A | Route_B,True,9,9,10,9,9,5,4,4,6,5,1,2,4,1,2,1,5,model_A_M0,2,3,1,ג,25,male,Hebrew,תעודה / קורסים,מדעי המחשב / הנדסה / דאטה,6,6,4
P022,experiment,1,OPT,1,radar,4,SCN_004_R,radar,easy,Route_C,Route_C,True,Route_C,True,True,22.97,21.6,10,-10,dont_know,Route_A | Route_B,False,dont_know,Route_A,False,9,9,10,9,9,5,4,4,6,5,1,2,4,1,2,1,5,model_A_M0,2,3,1,ג,25,male,Hebrew,תעודה / קורסים,מדעי המחשב / הנדסה / דאטה,6,6,4
P022,experiment,1,OPT,2,heatmap,0,SCN_028_H,heatmap,hard,Route_A,Route_B,False,Route_C,False,False,31.43,10.11,10,-10,Route_B,Route_A | Route_C,False,Route_A,Route_A,True,10,10,10,9,9,5,4,4,6,5,1,2,4,1,2,1,5,model_A_M0,2,3,1,ג,25,male,Hebrew,תעודה / קורסים,מדעי המחשב / הנדסה / דאטה,6,6,4
P022,experiment,1,OPT,2,heatmap,1,SCN_030_H,heatmap,easy,Route_C,Route_C,True,Route_A,False,False,27.1,11.37,10,-10,Route_A,Route_B | Route_C,False,Route_B,Route_B | Route_C,True,10,10,10,9,9,5,4,4,6,5,1,2,4,1,2,1,5,model_A_M0,2,3,1,ג,25,male,Hebrew,תעודה / קורסים,מדעי המחשב / הנדסה / דאטה,6,6,4
P022,experiment,1,OPT,2,heatmap,2,SCN_026_H,heatmap,hard,Route_B,Route_B,True,Route_C,False,False,23.11,9.42,10,-10,Route_C,Route_B,False,Route_C,Route_C,True,10,10,10,9,9,5,4,4,6,5,1,2,4,1,2,1,5,model_A_M0,2,3,1,ג,25,male,Hebrew,תעודה / קורסים,מדעי המחשב / הנדסה / דאטה,6,6,4
P022,experiment,1,OPT,2,heatmap,3,SCN_027_H,heatmap,easy,Route_C,Route_C,True,Route_C,True,True,18.59,7.8,10,-10,Route_C,Route_C,True,Route_B,Route_B,True,10,10,10,9,9,5,4,4,6,5,1,2,4,1,2,1,5,model_A_M0,2,3,1,ג,25,male,Hebrew,תעודה / קורסים,מדעי המחשב / הנדסה / דאטה,6,6,4
P022,experiment,1,OPT,2,heatmap,4,SCN_024_H,heatmap,hard,Route_C,Route_C,True,Route_B,False,False,23.36,11.88,10,-10,Route_B,Route_B,True,dont_know,Route_A | Route_B,False,10,10,10,9,9,5,4,4,6,5,1,2,4,1,2,1,5,model_A_M0,2,3,1,ג,25,male,Hebrew,תעודה / קורסים,מדעי המחשב / הנדסה / דאטה,6,6,4
P023,practice,,,,,0,SCN_001_S,stacked_bars,easy,Route_A,Route_A,True,Route_A,True,True,23.35,68.43,10,-10,Route_A,Route_C,False,dont_know,Route_A,False,,,,,,,,,,,,,,,,,,model_A_M0,3,2,1,א,23,female,Arabic,master,מדעי המחשב / הנדסה / דאטה,7,7,7
P023,practice,,,,,1,SCN_031_S,stacked_bars,easy,Route_A,Route_A,True,Route_B,False,False,52.56,27.75,10,-6,Route_B,Route_A | Route_B,True,Route_B,Route_B,True,,,,,,,,,,,,,,,,,,model_A_M0,3,2,1,א,23,female,Arabic,master,מדעי המחשב / הנדסה / דאטה,7,7,7
P023,practice,,,,,2,SCN_002_R,radar,easy,Route_A,Route_A,True,Route_A,True,True,49.09,39.0,2,5,Route_A,Route_C,False,dont_know,Route_B,False,,,,,,,,,,,,,,,,,,model_A_M0,3,2,1,א,23,female,Arabic,master,מדעי המחשב / הנדסה / דאטה,7,7,7
P023,practice,,,,,3,SCN_032_R,radar,easy,Route_B,Route_B,True,Route_B,True,True,37.94,17.75,6,4,Route_B,Route_A,False,Route_C,Route_C,True,,,,,,,,,,,,,,,,,,model_A_M0,3,2,1,א,23,female,Arabic,master,מדעי המחשב / הנדסה / דאטה,7,7,7
P023,practice,,,,,4,SCN_003_H,heatmap,easy,Route_B,Route_B,True,Route_B,True,True,38.06,12.54,6,-1,Route_B,Route_B,True,Route_A,Route_A,True,,,,,,,,,,,,,,,,,,model_A_M0,3,2,1,א,23,female,Arabic,master,מדעי המחשב / הנדסה / דאטה,7,7,7
P023,practice,,,,,5,SCN_033_H,heatmap,easy,Route_C,Route_C,True,Route_B,False,False,36.97,21.72,7,2,Route_A,Route_B,False,dont_know,Route_A,False,,,,,,,,,,,,,,,,,,model_A_M0,3,2,1,א,23,female,Arabic,master,מדעי המחשב / הנדסה / דאטה,7,7,7
P023,experiment,0,OPT,0,radar,0,SCN_004_R,radar,easy,Route_C,Route_C,True,Route_B,False,False,38.63,13.73,6,-3,Route_C,Route_A | Route_B,False,Route_B,Route_A,False,-5,-5,5,-6,-6,4,4,3,4,4,5,5,5,5,4,5,4,model_A_M0,3,2,1,א,23,female,Arabic,master,מדעי המחשב / הנדסה / דאטה,7,7,7
P023,experiment,0,OPT,0,radar,1,SCN_008_R,radar,hard,Route_A,Route_A,True,Route_A,True,True,38.4,13.91,7,-5,Route_A,Route_A,True,Route_C,Route_C,True,-5,-5,5,-6,-6,4,4,3,4,4,5,5,5,5,4,5,4,model_A_M0,3,2,1,א,23,female,Arabic,master,מדעי המחשב / הנדסה / דאטה,7,7,7
P023,experiment,0,OPT,0,radar,2,SCN_007_R,radar,easy,Route_B,Route_C,False,Route_B,False,True,45.76,11.3,7,-4,Route_A,Route_C,False,Route_B,Route_B | Route_C,True,-5,-5,5,-6,-6,4,4,3,4,4,5,5,5,5,4,5,4,model_A_M0,3,2,1,א,23,female,Arabic,master,מדעי המחשב / הנדסה / דאטה,7,7,7
P023,experiment,0,OPT,0,radar,3,SCN_006_R,radar,hard,Route_C,Route_C,True,Route_C,True,True,45.24,9.75,7,-4,Route_A,Route_A | Route_C,True,Route_C,Route_A | Route_B,False,-5,-5,5,-6,-6,4,4,3,4,4,5,5,5,5,4,5,4,model_A_M0,3,2,1,א,23,female,Arabic,master,מדעי המחשב / הנדסה / דאטה,7,7,7
P023,experiment,0,OPT,0,radar,4,SCN_009_R,radar,easy,Route_C,Route_C,True,Route_C,True,True,49.34,15.68,5,-5,Route_C,Route_C,True,Route_A,Route_A,True,-5,-5,5,-6,-6,4,4,3,4,4,5,5,5,5,4,5,4,model_A_M0,3,2,1,א,23,female,Arabic,master,מדעי המחשב / הנדסה / דאטה,7,7,7
P023,experiment,0,OPT,1,heatmap,0,SCN_028_H,heatmap,hard,Route_A,Route_A,True,Route_C,False,False,43.01,15.84,7,-2,Route_C,Route_A | Route_C,True,Route_B,Route_A,False,-5,-10,2,-3,-4,4,4,3,4,4,5,5,5,5,4,5,4,model_A_M0,3,2,1,א,23,female,Arabic,master,מדעי המחשב / הנדסה / דאטה,7,7,7
P023,experiment,0,OPT,1,heatmap,1,SCN_027_H,heatmap,easy,Route_C,Route_C,True,Route_C,True,True,39.12,26.74,6,3,Route_C,Route_C,True,Route_B,Route_B,True,-5,-10,2,-3,-4,4,4,3,4,4,5,5,5,5,4,5,4,model_A_M0,3,2,1,א,23,female,Arabic,master,מדעי המחשב / הנדסה / דאטה,7,7,7
P023,experiment,0,OPT,1,heatmap,2,SCN_026_H,heatmap,hard,Route_B,Route_B,True,Route_C,False,False,46.07,9.75,7,-3,Route_C,Route_B,False,Route_B,Route_C,False,-5,-10,2,-3,-4,4,4,3,4,4,5,5,5,5,4,5,4,model_A_M0,3,2,1,א,23,female,Arabic,master,מדעי המחשב / הנדסה / דאטה,7,7,7
P023,experiment,0,OPT,1,heatmap,3,SCN_030_H,heatmap,easy,Route_C,Route_A,False,Route_A,True,False,37.19,14.34,7,-3,Route_B,Route_B | Route_C,True,Route_C,Route_B | Route_C,True,-5,-10,2,-3,-4,4,4,3,4,4,5,5,5,5,4,5,4,model_A_M0,3,2,1,א,23,female,Arabic,master,מדעי המחשב / הנדסה / דאטה,7,7,7
P023,experiment,0,OPT,1,heatmap,4,SCN_024_H,heatmap,hard,Route_C,Route_C,True,Route_B,False,False,52.46,13.34,6,-2,Route_B,Route_B,True,Route_B,Route_A | Route_B,True,-5,-10,2,-3,-4,4,4,3,4,4,5,5,5,5,4,5,4,model_A_M0,3,2,1,א,23,female,Arabic,master,מדעי המחשב / הנדסה / דאטה,7,7,7
P023,experiment,0,OPT,2,stacked_bars,0,SCN_025_S,stacked_bars,easy,Route_A,Route_A,True,Route_C,False,False,36.0,23.57,6,2,Route_C,Route_C,True,Route_C,Route_C,True,-5,-8,-2,-8,-10,4,4,3,4,4,5,5,5,5,4,5,4,model_A_M0,3,2,1,א,23,female,Arabic,master,מדעי המחשב / הנדסה / דאטה,7,7,7
P023,experiment,0,OPT,2,stacked_bars,1,SCN_016_S,stacked_bars,hard,Route_B,Route_B,True,Route_B,True,True,36.55,15.13,6,3,Route_B,Route_B | Route_C,True,Route_C,Route_A,False,-5,-8,-2,-8,-10,4,4,3,4,4,5,5,5,5,4,5,4,model_A_M0,3,2,1,א,23,female,Arabic,master,מדעי המחשב / הנדסה / דאטה,7,7,7
P023,experiment,0,OPT,2,stacked_bars,2,SCN_014_S,stacked_bars,easy,Route_A,Route_A,True,Route_A,True,True,29.3,11.25,7,-2,Route_B,Route_B,True,Route_A,Route_A,True,-5,-8,-2,-8,-10,4,4,3,4,4,5,5,5,5,4,5,4,model_A_M0,3,2,1,א,23,female,Arabic,master,מדעי המחשב / הנדסה / דאטה,7,7,7
P023,experiment,0,OPT,2,stacked_bars,3,SCN_012_S,stacked_bars,hard,Route_B,Route_B,True,Route_B,True,True,38.25,16.42,5,3,Route_B,Route_A | Route_B,True,Route_B,Route_A,False,-5,-8,-2,-8,-10,4,4,3,4,4,5,5,5,5,4,5,4,model_A_M0,3,2,1,א,23,female,Arabic,master,מדעי המחשב / הנדסה / דאטה,7,7,7
P023,experiment,0,OPT,2,stacked_bars,4,SCN_017_S,stacked_bars,easy,Route_B,Route_A,False,Route_C,False,False,42.37,10.78,7,3,Route_C,Route_A,False,Route_A,Route_A | Route_B,True,-5,-8,-2,-8,-10,4,4,3,4,4,5,5,5,5,4,5,4,model_A_M0,3,2,1,א,23,female,Arabic,master,מדעי המחשב / הנדסה / דאטה,7,7,7
P023,experiment,1,SUB,0,heatmap,0,SCN_023_H,heatmap,easy,Route_B,Route_B,True,Route_C,False,False,41.03,9.77,6,-3,Route_A,Route_B,False,Route_C,Route_C,True,-7,-6,-6,-6,-4,5,5,5,5,4,3,3,3,3,3,3,4,model_A_M0,3,2,1,א,23,female,Arabic,master,מדעי המחשב / הנדסה / דאטה,7,7,7
P023,experiment,1,SUB,0,heatmap,1,SCN_029_H,heatmap,hard,Route_B,Route_B,True,Route_A,False,False,32.42,10.67,6,-1,Route_B,Route_A | Route_C,False,Route_B,Route_C,False,-7,-6,-6,-6,-4,5,5,5,5,4,3,3,3,3,3,3,4,model_A_M0,3,2,1,א,23,female,Arabic,master,מדעי המחשב / הנדסה / דאטה,7,7,7
P023,experiment,1,SUB,0,heatmap,2,SCN_021_H,heatmap,easy,Route_C,Route_B,False,Route_B,True,False,39.94,12.98,7,3,Route_B,Route_B,True,Route_A,Route_A,True,-7,-6,-6,-6,-4,5,5,5,5,4,3,3,3,3,3,3,4,model_A_M0,3,2,1,א,23,female,Arabic,master,מדעי המחשב / הנדסה / דאטה,7,7,7
P023,experiment,1,SUB,0,heatmap,3,SCN_022_H,heatmap,hard,Route_A,Route_B,False,Route_B,True,False,48.44,15.59,5,3,Route_A,Route_A,True,Route_B,Route_A,False,-7,-6,-6,-6,-4,5,5,5,5,4,3,3,3,3,3,3,4,model_A_M0,3,2,1,א,23,female,Arabic,master,מדעי המחשב / הנדסה / דאטה,7,7,7
P023,experiment,1,SUB,1,stacked_bars,0,SCN_019_S,stacked_bars,easy,Route_A,Route_A,True,Route_C,False,False,32.35,8.64,5,-2,Route_C,Route_C,True,Route_C,Route_B | Route_C,True,-3,-8,-3,-6,-5,5,5,5,5,4,3,3,3,3,3,3,4,model_A_M0,3,2,1,א,23,female,Arabic,master,מדעי המחשב / הנדסה / דאטה,7,7,7
P023,experiment,1,SUB,1,stacked_bars,1,SCN_018_S,stacked_bars,hard,Route_C,Route_C,True,Route_A,False,False,38.95,9.44,5,-3,Route_A,Route_C,False,Route_A,Route_B,False,-3,-8,-3,-6,-5,5,5,5,5,4,3,3,3,3,3,3,4,model_A_M0,3,2,1,א,23,female,Arabic,master,מדעי המחשב / הנדסה / דאטה,7,7,7
P023,experiment,1,SUB,1,stacked_bars,2,SCN_015_S,stacked_bars,easy,Route_C,Route_B,False,Route_C,False,True,29.96,10.78,5,-3,Route_C,Route_B,False,Route_C,Route_B,False,-3,-8,-3,-6,-5,5,5,5,5,4,3,3,3,3,3,3,4,model_A_M0,3,2,1,א,23,female,Arabic,master,מדעי המחשב / הנדסה / דאטה,7,7,7
P023,experiment,1,SUB,1,stacked_bars,3,SCN_020_S,stacked_bars,hard,Route_B,Route_C,False,Route_C,True,False,39.1,11.51,8,-5,Route_C,Route_C,True,Route_B,Route_C,False,-3,-8,-3,-6,-5,5,5,5,5,4,3,3,3,3,3,3,4,model_A_M0,3,2,1,א,23,female,Arabic,master,מדעי המחשב / הנדסה / דאטה,7,7,7
P023,experiment,1,SUB,2,radar,0,SCN_005_R,radar,easy,Route_C,Route_C,True,Route_C,True,True,42.34,11.82,7,-3,Route_C,Route_A,False,Route_B,Route_B,True,-4,-4,-2,-3,-2,5,5,5,5,4,3,3,3,3,3,3,4,model_A_M0,3,2,1,א,23,female,Arabic,master,מדעי המחשב / הנדסה / דאטה,7,7,7
P023,experiment,1,SUB,2,radar,1,SCN_013_R,radar,hard,Route_B,Route_C,False,Route_B,False,True,52.0,10.66,5,-4,Route_B,Route_B,True,Route_B,Route_B | Route_C,True,-4,-4,-2,-3,-2,5,5,5,5,4,3,3,3,3,3,3,4,model_A_M0,3,2,1,א,23,female,Arabic,master,מדעי המחשב / הנדסה / דאטה,7,7,7
P023,experiment,1,SUB,2,radar,2,SCN_011_R,radar,easy,Route_B,Route_A,False,Route_B,False,True,49.56,26.26,4,-4,Route_A,Route_A,True,Route_A,Route_B,False,-4,-4,-2,-3,-2,5,5,5,5,4,3,3,3,3,3,3,4,model_A_M0,3,2,1,א,23,female,Arabic,master,מדעי המחשב / הנדסה / דאטה,7,7,7
P023,experiment,1,SUB,2,radar,3,SCN_010_R,radar,hard,Route_C,Route_C,True,Route_A,False,False,40.33,12.0,6,-4,Route_C,Route_B,False,Route_A,Route_A | Route_B,True,-4,-4,-2,-3,-2,5,5,5,5,4,3,3,3,3,3,3,4,model_A_M0,3,2,1,א,23,female,Arabic,master,מדעי המחשב / הנדסה / דאטה,7,7,7
P024,practice,,,,,0,SCN_001_S,stacked_bars,easy,Route_A,Route_A,True,Route_A,True,True,35.2,84.13,10,-7,dont_know,Route_C,False,dont_know,Route_A,False,,,,,,,,,,,,,,,,,,model_B_M1,1,3,2,ג,26,male,Arabic,master,מדעי המחשב / הנדסה / דאטה,4,5,6
P024,practice,,,,,1,SCN_031_S,stacked_bars,easy,Route_A,Route_A,True,Route_B,False,False,52.66,28.82,10,-7,Route_B,Route_A | Route_B,True,Route_B,Route_B,True,,,,,,,,,,,,,,,,,,model_B_M1,1,3,2,ג,26,male,Arabic,master,מדעי המחשב / הנדסה / דאטה,4,5,6
P024,practice,,,,,2,SCN_002_R,radar,easy,Route_A,Route_A,True,Route_A,True,True,53.44,32.62,10,0,Route_A,Route_C,False,Route_B,Route_B,True,,,,,,,,,,,,,,,,,,model_B_M1,1,3,2,ג,26,male,Arabic,master,מדעי המחשב / הנדסה / דאטה,4,5,6
P024,practice,,,,,3,SCN_032_R,radar,easy,Route_B,Route_B,True,Route_B,True,True,57.42,24.18,10,1,Route_A,Route_A,True,Route_B,Route_C,False,,,,,,,,,,,,,,,,,,model_B_M1,1,3,2,ג,26,male,Arabic,master,מדעי המחשב / הנדסה / דאטה,4,5,6
P024,practice,,,,,4,SCN_003_H,heatmap,easy,Route_B,Route_B,True,Route_B,True,True,32.37,14.77,10,0,Route_B,Route_B,True,Route_B,Route_A,False,,,,,,,,,,,,,,,,,,model_B_M1,1,3,2,ג,26,male,Arabic,master,מדעי המחשב / הנדסה / דאטה,4,5,6
P024,practice,,,,,5,SCN_033_H,heatmap,easy,Route_C,Route_C,True,Route_B,False,False,38.15,35.71,10,0,dont_know,Route_B,False,Route_B,Route_A,False,,,,,,,,,,,,,,,,,,model_B_M1,1,3,2,ג,26,male,Arabic,master,מדעי המחשב / הנדסה / דאטה,4,5,6
P024,experiment,0,SUB,0,stacked_bars,0,SCN_015_S,stacked_bars,easy,Route_C,Route_B,False,Route_C,False,True,78.57,25.12,7,1,Route_A,Route_B,False,Route_C,Route_B,False,2,4,8,2,0,1,3,2,2,1,2,2,4,4,4,4,6,model_B_M1,1,3,2,ג,26,male,Arabic,master,מדעי המחשב / הנדסה / דאטה,4,5,6
P024,experiment,0,SUB,0,stacked_bars,1,SCN_020_S,stacked_bars,hard,Route_B,Route_B,True,Route_C,False,False,79.57,20.3,9,2,Route_C,Route_C,True,Route_C,Route_C,True,2,4,8,2,0,1,3,2,2,1,2,2,4,4,4,4,6,model_B_M1,1,3,2,ג,26,male,Arabic,master,מדעי המחשב / הנדסה / דאטה,4,5,6
P024,experiment,0,SUB,0,stacked_bars,2,SCN_019_S,stacked_bars,easy,Route_A,Route_A,True,Route_C,False,False,45.16,10.85,10,2,Route_C,Route_C,True,Route_C,Route_B | Route_C,True,2,4,8,2,0,1,3,2,2,1,2,2,4,4,4,4,6,model_B_M1,1,3,2,ג,26,male,Arabic,master,מדעי המחשב / הנדסה / דאטה,4,5,6
P024,experiment,0,SUB,0,stacked_bars,3,SCN_018_S,stacked_bars,hard,Route_C,Route_A,False,Route_C,False,True,71.92,14.67,10,1,Route_C,Route_C,True,dont_know,Route_B,False,2,4,8,2,0,1,3,2,2,1,2,2,4,4,4,4,6,model_B_M1,1,3,2,ג,26,male,Arabic,master,מדעי המחשב / הנדסה / דאטה,4,5,6
P024,experiment,0,SUB,1,radar,0,SCN_005_R,radar,easy,Route_C,Route_B,False,Route_C,False,True,42.18,11.44,10,2,Route_A,Route_A,True,Route_C,Route_B,False,3,5,10,3,0,1,3,2,2,1,2,2,4,4,4,4,6,model_B_M1,1,3,2,ג,26,male,Arabic,master,מדעי המחשב / הנדסה / דאטה,4,5,6
P024,experiment,0,SUB,1,radar,1,SCN_010_R,radar,hard,Route_C,Route_C,True,Route_C,True,True,59.85,10.96,10,1,Route_C,Route_B,False,dont_know,Route_A | Route_B,False,3,5,10,3,0,1,3,2,2,1,2,2,4,4,4,4,6,model_B_M1,1,3,2,ג,26,male,Arabic,master,מדעי המחשב / הנדסה / דאטה,4,5,6
P024,experiment,0,SUB,1,radar,2,SCN_011_R,radar,easy,Route_B,Route_B,True,Route_B,True,True,44.98,17.93,10,3,Route_B,Route_A,False,Route_A,Route_B,False,3,5,10,3,0,1,3,2,2,1,2,2,4,4,4,4,6,model_B_M1,1,3,2,ג,26,male,Arabic,master,מדעי המחשב / הנדסה / דאטה,4,5,6
P024,experiment,0,SUB,1,radar,3,SCN_013_R,radar,hard,Route_B,Route_C,False,Route_B,False,True,74.02,22.56,10,2,Route_B,Route_B,True,dont_know,Route_B | Route_C,False,3,5,10,3,0,1,3,2,2,1,2,2,4,4,4,4,6,model_B_M1,1,3,2,ג,26,male,Arabic,master,מדעי המחשב / הנדסה / דאטה,4,5,6
P024,experiment,0,SUB,2,heatmap,0,SCN_023_H,heatmap,easy,Route_B,Route_A,False,Route_C,False,False,51.33,21.75,10,4,Route_B,Route_B,True,Route_B,Route_C,False,4,3,9,2,1,1,3,2,2,1,2,2,4,4,4,4,6,model_B_M1,1,3,2,ג,26,male,Arabic,master,מדעי המחשב / הנדסה / דאטה,4,5,6
P024,experiment,0,SUB,2,heatmap,1,SCN_022_H,heatmap,hard,Route_A,Route_B,False,Route_C,False,False,79.94,15.9,6,4,Route_C,Route_A,False,Route_C,Route_A,False,4,3,9,2,1,1,3,2,2,1,2,2,4,4,4,4,6,model_B_M1,1,3,2,ג,26,male,Arabic,master,מדעי המחשב / הנדסה / דאטה,4,5,6
P024,experiment,0,SUB,2,heatmap,2,SCN_021_H,heatmap,easy,Route_C,Route_C,True,Route_B,False,False,55.75,13.48,10,2,Route_C,Route_B,False,Route_C,Route_A,False,4,3,9,2,1,1,3,2,2,1,2,2,4,4,4,4,6,model_B_M1,1,3,2,ג,26,male,Arabic,master,מדעי המחשב / הנדסה / דאטה,4,5,6
P024,experiment,0,SUB,2,heatmap,3,SCN_029_H,heatmap,hard,Route_B,Route_B,True,Route_A,False,False,60.89,21.88,10,4,Route_B,Route_A | Route_C,False,Route_A,Route_C,False,4,3,9,2,1,1,3,2,2,1,2,2,4,4,4,4,6,model_B_M1,1,3,2,ג,26,male,Arabic,master,מדעי המחשב / הנדסה / דאטה,4,5,6
P024,experiment,1,OPT,0,heatmap,0,SCN_026_H,heatmap,hard,Route_B,Route_B,True,Route_C,False,False,38.36,19.46,10,3,Route_B,Route_B,True,dont_know,Route_C,False,3,3,9,3,2,1,1,1,1,1,6,6,6,6,6,6,6,model_B_M1,1,3,2,ג,26,male,Arabic,master,מדעי המחשב / הנדסה / דאטה,4,5,6
P024,experiment,1,OPT,0,heatmap,1,SCN_027_H,heatmap,easy,Route_C,Route_C,True,Route_C,True,True,33.22,19.87,10,2,Route_C,Route_C,True,Route_C,Route_B,False,3,3,9,3,2,1,1,1,1,1,6,6,6,6,6,6,6,model_B_M1,1,3,2,ג,26,male,Arabic,master,מדעי המחשב / הנדסה / דאטה,4,5,6
P024,experiment,1,OPT,0,heatmap,2,SCN_024_H,heatmap,hard,Route_C,Route_A,False,Route_B,False,False,82.12,28.77,10,2,dont_know,Route_B,False,Route_B,Route_A | Route_B,True,3,3,9,3,2,1,1,1,1,1,6,6,6,6,6,6,6,model_B_M1,1,3,2,ג,26,male,Arabic,master,מדעי המחשב / הנדסה / דאטה,4,5,6
P024,experiment,1,OPT,0,heatmap,3,SCN_030_H,heatmap,easy,Route_C,Route_C,True,Route_A,False,False,35.17,10.87,10,1,Route_B,Route_B | Route_C,True,Route_A,Route_B | Route_C,False,3,3,9,3,2,1,1,1,1,1,6,6,6,6,6,6,6,model_B_M1,1,3,2,ג,26,male,Arabic,master,מדעי המחשב / הנדסה / דאטה,4,5,6
P024,experiment,1,OPT,0,heatmap,4,SCN_028_H,heatmap,hard,Route_A,Route_A,True,Route_C,False,False,28.54,10.41,10,2,Route_B,Route_A | Route_C,False,Route_C,Route_A,False,3,3,9,3,2,1,1,1,1,1,6,6,6,6,6,6,6,model_B_M1,1,3,2,ג,26,male,Arabic,master,מדעי המחשב / הנדסה / דאטה,4,5,6
P024,experiment,1,OPT,1,stacked_bars,0,SCN_025_S,stacked_bars,easy,Route_A,Route_C,False,Route_C,True,False,46.79,9.56,10,2,Route_C,Route_C,True,Route_C,Route_C,True,2,2,9,2,2,1,1,1,1,1,6,6,6,6,6,6,6,model_B_M1,1,3,2,ג,26,male,Arabic,master,מדעי המחשב / הנדסה / דאטה,4,5,6
P024,experiment,1,OPT,1,stacked_bars,1,SCN_012_S,stacked_bars,hard,Route_B,Route_B,True,Route_B,True,True,24.08,18.82,10,1,Route_B,Route_A | Route_B,True,dont_know,Route_A,False,2,2,9,2,2,1,1,1,1,1,6,6,6,6,6,6,6,model_B_M1,1,3,2,ג,26,male,Arabic,master,מדעי המחשב / הנדסה / דאטה,4,5,6
P024,experiment,1,OPT,1,stacked_bars,2,SCN_014_S,stacked_bars,easy,Route_A,Route_A,True,Route_A,True,True,12.4,14.14,10,0,dont_know,Route_B,False,Route_A,Route_A,True,2,2,9,2,2,1,1,1,1,1,6,6,6,6,6,6,6,model_B_M1,1,3,2,ג,26,male,Arabic,master,מדעי המחשב / הנדסה / דאטה,4,5,6
P024,experiment,1,OPT,1,stacked_bars,3,SCN_016_S,stacked_bars,hard,Route_B,Route_B,True,Route_B,True,True,22.03,41.88,10,2,dont_know,Route_B | Route_C,False,Route_A,Route_A,True,2,2,9,2,2,1,1,1,1,1,6,6,6,6,6,6,6,model_B_M1,1,3,2,ג,26,male,Arabic,master,מדעי המחשב / הנדסה / דאטה,4,5,6
P024,experiment,1,OPT,1,stacked_bars,4,SCN_017_S,stacked_bars,easy,Route_B,Route_B,True,Route_C,False,False,29.64,9.55,10,2,Route_C,Route_A,False,Route_C,Route_A | Route_B,False,2,2,9,2,2,1,1,1,1,1,6,6,6,6,6,6,6,model_B_M1,1,3,2,ג,26,male,Arabic,master,מדעי המחשב / הנדסה / דאטה,4,5,6
P024,experiment,1,OPT,2,radar,0,SCN_004_R,radar,easy,Route_C,Route_C,True,Route_C,True,True,67.15,13.55,10,2,Route_C,Route_A | Route_B,False,dont_know,Route_A,False,3,2,7,3,2,1,1,1,1,1,6,6,6,6,6,6,6,model_B_M1,1,3,2,ג,26,male,Arabic,master,מדעי המחשב / הנדסה / דאטה,4,5,6
P024,experiment,1,OPT,2,radar,1,SCN_008_R,radar,hard,Route_A,Route_C,False,Route_A,False,True,34.17,20.91,10,2,Route_A,Route_A,True,Route_A,Route_C,False,3,2,7,3,2,1,1,1,1,1,6,6,6,6,6,6,6,model_B_M1,1,3,2,ג,26,male,Arabic,master,מדעי המחשב / הנדסה / דאטה,4,5,6
P024,experiment,1,OPT,2,radar,2,SCN_009_R,radar,easy,Route_C,Route_C,True,Route_C,True,True,34.73,15.62,10,2,Route_C,Route_C,True,Route_C,Route_A,False,3,2,7,3,2,1,1,1,1,1,6,6,6,6,6,6,6,model_B_M1,1,3,2,ג,26,male,Arabic,master,מדעי המחשב / הנדסה / דאטה,4,5,6
P024,experiment,1,OPT,2,radar,3,SCN_006_R,radar,hard,Route_C,Route_C,True,Route_C,True,True,63.73,12.14,10,3,Route_A,Route_A | Route_C,True,Route_C,Route_A | Route_B,False,3,2,7,3,2,1,1,1,1,1,6,6,6,6,6,6,6,model_B_M1,1,3,2,ג,26,male,Arabic,master,מדעי המחשב / הנדסה / דאטה,4,5,6
P024,experiment,1,OPT,2,radar,4,SCN_007_R,radar,easy,Route_B,Route_B,True,Route_B,True,True,49.81,12.5,10,2,Route_B,Route_C,False,Route_B,Route_B | Route_C,True,3,2,7,3,2,1,1,1,1,1,6,6,6,6,6,6,6,model_B_M1,1,3,2,ג,26,male,Arabic,master,מדעי המחשב / הנדסה / דאטה,4,5,6
P025,practice,,,,,0,SCN_001_S,stacked_bars,easy,Route_A,Route_A,True,Route_A,True,True,26.21,41.42,10,-10,dont_know,Route_C,False,dont_know,Route_A,False,,,,,,,,,,,,,,,,,,model_B_M1,2,3,1,ג,28,female,Russian,bachelor,מדעי החיים / בריאות,1,1,7
P025,practice,,,,,1,SCN_031_S,stacked_bars,easy,Route_A,Route_A,True,Route_B,False,False,25.8,22.94,9,-10,Route_B,Route_A | Route_B,True,Route_B,Route_B,True,,,,,,,,,,,,,,,,,,model_B_M1,2,3,1,ג,28,female,Russian,bachelor,מדעי החיים / בריאות,1,1,7
P025,practice,,,,,2,SCN_002_R,radar,easy,Route_A,Route_A,True,Route_A,True,True,20.03,20.04,7,-10,dont_know,Route_C,False,dont_know,Route_B,False,,,,,,,,,,,,,,,,,,model_B_M1,2,3,1,ג,28,female,Russian,bachelor,מדעי החיים / בריאות,1,1,7
P025,practice,,,,,3,SCN_032_R,radar,easy,Route_B,Route_B,True,Route_A,False,False,30.94,19.19,10,-10,Route_B,Route_A,False,dont_know,Route_C,False,,,,,,,,,,,,,,,,,,model_B_M1,2,3,1,ג,28,female,Russian,bachelor,מדעי החיים / בריאות,1,1,7
P025,practice,,,,,4,SCN_003_H,heatmap,easy,Route_B,Route_B,True,Route_B,True,True,39.85,24.76,10,-9,Route_C,Route_B,False,dont_know,Route_A,False,,,,,,,,,,,,,,,,,,model_B_M1,2,3,1,ג,28,female,Russian,bachelor,מדעי החיים / בריאות,1,1,7
P025,practice,,,,,5,SCN_033_H,heatmap,easy,Route_C,Route_C,True,Route_B,False,False,21.24,17.37,10,-10,Route_C,Route_B,False,dont_know,Route_A,False,,,,,,,,,,,,,,,,,,model_B_M1,2,3,1,ג,28,female,Russian,bachelor,מדעי החיים / בריאות,1,1,7
P025,experiment,0,OPT,0,stacked_bars,0,SCN_025_S,stacked_bars,easy,Route_A,Route_A,True,Route_C,False,False,20.54,14.86,10,-10,dont_know,Route_C,False,dont_know,Route_C,False,10,10,10,10,9,6,4,3,2,2,3,3,3,2,2,2,1,model_B_M1,2,3,1,ג,28,female,Russian,bachelor,מדעי החיים / בריאות,1,1,7
P025,experiment,0,OPT,0,stacked_bars,1,SCN_016_S,stacked_bars,hard,Route_B,Route_B,True,Route_B,True,True,24.97,28.6,10,-10,dont_know,Route_B | Route_C,False,Route_A,Route_A,True,10,10,10,10,9,6,4,3,2,2,3,3,3,2,2,2,1,model_B_M1,2,3,1,ג,28,female,Russian,bachelor,מדעי החיים / בריאות,1,1,7
P025,experiment,0,OPT,0,stacked_bars,2,SCN_014_S,stacked_bars,easy,Route_A,Route_A,True,Route_A,True,True,15.95,15.42,10,-10,dont_know,Route_B,False,Route_A,Route_A,True,10,10,10,10,9,6,4,3,2,2,3,3,3,2,2,2,1,model_B_M1,2,3,1,ג,28,female,Russian,bachelor,מדעי החיים / בריאות,1,1,7
P025,experiment,0,OPT,0,stacked_bars,3,SCN_012_S,stacked_bars,hard,Route_B,Route_C,False,Route_B,False,True,27.15,15.43,10,-8,Route_B,Route_A | Route_B,True,dont_know,Route_A,False,10,10,10,10,9,6,4,3,2,2,3,3,3,2,2,2,1,model_B_M1,2,3,1,ג,28,female,Russian,bachelor,מדעי החיים / בריאות,1,1,7
P025,experiment,0,OPT,0,stacked_bars,4,SCN_017_S,stacked_bars,easy,Route_B,Route_B,True,Route_B,True,True,33.17,22.84,9,-8,dont_know,Route_A,False,Route_A,Route_A | Route_B,True,10,10,10,10,9,6,4,3,2,2,3,3,3,2,2,2,1,model_B_M1,2,3,1,ג,28,female,Russian,bachelor,מדעי החיים / בריאות,1,1,7
P025,experiment,0,OPT,1,radar,0,SCN_009_R,radar,easy,Route_C,Route_B,False,Route_C,False,True,19.16,18.5,10,-10,Route_C,Route_C,True,dont_know,Route_A,False,9,8,10,8,9,6,4,3,2,2,3,3,3,2,2,2,1,model_B_M1,2,3,1,ג,28,female,Russian,bachelor,מדעי החיים / בריאות,1,1,7
P025,experiment,0,OPT,1,radar,1,SCN_006_R,radar,hard,Route_C,Route_C,True,Route_C,True,True,28.24,24.39,10,-7,dont_know,Route_A | Route_C,False,Route_A,Route_A | Route_B,True,9,8,10,8,9,6,4,3,2,2,3,3,3,2,2,2,1,model_B_M1,2,3,1,ג,28,female,Russian,bachelor,מדעי החיים / בריאות,1,1,7
P025,experiment,0,OPT,1,radar,2,SCN_007_R,radar,easy,Route_B,Route_B,True,Route_C,False,False,40.52,14.94,9,-9,dont_know,Route_C,False,Route_C,Route_B | Route_C,True,9,8,10,8,9,6,4,3,2,2,3,3,3,2,2,2,1,model_B_M1,2,3,1,ג,28,female,Russian,bachelor,מדעי החיים / בריאות,1,1,7
P025,experiment,0,OPT,1,radar,3,SCN_008_R,radar,hard,Route_A,Route_A,True,Route_A,True,True,23.35,10.75,10,-10,dont_know,Route_A,False,dont_know,Route_C,False,9,8,10,8,9,6,4,3,2,2,3,3,3,2,2,2,1,model_B_M1,2,3,1,ג,28,female,Russian,bachelor,מדעי החיים / בריאות,1,1,7
P025,experiment,0,OPT,1,radar,4,SCN_004_R,radar,easy,Route_C,Route_C,True,Route_C,True,True,34.92,23.93,10,-8,dont_know,Route_A | Route_B,False,Route_A,Route_A,True,9,8,10,8,9,6,4,3,2,2,3,3,3,2,2,2,1,model_B_M1,2,3,1,ג,28,female,Russian,bachelor,מדעי החיים / בריאות,1,1,7
P025,experiment,0,OPT,2,heatmap,0,SCN_028_H,heatmap,hard,Route_A,Route_A,True,Route_C,False,False,32.83,27.98,9,-8,dont_know,Route_A | Route_C,False,Route_B,Route_A,False,10,10,10,10,10,6,4,3,2,2,3,3,3,2,2,2,1,model_B_M1,2,3,1,ג,28,female,Russian,bachelor,מדעי החיים / בריאות,1,1,7
P025,experiment,0,OPT,2,heatmap,1,SCN_030_H,heatmap,easy,Route_C,Route_C,True,Route_A,False,False,20.09,10.24,10,-10,dont_know,Route_B | Route_C,False,dont_know,Route_B | Route_C,False,10,10,10,10,10,6,4,3,2,2,3,3,3,2,2,2,1,model_B_M1,2,3,1,ג,28,female,Russian,bachelor,מדעי החיים / בריאות,1,1,7
P025,experiment,0,OPT,2,heatmap,2,SCN_026_H,heatmap,hard,Route_B,Route_C,False,Route_C,True,False,25.72,19.19,10,-9,Route_B,Route_B,True,Route_C,Route_C,True,10,10,10,10,10,6,4,3,2,2,3,3,3,2,2,2,1,model_B_M1,2,3,1,ג,28,female,Russian,bachelor,מדעי החיים / בריאות,1,1,7
P025,experiment,0,OPT,2,heatmap,3,SCN_027_H,heatmap,easy,Route_C,Route_C,True,Route_B,False,False,28.24,9.64,10,-10,dont_know,Route_C,False,dont_know,Route_B,False,10,10,10,10,10,6,4,3,2,2,3,3,3,2,2,2,1,model_B_M1,2,3,1,ג,28,female,Russian,bachelor,מדעי החיים / בריאות,1,1,7
P025,experiment,0,OPT,2,heatmap,4,SCN_024_H,heatmap,hard,Route_C,Route_C,True,Route_B,False,False,33.52,17.84,10,-7,Route_B,Route_B,True,dont_know,Route_A | Route_B,False,10,10,10,10,10,6,4,3,2,2,3,3,3,2,2,2,1,model_B_M1,2,3,1,ג,28,female,Russian,bachelor,מדעי החיים / בריאות,1,1,7
P025,experiment,1,SUB,0,radar,0,SCN_005_R,radar,easy,Route_C,Route_B,False,Route_C,False,True,28.45,7.95,10,-10,dont_know,Route_A,False,dont_know,Route_B,False,9,9,10,9,10,5,4,2,3,2,3,3,4,3,3,2,1,model_B_M1,2,3,1,ג,28,female,Russian,bachelor,מדעי החיים / בריאות,1,1,7
P025,experiment,1,SUB,0,radar,1,SCN_013_R,radar,hard,Route_B,Route_B,True,Route_B,True,True,26.07,11.63,10,-9,Route_B,Route_B,True,dont_know,Route_B | Route_C,False,9,9,10,9,10,5,4,2,3,2,3,3,4,3,3,2,1,model_B_M1,2,3,1,ג,28,female,Russian,bachelor,מדעי החיים / בריאות,1,1,7
P025,experiment,1,SUB,0,radar,2,SCN_011_R,radar,easy,Route_B,Route_B,True,Route_B,True,True,20.62,10.92,10,-10,dont_know,Route_A,False,dont_know,Route_B,False,9,9,10,9,10,5,4,2,3,2,3,3,4,3,3,2,1,model_B_M1,2,3,1,ג,28,female,Russian,bachelor,מדעי החיים / בריאות,1,1,7
P025,experiment,1,SUB,0,radar,3,SCN_010_R,radar,hard,Route_C,Route_B,False,Route_C,False,True,26.05,16.84,10,-9,Route_B,Route_B,True,dont_know,Route_A | Route_B,False,9,9,10,9,10,5,4,2,3,2,3,3,4,3,3,2,1,model_B_M1,2,3,1,ג,28,female,Russian,bachelor,מדעי החיים / בריאות,1,1,7
P025,experiment,1,SUB,1,heatmap,0,SCN_021_H,heatmap,easy,Route_C,Route_C,True,Route_B,False,False,33.24,11.88,9,-8,Route_B,Route_B,True,dont_know,Route_A,False,10,10,10,9,10,5,4,2,3,2,3,3,4,3,3,2,1,model_B_M1,2,3,1,ג,28,female,Russian,bachelor,מדעי החיים / בריאות,1,1,7
P025,experiment,1,SUB,1,heatmap,1,SCN_022_H,heatmap,hard,Route_A,Route_A,True,Route_A,True,True,31.79,15.12,10,-7,dont_know,Route_A,False,dont_know,Route_A,False,10,10,10,9,10,5,4,2,3,2,3,3,4,3,3,2,1,model_B_M1,2,3,1,ג,28,female,Russian,bachelor,מדעי החיים / בריאות,1,1,7
P025,experiment,1,SUB,1,heatmap,2,SCN_023_H,heatmap,easy,Route_B,Route_A,False,Route_C,False,False,24.69,10.11,10,-9,dont_know,Route_B,False,dont_know,Route_C,False,10,10,10,9,10,5,4,2,3,2,3,3,4,3,3,2,1,model_B_M1,2,3,1,ג,28,female,Russian,bachelor,מדעי החיים / בריאות,1,1,7
P025,experiment,1,SUB,1,heatmap,3,SCN_029_H,heatmap,hard,Route_B,Route_A,False,Route_A,True,False,18.11,10.16,10,-8,dont_know,Route_A | Route_C,False,Route_B,Route_C,False,10,10,10,9,10,5,4,2,3,2,3,3,4,3,3,2,1,model_B_M1,2,3,1,ג,28,female,Russian,bachelor,מדעי החיים / בריאות,1,1,7
P025,experiment,1,SUB,2,stacked_bars,0,SCN_015_S,stacked_bars,easy,Route_C,Route_C,True,Route_A,False,False,27.39,13.68,8,-9,dont_know,Route_B,False,dont_know,Route_B,False,9,10,10,9,10,5,4,2,3,2,3,3,4,3,3,2,1,model_B_M1,2,3,1,ג,28,female,Russian,bachelor,מדעי החיים / בריאות,1,1,7
P025,experiment,1,SUB,2,stacked_bars,1,SCN_020_S,stacked_bars,hard,Route_B,Route_B,True,Route_C,False,False,33.8,18.61,10,-9,dont_know,Route_C,False,Route_C,Route_C,True,9,10,10,9,10,5,4,2,3,2,3,3,4,3,3,2,1,model_B_M1,2,3,1,ג,28,female,Russian,bachelor,מדעי החיים / בריאות,1,1,7
P025,experiment,1,SUB,2,stacked_bars,2,SCN_019_S,stacked_bars,easy,Route_A,Route_C,False,Route_C,True,False,14.8,11.46,10,-9,dont_know,Route_C,False,Route_C,Route_B | Route_C,True,9,10,10,9,10,5,4,2,3,2,3,3,4,3,3,2,1,model_B_M1,2,3,1,ג,28,female,Russian,bachelor,מדעי החיים / בריאות,1,1,7
P025,experiment,1,SUB,2,stacked_bars,3,SCN_018_S,stacked_bars,hard,Route_C,Route_A,False,Route_A,True,False,41.43,12.45,10,-7,dont_know,Route_C,False,dont_know,Route_B,False,9,10,10,9,10,5,4,2,3,2,3,3,4,3,3,2,1,model_B_M1,2,3,1,ג,28,female,Russian,bachelor,מדעי החיים / בריאות,1,1,7
P026,practice,,,,,0,SCN_001_S,stacked_bars,easy,Route_A,Route_A,True,Route_A,True,True,36.88,49.66,10,-10,dont_know,Route_C,False,dont_know,Route_A,False,,,,,,,,,,,,,,,,,,model_B_M1,1,3,2,ג,27,female,Arabic,bachelor,מדעי המחשב / הנדסה / דאטה,6,4,4
P026,practice,,,,,1,SCN_031_S,stacked_bars,easy,Route_A,Route_A,True,Route_B,False,False,98.32,31.73,8,-8,Route_B,Route_A | Route_B,True,Route_B,Route_B,True,,,,,,,,,,,,,,,,,,model_B_M1,1,3,2,ג,27,female,Arabic,bachelor,מדעי המחשב / הנדסה / דאטה,6,4,4
P026,practice,,,,,2,SCN_002_R,radar,easy,Route_A,Route_A,True,Route_A,True,True,85.6,23.15,9,-9,Route_C,Route_C,True,dont_know,Route_B,False,,,,,,,,,,,,,,,,,,model_B_M1,1,3,2,ג,27,female,Arabic,bachelor,מדעי המחשב / הנדסה / דאטה,6,4,4
P026,practice,,,,,3,SCN_032_R,radar,easy,Route_B,Route_B,True,Route_B,True,True,57.76,36.8,9,-9,dont_know,Route_A,False,dont_know,Route_C,False,,,,,,,,,,,,,,,,,,model_B_M1,1,3,2,ג,27,female,Arabic,bachelor,מדעי המחשב / הנדסה / דאטה,6,4,4
P026,practice,,,,,4,SCN_003_H,heatmap,easy,Route_B,Route_B,True,Route_B,True,True,58.98,20.02,9,-9,Route_B,Route_B,True,Route_C,Route_A,False,,,,,,,,,,,,,,,,,,model_B_M1,1,3,2,ג,27,female,Arabic,bachelor,מדעי המחשב / הנדסה / דאטה,6,4,4
P026,practice,,,,,5,SCN_033_H,heatmap,easy,Route_C,Route_C,True,Route_B,False,False,48.7,15.53,9,-9,Route_B,Route_B,True,dont_know,Route_A,False,,,,,,,,,,,,,,,,,,model_B_M1,1,3,2,ג,27,female,Arabic,bachelor,מדעי המחשב / הנדסה / דאטה,6,4,4
P026,experiment,0,SUB,0,heatmap,0,SCN_021_H,heatmap,easy,Route_C,Route_B,False,Route_B,True,False,35.8,14.8,9,-8,Route_B,Route_B,True,Route_C,Route_A,False,-1,3,8,-2,-1,4,3,4,3,4,2,2,3,2,2,2,1,model_B_M1,1,3,2,ג,27,female,Arabic,bachelor,מדעי המחשב / הנדסה / דאטה,6,4,4
P026,experiment,0,SUB,0,heatmap,1,SCN_029_H,heatmap,hard,Route_B,Route_A,False,Route_A,True,False,54.6,19.57,8,-8,Route_B,Route_A | Route_C,False,Route_A,Route_C,False,-1,3,8,-2,-1,4,3,4,3,4,2,2,3,2,2,2,1,model_B_M1,1,3,2,ג,27,female,Arabic,bachelor,מדעי המחשב / הנדסה / דאטה,6,4,4
P026,experiment,0,SUB,0,heatmap,2,SCN_023_H,heatmap,easy,Route_B,Route_B,True,Route_C,False,False,52.45,13.96,9,-7,dont_know,Route_B,False,Route_B,Route_C,False,-1,3,8,-2,-1,4,3,4,3,4,2,2,3,2,2,2,1,model_B_M1,1,3,2,ג,27,female,Arabic,bachelor,מדעי המחשב / הנדסה / דאטה,6,4,4
P026,experiment,0,SUB,0,heatmap,3,SCN_022_H,heatmap,hard,Route_A,Route_A,True,Route_C,False,False,74.78,26.45,1,2,dont_know,Route_A,False,dont_know,Route_A,False,-1,3,8,-2,-1,4,3,4,3,4,2,2,3,2,2,2,1,model_B_M1,1,3,2,ג,27,female,Arabic,bachelor,מדעי המחשב / הנדסה / דאטה,6,4,4
P026,experiment,0,SUB,1,stacked_bars,0,SCN_019_S,stacked_bars,easy,Route_A,Route_C,False,Route_C,True,False,37.84,9.97,9,-9,Route_C,Route_C,True,Route_C,Route_B | Route_C,True,1,-1,8,3,-1,4,3,4,3,4,2,2,3,2,2,2,1,model_B_M1,1,3,2,ג,27,female,Arabic,bachelor,מדעי המחשב / הנדסה / דאטה,6,4,4
P026,experiment,0,SUB,1,stacked_bars,1,SCN_020_S,stacked_bars,hard,Route_B,Route_C,False,Route_C,True,False,53.45,17.72,9,-7,dont_know,Route_C,False,Route_C,Route_C,True,1,-1,8,3,-1,4,3,4,3,4,2,2,3,2,2,2,1,model_B_M1,1,3,2,ג,27,female,Arabic,bachelor,מדעי המחשב / הנדסה / דאטה,6,4,4
P026,experiment,0,SUB,1,stacked_bars,2,SCN_015_S,stacked_bars,easy,Route_C,Route_C,True,Route_C,True,True,44.83,18.32,5,1,dont_know,Route_B,False,dont_know,Route_B,False,1,-1,8,3,-1,4,3,4,3,4,2,2,3,2,2,2,1,model_B_M1,1,3,2,ג,27,female,Arabic,bachelor,מדעי המחשב / הנדסה / דאטה,6,4,4
P026,experiment,0,SUB,1,stacked_bars,3,SCN_018_S,stacked_bars,hard,Route_C,Route_C,True,Route_A,False,False,42.95,16.18,7,2,Route_A,Route_C,False,dont_know,Route_B,False,1,-1,8,3,-1,4,3,4,3,4,2,2,3,2,2,2,1,model_B_M1,1,3,2,ג,27,female,Arabic,bachelor,מדעי המחשב / הנדסה / דאטה,6,4,4
P026,experiment,0,SUB,2,radar,0,SCN_011_R,radar,easy,Route_B,Route_A,False,Route_B,False,True,69.55,27.48,7,1,dont_know,Route_A,False,Route_B,Route_B,True,-3,3,9,-2,1,4,3,4,3,4,2,2,3,2,2,2,1,model_B_M1,1,3,2,ג,27,female,Arabic,bachelor,מדעי המחשב / הנדסה / דאטה,6,4,4
P026,experiment,0,SUB,2,radar,1,SCN_013_R,radar,hard,Route_B,Route_B,True,Route_B,True,True,52.02,19.29,7,1,Route_B,Route_B,True,Route_B,Route_B | Route_C,True,-3,3,9,-2,1,4,3,4,3,4,2,2,3,2,2,2,1,model_B_M1,1,3,2,ג,27,female,Arabic,bachelor,מדעי המחשב / הנדסה / דאטה,6,4,4
P026,experiment,0,SUB,2,radar,2,SCN_005_R,radar,easy,Route_C,Route_C,True,Route_C,True,True,62.5,23.96,7,-2,Route_C,Route_A,False,Route_A,Route_B,False,-3,3,9,-2,1,4,3,4,3,4,2,2,3,2,2,2,1,model_B_M1,1,3,2,ג,27,female,Arabic,bachelor,מדעי המחשב / הנדסה / דאטה,6,4,4
P026,experiment,0,SUB,2,radar,3,SCN_010_R,radar,hard,Route_C,Route_B,False,Route_C,False,True,44.51,18.67,9,0,Route_C,Route_B,False,dont_know,Route_A | Route_B,False,-3,3,9,-2,1,4,3,4,3,4,2,2,3,2,2,2,1,model_B_M1,1,3,2,ג,27,female,Arabic,bachelor,מדעי המחשב / הנדסה / דאטה,6,4,4
P026,experiment,1,OPT,0,radar,0,SCN_009_R,radar,easy,Route_C,Route_C,True,Route_C,True,True,46.09,12.06,9,-1,Route_C,Route_C,True,Route_C,Route_A,False,-2,3,8,-2,-2,5,4,4,3,4,3,3,2,3,3,3,1,model_B_M1,1,3,2,ג,27,female,Arabic,bachelor,מדעי המחשב / הנדסה / דאטה,6,4,4
P026,experiment,1,OPT,0,radar,1,SCN_008_R,radar,hard,Route_A,Route_A,True,Route_A,True,True,25.68,14.49,9,-1,Route_A,Route_A,True,dont_know,Route_C,False,-2,3,8,-2,-2,5,4,4,3,4,3,3,2,3,3,3,1,model_B_M1,1,3,2,ג,27,female,Arabic,bachelor,מדעי המחשב / הנדסה / דאטה,6,4,4
P026,experiment,1,OPT,0,radar,2,SCN_004_R,radar,easy,Route_C,Route_B,False,Route_C,False,True,49.95,14.61,9,1,Route_C,Route_A | Route_B,False,Route_C,Route_A,False,-2,3,8,-2,-2,5,4,4,3,4,3,3,2,3,3,3,1,model_B_M1,1,3,2,ג,27,female,Arabic,bachelor,מדעי המחשב / הנדסה / דאטה,6,4,4
P026,experiment,1,OPT,0,radar,3,SCN_006_R,radar,hard,Route_C,Route_C,True,Route_C,True,True,56.27,10.9,7,1,Route_C,Route_A | Route_C,True,Route_C,Route_A | Route_B,False,-2,3,8,-2,-2,5,4,4,3,4,3,3,2,3,3,3,1,model_B_M1,1,3,2,ג,27,female,Arabic,bachelor,מדעי המחשב / הנדסה / דאטה,6,4,4
P026,experiment,1,OPT,0,radar,4,SCN_007_R,radar,easy,Route_B,Route_B,True,Route_B,True,True,52.7,13.79,8,-2,Route_A,Route_C,False,Route_B,Route_B | Route_C,True,-2,3,8,-2,-2,5,4,4,3,4,3,3,2,3,3,3,1,model_B_M1,1,3,2,ג,27,female,Arabic,bachelor,מדעי המחשב / הנדסה / דאטה,6,4,4
P026,experiment,1,OPT,1,heatmap,0,SCN_024_H,heatmap,hard,Route_C,Route_C,True,Route_B,False,False,56.29,20.61,6,4,Route_B,Route_B,True,dont_know,Route_A | Route_B,False,-3,3,7,-3,-2,5,4,4,3,4,3,3,2,3,3,3,1,model_B_M1,1,3,2,ג,27,female,Arabic,bachelor,מדעי המחשב / הנדסה / דאטה,6,4,4
P026,experiment,1,OPT,1,heatmap,1,SCN_027_H,heatmap,easy,Route_C,Route_B,False,Route_B,True,False,46.81,10.82,5,4,Route_C,Route_C,True,Route_C,Route_B,False,-3,3,7,-3,-2,5,4,4,3,4,3,3,2,3,3,3,1,model_B_M1,1,3,2,ג,27,female,Arabic,bachelor,מדעי המחשב / הנדסה / דאטה,6,4,4
P026,experiment,1,OPT,1,heatmap,2,SCN_028_H,heatmap,hard,Route_A,Route_A,True,Route_C,False,False,48.08,9.55,6,4,Route_C,Route_A | Route_C,True,Route_C,Route_A,False,-3,3,7,-3,-2,5,4,4,3,4,3,3,2,3,3,3,1,model_B_M1,1,3,2,ג,27,female,Arabic,bachelor,מדעי המחשב / הנדסה / דאטה,6,4,4
P026,experiment,1,OPT,1,heatmap,3,SCN_030_H,heatmap,easy,Route_C,Route_C,True,Route_A,False,False,64.61,13.03,7,5,Route_C,Route_B | Route_C,True,Route_A,Route_B | Route_C,False,-3,3,7,-3,-2,5,4,4,3,4,3,3,2,3,3,3,1,model_B_M1,1,3,2,ג,27,female,Arabic,bachelor,מדעי המחשב / הנדסה / דאטה,6,4,4
P026,experiment,1,OPT,1,heatmap,4,SCN_026_H,heatmap,hard,Route_B,Route_B,True,Route_C,False,False,33.05,27.23,9,-1,dont_know,Route_B,False,Route_C,Route_C,True,-3,3,7,-3,-2,5,4,4,3,4,3,3,2,3,3,3,1,model_B_M1,1,3,2,ג,27,female,Arabic,bachelor,מדעי המחשב / הנדסה / דאטה,6,4,4
P026,experiment,1,OPT,2,stacked_bars,0,SCN_014_S,stacked_bars,easy,Route_A,Route_B,False,Route_A,False,True,46.01,11.93,7,-1,Route_B,Route_B,True,Route_A,Route_A,True,2,1,9,1,1,5,4,4,3,4,3,3,2,3,3,3,1,model_B_M1,1,3,2,ג,27,female,Arabic,bachelor,מדעי המחשב / הנדסה / דאטה,6,4,4
P026,experiment,1,OPT,2,stacked_bars,1,SCN_016_S,stacked_bars,hard,Route_B,Route_B,True,Route_B,True,True,50.91,12.93,9,2,Route_B,Route_B | Route_C,True,Route_B,Route_A,False,2,1,9,1,1,5,4,4,3,4,3,3,2,3,3,3,1,model_B_M1,1,3,2,ג,27,female,Arabic,bachelor,מדעי המחשב / הנדסה / דאטה,6,4,4
P026,experiment,1,OPT,2,stacked_bars,2,SCN_025_S,stacked_bars,easy,Route_A,Route_A,True,Route_C,False,False,39.61,9.56,9,-1,Route_C,Route_C,True,Route_C,Route_C,True,2,1,9,1,1,5,4,4,3,4,3,3,2,3,3,3,1,model_B_M1,1,3,2,ג,27,female,Arabic,bachelor,מדעי המחשב / הנדסה / דאטה,6,4,4
P026,experiment,1,OPT,2,stacked_bars,3,SCN_012_S,stacked_bars,hard,Route_B,Route_B,True,Route_B,True,True,40.64,12.39,8,3,Route_B,Route_A | Route_B,True,Route_B,Route_A,False,2,1,9,1,1,5,4,4,3,4,3,3,2,3,3,3,1,model_B_M1,1,3,2,ג,27,female,Arabic,bachelor,מדעי המחשב / הנדסה / דאטה,6,4,4
P026,experiment,1,OPT,2,stacked_bars,4,SCN_017_S,stacked_bars,easy,Route_B,Route_B,True,Route_C,False,False,35.24,8.52,7,3,Route_C,Route_A,False,Route_C,Route_A | Route_B,False,2,1,9,1,1,5,4,4,3,4,3,3,2,3,3,3,1,model_B_M1,1,3,2,ג,27,female,Arabic,bachelor,מדעי המחשב / הנדסה / דאטה,6,4,4
P027,practice,,,,,0,SCN_001_S,stacked_bars,easy,Route_A,Route_A,True,Route_A,True,True,59.75,21.36,8,3,dont_know,Route_C,False,dont_know,Route_A,False,,,,,,,,,,,,,,,,,,model_A_M0,1,3,2,ג,26,female,Hebrew,bachelor,מדעי המחשב / הנדסה / דאטה,5,6,6
P027,practice,,,,,1,SCN_031_S,stacked_bars,easy,Route_A,Route_A,True,Route_B,False,False,49.22,17.42,7,5,Route_B,Route_A | Route_B,True,Route_A,Route_B,False,,,,,,,,,,,,,,,,,,model_A_M0,1,3,2,ג,26,female,Hebrew,bachelor,מדעי המחשב / הנדסה / דאטה,5,6,6
P027,practice,,,,,2,SCN_002_R,radar,easy,Route_A,Route_A,True,Route_A,True,True,28.55,20.9,9,0,dont_know,Route_C,False,Route_B,Route_B,True,,,,,,,,,,,,,,,,,,model_A_M0,1,3,2,ג,26,female,Hebrew,bachelor,מדעי המחשב / הנדסה / דאטה,5,6,6
P027,practice,,,,,3,SCN_032_R,radar,easy,Route_B,Route_B,True,Route_B,True,True,40.31,12.56,10,0,dont_know,Route_A,False,Route_C,Route_C,True,,,,,,,,,,,,,,,,,,model_A_M0,1,3,2,ג,26,female,Hebrew,bachelor,מדעי המחשב / הנדסה / דאטה,5,6,6
P027,practice,,,,,4,SCN_003_H,heatmap,easy,Route_B,Route_B,True,Route_B,True,True,48.86,22.64,8,1,dont_know,Route_B,False,dont_know,Route_A,False,,,,,,,,,,,,,,,,,,model_A_M0,1,3,2,ג,26,female,Hebrew,bachelor,מדעי המחשב / הנדסה / דאטה,5,6,6
P027,practice,,,,,5,SCN_033_H,heatmap,easy,Route_C,Route_C,True,Route_B,False,False,49.58,14.8,8,1,Route_C,Route_B,False,dont_know,Route_A,False,,,,,,,,,,,,,,,,,,model_A_M0,1,3,2,ג,26,female,Hebrew,bachelor,מדעי המחשב / הנדסה / דאטה,5,6,6
P027,experiment,0,OPT,0,heatmap,0,SCN_026_H,heatmap,hard,Route_B,Route_B,True,Route_C,False,False,36.85,14.39,10,1,Route_C,Route_B,False,Route_C,Route_C,True,-5,-5,-4,-3,7,4,1,1,2,1,3,5,2,3,3,2,1,model_A_M0,1,3,2,ג,26,female,Hebrew,bachelor,מדעי המחשב / הנדסה / דאטה,5,6,6
P027,experiment,0,OPT,0,heatmap,1,SCN_030_H,heatmap,easy,Route_C,Route_C,True,Route_A,False,False,44.18,12.17,9,1,dont_know,Route_B | Route_C,False,Route_B,Route_B | Route_C,True,-5,-5,-4,-3,7,4,1,1,2,1,3,5,2,3,3,2,1,model_A_M0,1,3,2,ג,26,female,Hebrew,bachelor,מדעי המחשב / הנדסה / דאטה,5,6,6
P027,experiment,0,OPT,0,heatmap,2,SCN_028_H,heatmap,hard,Route_A,Route_B,False,Route_C,False,False,29.82,17.58,7,1,Route_A,Route_A | Route_C,True,Route_A,Route_A,True,-5,-5,-4,-3,7,4,1,1,2,1,3,5,2,3,3,2,1,model_A_M0,1,3,2,ג,26,female,Hebrew,bachelor,מדעי המחשב / הנדסה / דאטה,5,6,6
P027,experiment,0,OPT,0,heatmap,3,SCN_027_H,heatmap,easy,Route_C,Route_C,True,Route_B,False,False,47.85,9.79,10,2,dont_know,Route_C,False,dont_know,Route_B,False,-5,-5,-4,-3,7,4,1,1,2,1,3,5,2,3,3,2,1,model_A_M0,1,3,2,ג,26,female,Hebrew,bachelor,מדעי המחשב / הנדסה / דאטה,5,6,6
P027,experiment,0,OPT,0,heatmap,4,SCN_024_H,heatmap,hard,Route_C,Route_C,True,Route_B,False,False,29.62,14.24,8,2,Route_B,Route_B,True,dont_know,Route_A | Route_B,False,-5,-5,-4,-3,7,4,1,1,2,1,3,5,2,3,3,2,1,model_A_M0,1,3,2,ג,26,female,Hebrew,bachelor,מדעי המחשב / הנדסה / דאטה,5,6,6
P027,experiment,0,OPT,1,stacked_bars,0,SCN_014_S,stacked_bars,easy,Route_A,Route_A,True,Route_A,True,True,34.03,18.02,10,-1,dont_know,Route_B,False,Route_A,Route_A,True,-1,-1,2,-2,8,4,1,1,2,1,3,5,2,3,3,2,1,model_A_M0,1,3,2,ג,26,female,Hebrew,bachelor,מדעי המחשב / הנדסה / דאטה,5,6,6
P027,experiment,0,OPT,1,stacked_bars,1,SCN_012_S,stacked_bars,hard,Route_B,Route_B,True,Route_B,True,True,46.35,10.15,10,1,Route_B,Route_A | Route_B,True,Route_C,Route_A,False,-1,-1,2,-2,8,4,1,1,2,1,3,5,2,3,3,2,1,model_A_M0,1,3,2,ג,26,female,Hebrew,bachelor,מדעי המחשב / הנדסה / דאטה,5,6,6
P027,experiment,0,OPT,1,stacked_bars,2,SCN_025_S,stacked_bars,easy,Route_A,Route_A,True,Route_C,False,False,29.89,12.97,8,2,Route_A,Route_C,False,Route_A,Route_C,False,-1,-1,2,-2,8,4,1,1,2,1,3,5,2,3,3,2,1,model_A_M0,1,3,2,ג,26,female,Hebrew,bachelor,מדעי המחשב / הנדסה / דאטה,5,6,6
P027,experiment,0,OPT,1,stacked_bars,3,SCN_016_S,stacked_bars,hard,Route_B,Route_C,False,Route_B,False,True,29.51,14.45,8,1,Route_A,Route_B | Route_C,False,Route_C,Route_A,False,-1,-1,2,-2,8,4,1,1,2,1,3,5,2,3,3,2,1,model_A_M0,1,3,2,ג,26,female,Hebrew,bachelor,מדעי המחשב / הנדסה / דאטה,5,6,6
P027,experiment,0,OPT,1,stacked_bars,4,SCN_017_S,stacked_bars,easy,Route_B,Route_B,True,Route_C,False,False,46.83,13.71,9,2,Route_B,Route_A,False,Route_A,Route_A | Route_B,True,-1,-1,2,-2,8,4,1,1,2,1,3,5,2,3,3,2,1,model_A_M0,1,3,2,ג,26,female,Hebrew,bachelor,מדעי המחשב / הנדסה / דאטה,5,6,6
P027,experiment,0,OPT,2,radar,0,SCN_007_R,radar,easy,Route_B,Route_B,True,Route_B,True,True,25.64,13.07,10,-1,dont_know,Route_C,False,Route_B,Route_B | Route_C,True,-1,-2,-5,-2,8,4,1,1,2,1,3,5,2,3,3,2,1,model_A_M0,1,3,2,ג,26,female,Hebrew,bachelor,מדעי המחשב / הנדסה / דאטה,5,6,6
P027,experiment,0,OPT,2,radar,1,SCN_008_R,radar,hard,Route_A,Route_A,True,Route_A,True,True,47.88,11.04,7,3,Route_A,Route_A,True,Route_A,Route_C,False,-1,-2,-5,-2,8,4,1,1,2,1,3,5,2,3,3,2,1,model_A_M0,1,3,2,ג,26,female,Hebrew,bachelor,מדעי המחשב / הנדסה / דאטה,5,6,6
P027,experiment,0,OPT,2,radar,2,SCN_009_R,radar,easy,Route_C,Route_C,True,Route_C,True,True,33.9,11.84,9,5,Route_C,Route_C,True,Route_B,Route_A,False,-1,-2,-5,-2,8,4,1,1,2,1,3,5,2,3,3,2,1,model_A_M0,1,3,2,ג,26,female,Hebrew,bachelor,מדעי המחשב / הנדסה / דאטה,5,6,6
P027,experiment,0,OPT,2,radar,3,SCN_006_R,radar,hard,Route_C,Route_A,False,Route_C,False,True,52.71,12.98,8,3,Route_C,Route_A | Route_C,True,Route_B,Route_A | Route_B,True,-1,-2,-5,-2,8,4,1,1,2,1,3,5,2,3,3,2,1,model_A_M0,1,3,2,ג,26,female,Hebrew,bachelor,מדעי המחשב / הנדסה / דאטה,5,6,6
P027,experiment,0,OPT,2,radar,4,SCN_004_R,radar,easy,Route_C,Route_C,True,Route_C,True,True,21.18,8.73,9,2,dont_know,Route_A | Route_B,False,Route_A,Route_A,True,-1,-2,-5,-2,8,4,1,1,2,1,3,5,2,3,3,2,1,model_A_M0,1,3,2,ג,26,female,Hebrew,bachelor,מדעי המחשב / הנדסה / דאטה,5,6,6
P027,experiment,1,SUB,0,stacked_bars,0,SCN_019_S,stacked_bars,easy,Route_A,Route_A,True,Route_C,False,False,12.39,7.65,8,3,dont_know,Route_C,False,dont_know,Route_B | Route_C,False,2,4,5,-2,8,6,1,4,2,1,3,2,1,2,1,1,1,model_A_M0,1,3,2,ג,26,female,Hebrew,bachelor,מדעי המחשב / הנדסה / דאטה,5,6,6
P027,experiment,1,SUB,0,stacked_bars,1,SCN_020_S,stacked_bars,hard,Route_B,Route_C,False,Route_C,True,False,17.94,10.69,8,1,Route_B,Route_C,False,Route_C,Route_C,True,2,4,5,-2,8,6,1,4,2,1,3,2,1,2,1,1,1,model_A_M0,1,3,2,ג,26,female,Hebrew,bachelor,מדעי המחשב / הנדסה / דאטה,5,6,6
P027,experiment,1,SUB,0,stacked_bars,2,SCN_015_S,stacked_bars,easy,Route_C,Route_B,False,Route_C,False,True,11.14,10.89,-1,-2,dont_know,Route_B,False,dont_know,Route_B,False,2,4,5,-2,8,6,1,4,2,1,3,2,1,2,1,1,1,model_A_M0,1,3,2,ג,26,female,Hebrew,bachelor,מדעי המחשב / הנדסה / דאטה,5,6,6
P027,experiment,1,SUB,0,stacked_bars,3,SCN_018_S,stacked_bars,hard,Route_C,Route_C,True,Route_A,False,False,21.37,11.24,4,3,dont_know,Route_C,False,dont_know,Route_B,False,2,4,5,-2,8,6,1,4,2,1,3,2,1,2,1,1,1,model_A_M0,1,3,2,ג,26,female,Hebrew,bachelor,מדעי המחשב / הנדסה / דאטה,5,6,6
P027,experiment,1,SUB,1,radar,0,SCN_011_R,radar,easy,Route_B,Route_A,False,Route_B,False,True,33.2,11.38,9,2,Route_A,Route_A,True,Route_A,Route_B,False,-3,-3,2,-2,9,6,1,4,2,1,3,2,1,2,1,1,1,model_A_M0,1,3,2,ג,26,female,Hebrew,bachelor,מדעי המחשב / הנדסה / דאטה,5,6,6
P027,experiment,1,SUB,1,radar,1,SCN_010_R,radar,hard,Route_C,Route_C,True,Route_C,True,True,29.86,14.25,10,-2,Route_A,Route_B,False,dont_know,Route_A | Route_B,False,-3,-3,2,-2,9,6,1,4,2,1,3,2,1,2,1,1,1,model_A_M0,1,3,2,ג,26,female,Hebrew,bachelor,מדעי המחשב / הנדסה / דאטה,5,6,6
P027,experiment,1,SUB,1,radar,2,SCN_005_R,radar,easy,Route_C,Route_C,True,Route_C,True,True,41.05,15.18,10,2,Route_A,Route_A,True,Route_B,Route_B,True,-3,-3,2,-2,9,6,1,4,2,1,3,2,1,2,1,1,1,model_A_M0,1,3,2,ג,26,female,Hebrew,bachelor,מדעי המחשב / הנדסה / דאטה,5,6,6
P027,experiment,1,SUB,1,radar,3,SCN_013_R,radar,hard,Route_B,Route_C,False,Route_B,False,True,26.56,9.4,9,3,dont_know,Route_B,False,Route_B,Route_B | Route_C,True,-3,-3,2,-2,9,6,1,4,2,1,3,2,1,2,1,1,1,model_A_M0,1,3,2,ג,26,female,Hebrew,bachelor,מדעי המחשב / הנדסה / דאטה,5,6,6
P027,experiment,1,SUB,2,heatmap,0,SCN_021_H,heatmap,easy,Route_C,Route_B,False,Route_B,True,False,19.01,14.92,10,-2,Route_B,Route_B,True,dont_know,Route_A,False,-3,-2,2,-1,9,6,1,4,2,1,3,2,1,2,1,1,1,model_A_M0,1,3,2,ג,26,female,Hebrew,bachelor,מדעי המחשב / הנדסה / דאטה,5,6,6
P027,experiment,1,SUB,2,heatmap,1,SCN_029_H,heatmap,hard,Route_B,Route_B,True,Route_A,False,False,32.17,25.84,10,2,dont_know,Route_A | Route_C,False,dont_know,Route_C,False,-3,-2,2,-1,9,6,1,4,2,1,3,2,1,2,1,1,1,model_A_M0,1,3,2,ג,26,female,Hebrew,bachelor,מדעי המחשב / הנדסה / דאטה,5,6,6
P027,experiment,1,SUB,2,heatmap,2,SCN_023_H,heatmap,easy,Route_B,Route_B,True,Route_C,False,False,44.27,10.85,10,1,Route_B,Route_B,True,dont_know,Route_C,False,-3,-2,2,-1,9,6,1,4,2,1,3,2,1,2,1,1,1,model_A_M0,1,3,2,ג,26,female,Hebrew,bachelor,מדעי המחשב / הנדסה / דאטה,5,6,6
P027,experiment,1,SUB,2,heatmap,3,SCN_022_H,heatmap,hard,Route_A,Route_B,False,Route_A,False,True,50.84,12.31,7,1,Route_B,Route_A,False,Route_B,Route_A,False,-3,-2,2,-1,9,6,1,4,2,1,3,2,1,2,1,1,1,model_A_M0,1,3,2,ג,26,female,Hebrew,bachelor,מדעי המחשב / הנדסה / דאטה,5,6,6
P028,practice,,,,,0,SCN_001_S,stacked_bars,easy,Route_A,Route_A,True,Route_A,True,True,52.72,52.87,9,-7,dont_know,Route_C,False,Route_A,Route_A,True,,,,,,,,,,,,,,,,,,model_A_M0,2,3,1,ג,25,female,אחר,bachelor,מדעי המחשב / הנדסה / דאטה,5,5,7
P028,practice,,,,,1,SCN_031_S,stacked_bars,easy,Route_A,Route_A,True,Route_A,True,True,51.61,41.79,7,-6,Route_A,Route_A | Route_B,True,dont_know,Route_B,False,,,,,,,,,,,,,,,,,,model_A_M0,2,3,1,ג,25,female,אחר,bachelor,מדעי המחשב / הנדסה / דאטה,5,5,7
P028,practice,,,,,2,SCN_002_R,radar,easy,Route_A,Route_A,True,Route_A,True,True,41.76,53.74,8,-7,dont_know,Route_C,False,dont_know,Route_B,False,,,,,,,,,,,,,,,,,,model_A_M0,2,3,1,ג,25,female,אחר,bachelor,מדעי המחשב / הנדסה / דאטה,5,5,7
P028,practice,,,,,3,SCN_032_R,radar,easy,Route_B,Route_B,True,Route_B,True,True,66.52,39.41,5,-8,Route_A,Route_A,True,dont_know,Route_C,False,,,,,,,,,,,,,,,,,,model_A_M0,2,3,1,ג,25,female,אחר,bachelor,מדעי המחשב / הנדסה / דאטה,5,5,7
P028,practice,,,,,4,SCN_003_H,heatmap,easy,Route_B,Route_B,True,Route_B,True,True,27.14,52.12,10,-7,dont_know,Route_B,False,Route_A,Route_A,True,,,,,,,,,,,,,,,,,,model_A_M0,2,3,1,ג,25,female,אחר,bachelor,מדעי המחשב / הנדסה / דאטה,5,5,7
P028,practice,,,,,5,SCN_033_H,heatmap,easy,Route_C,Route_C,True,Route_B,False,False,42.31,37.99,9,-3,Route_B,Route_B,True,dont_know,Route_A,False,,,,,,,,,,,,,,,,,,model_A_M0,2,3,1,ג,25,female,אחר,bachelor,מדעי המחשב / הנדסה / דאטה,5,5,7
P028,experiment,0,SUB,0,radar,0,SCN_005_R,radar,easy,Route_C,Route_B,False,Route_C,False,True,22.1,25.69,9,6,dont_know,Route_A,False,dont_know,Route_B,False,4,-3,8,-4,-2,5,1,5,5,1,3,2,4,3,3,6,6,model_A_M0,2,3,1,ג,25,female,אחר,bachelor,מדעי המחשב / הנדסה / דאטה,5,5,7
P028,experiment,0,SUB,0,radar,1,SCN_013_R,radar,hard,Route_B,Route_C,False,Route_B,False,True,45.11,27.72,10,6,dont_know,Route_B,False,dont_know,Route_B | Route_C,False,4,-3,8,-4,-2,5,1,5,5,1,3,2,4,3,3,6,6,model_A_M0,2,3,1,ג,25,female,אחר,bachelor,מדעי המחשב / הנדסה / דאטה,5,5,7
P028,experiment,0,SUB,0,radar,2,SCN_011_R,radar,easy,Route_B,Route_B,True,Route_B,True,True,37.37,30.86,10,2,dont_know,Route_A,False,dont_know,Route_B,False,4,-3,8,-4,-2,5,1,5,5,1,3,2,4,3,3,6,6,model_A_M0,2,3,1,ג,25,female,אחר,bachelor,מדעי המחשב / הנדסה / דאטה,5,5,7
P028,experiment,0,SUB,0,radar,3,SCN_010_R,radar,hard,Route_C,Route_C,True,Route_C,True,True,36.13,18.55,10,3,dont_know,Route_B,False,dont_know,Route_A | Route_B,False,4,-3,8,-4,-2,5,1,5,5,1,3,2,4,3,3,6,6,model_A_M0,2,3,1,ג,25,female,אחר,bachelor,מדעי המחשב / הנדסה / דאטה,5,5,7
P028,experiment,0,SUB,1,heatmap,0,SCN_021_H,heatmap,easy,Route_C,Route_C,True,Route_B,False,False,22.68,57.13,10,-4,dont_know,Route_B,False,dont_know,Route_A,False,5,-2,8,-3,-3,5,1,5,5,1,3,2,4,3,3,6,6,model_A_M0,2,3,1,ג,25,female,אחר,bachelor,מדעי המחשב / הנדסה / דאטה,5,5,7
P028,experiment,0,SUB,1,heatmap,1,SCN_029_H,heatmap,hard,Route_B,Route_B,True,Route_A,False,False,40.68,50.68,7,3,dont_know,Route_A | Route_C,False,dont_know,Route_C,False,5,-2,8,-3,-3,5,1,5,5,1,3,2,4,3,3,6,6,model_A_M0,2,3,1,ג,25,female,אחר,bachelor,מדעי המחשב / הנדסה / דאטה,5,5,7
P028,experiment,0,SUB,1,heatmap,2,SCN_023_H,heatmap,easy,Route_B,Route_A,False,Route_C,False,False,33.32,18.5,10,4,dont_know,Route_B,False,Route_C,Route_C,True,5,-2,8,-3,-3,5,1,5,5,1,3,2,4,3,3,6,6,model_A_M0,2,3,1,ג,25,female,אחר,bachelor,מדעי המחשב / הנדסה / דאטה,5,5,7
P028,experiment,0,SUB,1,heatmap,3,SCN_022_H,heatmap,hard,Route_A,Route_B,False,Route_A,False,True,34.74,37.6,10,2,dont_know,Route_A,False,dont_know,Route_A,False,5,-2,8,-3,-3,5,1,5,5,1,3,2,4,3,3,6,6,model_A_M0,2,3,1,ג,25,female,אחר,bachelor,מדעי המחשב / הנדסה / דאטה,5,5,7
P028,experiment,0,SUB,2,stacked_bars,0,SCN_019_S,stacked_bars,easy,Route_A,Route_A,True,Route_C,False,False,16.5,24.4,10,-2,dont_know,Route_C,False,dont_know,Route_B | Route_C,False,-4,1,7,-3,-2,5,1,5,5,1,3,2,4,3,3,6,6,model_A_M0,2,3,1,ג,25,female,אחר,bachelor,מדעי המחשב / הנדסה / דאטה,5,5,7
P028,experiment,0,SUB,2,stacked_bars,1,SCN_018_S,stacked_bars,hard,Route_C,Route_A,False,Route_A,True,False,31.49,40.31,9,3,Route_A,Route_C,False,dont_know,Route_B,False,-4,1,7,-3,-2,5,1,5,5,1,3,2,4,3,3,6,6,model_A_M0,2,3,1,ג,25,female,אחר,bachelor,מדעי המחשב / הנדסה / דאטה,5,5,7
P028,experiment,0,SUB,2,stacked_bars,2,SCN_015_S,stacked_bars,easy,Route_C,Route_B,False,Route_C,False,True,43.02,25.05,9,4,dont_know,Route_B,False,dont_know,Route_B,False,-4,1,7,-3,-2,5,1,5,5,1,3,2,4,3,3,6,6,model_A_M0,2,3,1,ג,25,female,אחר,bachelor,מדעי המחשב / הנדסה / דאטה,5,5,7
P028,experiment,0,SUB,2,stacked_bars,3,SCN_020_S,stacked_bars,hard,Route_B,Route_B,True,Route_C,False,False,33.8,32.87,7,4,Route_A,Route_C,False,dont_know,Route_C,False,-4,1,7,-3,-2,5,1,5,5,1,3,2,4,3,3,6,6,model_A_M0,2,3,1,ג,25,female,אחר,bachelor,מדעי המחשב / הנדסה / דאטה,5,5,7
P028,experiment,1,OPT,0,stacked_bars,0,SCN_017_S,stacked_bars,easy,Route_B,Route_A,False,Route_C,False,False,40.35,11.81,8,3,dont_know,Route_A,False,dont_know,Route_A | Route_B,False,-3,-2,7,-3,-2,5,1,1,5,2,3,3,4,3,3,3,4,model_A_M0,2,3,1,ג,25,female,אחר,bachelor,מדעי המחשב / הנדסה / דאטה,5,5,7
P028,experiment,1,OPT,0,stacked_bars,1,SCN_012_S,stacked_bars,hard,Route_B,Route_B,True,Route_B,True,True,31.21,13.75,5,4,dont_know,Route_A | Route_B,False,dont_know,Route_A,False,-3,-2,7,-3,-2,5,1,1,5,2,3,3,4,3,3,3,4,model_A_M0,2,3,1,ג,25,female,אחר,bachelor,מדעי המחשב / הנדסה / דאטה,5,5,7
P028,experiment,1,OPT,0,stacked_bars,2,SCN_025_S,stacked_bars,easy,Route_A,Route_A,True,Route_C,False,False,12.88,23.02,8,-2,dont_know,Route_C,False,dont_know,Route_C,False,-3,-2,7,-3,-2,5,1,1,5,2,3,3,4,3,3,3,4,model_A_M0,2,3,1,ג,25,female,אחר,bachelor,מדעי המחשב / הנדסה / דאטה,5,5,7
P028,experiment,1,OPT,0,stacked_bars,3,SCN_016_S,stacked_bars,hard,Route_B,Route_B,True,Route_B,True,True,17.55,15.32,10,2,dont_know,Route_B | Route_C,False,dont_know,Route_A,False,-3,-2,7,-3,-2,5,1,1,5,2,3,3,4,3,3,3,4,model_A_M0,2,3,1,ג,25,female,אחר,bachelor,מדעי המחשב / הנדסה / דאטה,5,5,7
P028,experiment,1,OPT,0,stacked_bars,4,SCN_014_S,stacked_bars,easy,Route_A,Route_A,True,Route_A,True,True,14.94,28.96,10,3,dont_know,Route_B,False,Route_A,Route_A,True,-3,-2,7,-3,-2,5,1,1,5,2,3,3,4,3,3,3,4,model_A_M0,2,3,1,ג,25,female,אחר,bachelor,מדעי המחשב / הנדסה / דאטה,5,5,7
P028,experiment,1,OPT,1,radar,0,SCN_004_R,radar,easy,Route_C,Route_C,True,Route_C,True,True,18.3,25.3,10,-2,dont_know,Route_A | Route_B,False,dont_know,Route_A,False,-5,-2,6,-5,-4,5,1,1,5,2,3,3,4,3,3,3,4,model_A_M0,2,3,1,ג,25,female,אחר,bachelor,מדעי המחשב / הנדסה / דאטה,5,5,7
P028,experiment,1,OPT,1,radar,1,SCN_006_R,radar,hard,Route_C,Route_C,True,Route_C,True,True,33.98,22.3,6,5,dont_know,Route_A | Route_C,False,Route_C,Route_A | Route_B,False,-5,-2,6,-5,-4,5,1,1,5,2,3,3,4,3,3,3,4,model_A_M0,2,3,1,ג,25,female,אחר,bachelor,מדעי המחשב / הנדסה / דאטה,5,5,7
P028,experiment,1,OPT,1,radar,2,SCN_007_R,radar,easy,Route_B,Route_C,False,Route_B,False,True,15.01,32.17,10,-1,dont_know,Route_C,False,dont_know,Route_B | Route_C,False,-5,-2,6,-5,-4,5,1,1,5,2,3,3,4,3,3,3,4,model_A_M0,2,3,1,ג,25,female,אחר,bachelor,מדעי המחשב / הנדסה / דאטה,5,5,7
P028,experiment,1,OPT,1,radar,3,SCN_008_R,radar,hard,Route_A,Route_A,True,Route_A,True,True,27.25,11.12,10,3,dont_know,Route_A,False,dont_know,Route_C,False,-5,-2,6,-5,-4,5,1,1,5,2,3,3,4,3,3,3,4,model_A_M0,2,3,1,ג,25,female,אחר,bachelor,מדעי המחשב / הנדסה / דאטה,5,5,7
P028,experiment,1,OPT,1,radar,4,SCN_009_R,radar,easy,Route_C,Route_C,True,Route_C,True,True,29.55,18.45,10,3,Route_C,Route_C,True,dont_know,Route_A,False,-5,-2,6,-5,-4,5,1,1,5,2,3,3,4,3,3,3,4,model_A_M0,2,3,1,ג,25,female,אחר,bachelor,מדעי המחשב / הנדסה / דאטה,5,5,7
P028,experiment,1,OPT,2,heatmap,0,SCN_026_H,heatmap,hard,Route_B,Route_B,True,Route_C,False,False,15.52,23.73,10,-3,dont_know,Route_B,False,dont_know,Route_C,False,-3,-2,8,-2,-2,5,1,1,5,2,3,3,4,3,3,3,4,model_A_M0,2,3,1,ג,25,female,אחר,bachelor,מדעי המחשב / הנדסה / דאטה,5,5,7
P028,experiment,1,OPT,2,heatmap,1,SCN_030_H,heatmap,easy,Route_C,Route_A,False,Route_A,True,False,11.69,14.24,10,-3,dont_know,Route_B | Route_C,False,dont_know,Route_B | Route_C,False,-3,-2,8,-2,-2,5,1,1,5,2,3,3,4,3,3,3,4,model_A_M0,2,3,1,ג,25,female,אחר,bachelor,מדעי המחשב / הנדסה / דאטה,5,5,7
P028,experiment,1,OPT,2,heatmap,2,SCN_028_H,heatmap,hard,Route_A,Route_A,True,Route_C,False,False,18.38,17.51,10,3,dont_know,Route_A | Route_C,False,dont_know,Route_A,False,-3,-2,8,-2,-2,5,1,1,5,2,3,3,4,3,3,3,4,model_A_M0,2,3,1,ג,25,female,אחר,bachelor,מדעי המחשב / הנדסה / דאטה,5,5,7
P028,experiment,1,OPT,2,heatmap,3,SCN_027_H,heatmap,easy,Route_C,Route_C,True,Route_B,False,False,13.99,18.23,10,-2,dont_know,Route_C,False,dont_know,Route_B,False,-3,-2,8,-2,-2,5,1,1,5,2,3,3,4,3,3,3,4,model_A_M0,2,3,1,ג,25,female,אחר,bachelor,מדעי המחשב / הנדסה / דאטה,5,5,7
P028,experiment,1,OPT,2,heatmap,4,SCN_024_H,heatmap,hard,Route_C,Route_C,True,Route_B,False,False,25.01,16.71,10,3,Route_B,Route_B,True,dont_know,Route_A | Route_B,False,-3,-2,8,-2,-2,5,1,1,5,2,3,3,4,3,3,3,4,model_A_M0,2,3,1,ג,25,female,אחר,bachelor,מדעי המחשב / הנדסה / דאטה,5,5,7
P029,practice,,,,,0,SCN_001_S,stacked_bars,easy,Route_A,Route_A,True,Route_A,True,True,20.88,27.31,10,-10,dont_know,Route_C,False,dont_know,Route_A,False,,,,,,,,,,,,,,,,,,model_A_M0,3,2,1,ג,25,male,Arabic,master,מדעי המחשב / הנדסה / דאטה,7,7,6
P029,practice,,,,,1,SCN_031_S,stacked_bars,easy,Route_A,Route_A,True,Route_B,False,False,44.86,26.27,8,-9,Route_B,Route_A | Route_B,True,Route_B,Route_B,True,,,,,,,,,,,,,,,,,,model_A_M0,3,2,1,ג,25,male,Arabic,master,מדעי המחשב / הנדסה / דאטה,7,7,6
P029,practice,,,,,2,SCN_002_R,radar,easy,Route_A,Route_A,True,Route_A,True,True,59.86,21.93,10,-9,Route_C,Route_C,True,Route_A,Route_B,False,,,,,,,,,,,,,,,,,,model_A_M0,3,2,1,ג,25,male,Arabic,master,מדעי המחשב / הנדסה / דאטה,7,7,6
P029,practice,,,,,3,SCN_032_R,radar,easy,Route_B,Route_B,True,Route_B,True,True,44.99,13.46,10,-9,Route_B,Route_A,False,dont_know,Route_C,False,,,,,,,,,,,,,,,,,,model_A_M0,3,2,1,ג,25,male,Arabic,master,מדעי המחשב / הנדסה / דאטה,7,7,6
P029,practice,,,,,4,SCN_003_H,heatmap,easy,Route_B,Route_B,True,Route_B,True,True,33.19,13.05,10,-10,dont_know,Route_B,False,dont_know,Route_A,False,,,,,,,,,,,,,,,,,,model_A_M0,3,2,1,ג,25,male,Arabic,master,מדעי המחשב / הנדסה / דאטה,7,7,6
P029,practice,,,,,5,SCN_033_H,heatmap,easy,Route_C,Route_C,True,Route_B,False,False,31.92,13.38,9,-10,Route_B,Route_B,True,Route_A,Route_A,True,,,,,,,,,,,,,,,,,,model_A_M0,3,2,1,ג,25,male,Arabic,master,מדעי המחשב / הנדסה / דאטה,7,7,6
P029,experiment,0,OPT,0,radar,0,SCN_004_R,radar,easy,Route_C,Route_C,True,Route_C,True,True,44.35,16.02,10,-9,Route_C,Route_A | Route_B,False,Route_C,Route_A,False,-3,0,9,0,1,2,4,2,2,2,5,5,6,6,5,6,1,model_A_M0,3,2,1,ג,25,male,Arabic,master,מדעי המחשב / הנדסה / דאטה,7,7,6
P029,experiment,0,OPT,0,radar,1,SCN_006_R,radar,hard,Route_C,Route_C,True,Route_C,True,True,34.55,9.34,10,-10,Route_A,Route_A | Route_C,True,Route_C,Route_A | Route_B,False,-3,0,9,0,1,2,4,2,2,2,5,5,6,6,5,6,1,model_A_M0,3,2,1,ג,25,male,Arabic,master,מדעי המחשב / הנדסה / דאטה,7,7,6
P029,experiment,0,OPT,0,radar,2,SCN_009_R,radar,easy,Route_C,Route_C,True,Route_C,True,True,30.06,6.29,10,-9,Route_C,Route_C,True,Route_B,Route_A,False,-3,0,9,0,1,2,4,2,2,2,5,5,6,6,5,6,1,model_A_M0,3,2,1,ג,25,male,Arabic,master,מדעי המחשב / הנדסה / דאטה,7,7,6
P029,experiment,0,OPT,0,radar,3,SCN_008_R,radar,hard,Route_A,Route_C,False,Route_A,False,True,44.96,15.65,10,-10,dont_know,Route_A,False,Route_A,Route_C,False,-3,0,9,0,1,2,4,2,2,2,5,5,6,6,5,6,1,model_A_M0,3,2,1,ג,25,male,Arabic,master,מדעי המחשב / הנדסה / דאטה,7,7,6
P029,experiment,0,OPT,0,radar,4,SCN_007_R,radar,easy,Route_B,Route_B,True,Route_B,True,True,48.23,24.12,10,-10,dont_know,Route_C,False,dont_know,Route_B | Route_C,False,-3,0,9,0,1,2,4,2,2,2,5,5,6,6,5,6,1,model_A_M0,3,2,1,ג,25,male,Arabic,master,מדעי המחשב / הנדסה / דאטה,7,7,6
P029,experiment,0,OPT,1,heatmap,0,SCN_028_H,heatmap,hard,Route_A,Route_A,True,Route_C,False,False,20.24,10.89,10,-10,Route_C,Route_A | Route_C,True,Route_C,Route_A,False,7,9,10,7,9,2,4,2,2,2,5,5,6,6,5,6,1,model_A_M0,3,2,1,ג,25,male,Arabic,master,מדעי המחשב / הנדסה / דאטה,7,7,6
P029,experiment,0,OPT,1,heatmap,1,SCN_030_H,heatmap,easy,Route_C,Route_C,True,Route_A,False,False,34.01,11.06,10,-10,Route_B,Route_B | Route_C,True,Route_A,Route_B | Route_C,False,7,9,10,7,9,2,4,2,2,2,5,5,6,6,5,6,1,model_A_M0,3,2,1,ג,25,male,Arabic,master,מדעי המחשב / הנדסה / דאטה,7,7,6
P029,experiment,0,OPT,1,heatmap,2,SCN_024_H,heatmap,hard,Route_C,Route_A,False,Route_B,False,False,34.51,15.57,10,-10,Route_A,Route_B,False,dont_know,Route_A | Route_B,False,7,9,10,7,9,2,4,2,2,2,5,5,6,6,5,6,1,model_A_M0,3,2,1,ג,25,male,Arabic,master,מדעי המחשב / הנדסה / דאטה,7,7,6
P029,experiment,0,OPT,1,heatmap,3,SCN_027_H,heatmap,easy,Route_C,Route_C,True,Route_B,False,False,16.9,10.46,10,-10,Route_B,Route_C,False,Route_C,Route_B,False,7,9,10,7,9,2,4,2,2,2,5,5,6,6,5,6,1,model_A_M0,3,2,1,ג,25,male,Arabic,master,מדעי המחשב / הנדסה / דאטה,7,7,6
P029,experiment,0,OPT,1,heatmap,4,SCN_026_H,heatmap,hard,Route_B,Route_B,True,Route_C,False,False,33.93,11.54,10,-10,Route_C,Route_B,False,Route_C,Route_C,True,7,9,10,7,9,2,4,2,2,2,5,5,6,6,5,6,1,model_A_M0,3,2,1,ג,25,male,Arabic,master,מדעי המחשב / הנדסה / דאטה,7,7,6
P029,experiment,0,OPT,2,stacked_bars,0,SCN_017_S,stacked_bars,easy,Route_B,Route_B,True,Route_A,False,False,39.27,29.47,10,-8,Route_C,Route_A,False,Route_C,Route_A | Route_B,False,-4,0,4,0,0,2,4,2,2,2,5,5,6,6,5,6,1,model_A_M0,3,2,1,ג,25,male,Arabic,master,מדעי המחשב / הנדסה / דאטה,7,7,6
P029,experiment,0,OPT,2,stacked_bars,1,SCN_012_S,stacked_bars,hard,Route_B,Route_B,True,Route_B,True,True,26.56,10.09,10,-10,Route_B,Route_A | Route_B,True,Route_B,Route_A,False,-4,0,4,0,0,2,4,2,2,2,5,5,6,6,5,6,1,model_A_M0,3,2,1,ג,25,male,Arabic,master,מדעי המחשב / הנדסה / דאטה,7,7,6
P029,experiment,0,OPT,2,stacked_bars,2,SCN_025_S,stacked_bars,easy,Route_A,Route_C,False,Route_C,True,False,35.37,11.23,10,-10,dont_know,Route_C,False,dont_know,Route_C,False,-4,0,4,0,0,2,4,2,2,2,5,5,6,6,5,6,1,model_A_M0,3,2,1,ג,25,male,Arabic,master,מדעי המחשב / הנדסה / דאטה,7,7,6
P029,experiment,0,OPT,2,stacked_bars,3,SCN_016_S,stacked_bars,hard,Route_B,Route_B,True,Route_B,True,True,43.0,14.82,9,-7,Route_B,Route_B | Route_C,True,Route_A,Route_A,True,-4,0,4,0,0,2,4,2,2,2,5,5,6,6,5,6,1,model_A_M0,3,2,1,ג,25,male,Arabic,master,מדעי המחשב / הנדסה / דאטה,7,7,6
P029,experiment,0,OPT,2,stacked_bars,4,SCN_014_S,stacked_bars,easy,Route_A,Route_A,True,Route_A,True,True,55.56,22.92,10,-8,Route_B,Route_B,True,Route_A,Route_A,True,-4,0,4,0,0,2,4,2,2,2,5,5,6,6,5,6,1,model_A_M0,3,2,1,ג,25,male,Arabic,master,מדעי המחשב / הנדסה / דאטה,7,7,6
P029,experiment,1,SUB,0,heatmap,0,SCN_021_H,heatmap,easy,Route_C,Route_C,True,Route_B,False,False,21.29,24.47,8,-5,Route_C,Route_B,False,Route_A,Route_A,True,9,8,9,8,8,6,5,7,7,7,3,2,2,2,2,2,5,model_A_M0,3,2,1,ג,25,male,Arabic,master,מדעי המחשב / הנדסה / דאטה,7,7,6
P029,experiment,1,SUB,0,heatmap,1,SCN_029_H,heatmap,hard,Route_B,Route_A,False,Route_A,True,False,26.75,18.74,10,-9,dont_know,Route_A | Route_C,False,Route_C,Route_C,True,9,8,9,8,8,6,5,7,7,7,3,2,2,2,2,2,5,model_A_M0,3,2,1,ג,25,male,Arabic,master,מדעי המחשב / הנדסה / דאטה,7,7,6
P029,experiment,1,SUB,0,heatmap,2,SCN_023_H,heatmap,easy,Route_B,Route_A,False,Route_C,False,False,19.39,20.16,8,-8,Route_C,Route_B,False,Route_A,Route_C,False,9,8,9,8,8,6,5,7,7,7,3,2,2,2,2,2,5,model_A_M0,3,2,1,ג,25,male,Arabic,master,מדעי המחשב / הנדסה / דאטה,7,7,6
P029,experiment,1,SUB,0,heatmap,3,SCN_022_H,heatmap,hard,Route_A,Route_A,True,Route_A,True,True,30.4,20.11,8,-8,dont_know,Route_A,False,Route_C,Route_A,False,9,8,9,8,8,6,5,7,7,7,3,2,2,2,2,2,5,model_A_M0,3,2,1,ג,25,male,Arabic,master,מדעי המחשב / הנדסה / דאטה,7,7,6
P029,experiment,1,SUB,1,stacked_bars,0,SCN_019_S,stacked_bars,easy,Route_A,Route_C,False,Route_C,True,False,31.17,12.74,10,-8,Route_C,Route_C,True,dont_know,Route_B | Route_C,False,5,5,10,8,8,6,5,7,7,7,3,2,2,2,2,2,5,model_A_M0,3,2,1,ג,25,male,Arabic,master,מדעי המחשב / הנדסה / דאטה,7,7,6
P029,experiment,1,SUB,1,stacked_bars,1,SCN_020_S,stacked_bars,hard,Route_B,Route_B,True,Route_C,False,False,36.38,13.8,10,-9,Route_C,Route_C,True,Route_C,Route_C,True,5,5,10,8,8,6,5,7,7,7,3,2,2,2,2,2,5,model_A_M0,3,2,1,ג,25,male,Arabic,master,מדעי המחשב / הנדסה / דאטה,7,7,6
P029,experiment,1,SUB,1,stacked_bars,2,SCN_015_S,stacked_bars,easy,Route_C,Route_C,True,Route_C,True,True,19.92,12.37,10,-9,Route_C,Route_B,False,Route_C,Route_B,False,5,5,10,8,8,6,5,7,7,7,3,2,2,2,2,2,5,model_A_M0,3,2,1,ג,25,male,Arabic,master,מדעי המחשב / הנדסה / דאטה,7,7,6
P029,experiment,1,SUB,1,stacked_bars,3,SCN_018_S,stacked_bars,hard,Route_C,Route_A,False,Route_A,True,False,17.44,7.91,10,-8,Route_A,Route_C,False,dont_know,Route_B,False,5,5,10,8,8,6,5,7,7,7,3,2,2,2,2,2,5,model_A_M0,3,2,1,ג,25,male,Arabic,master,מדעי המחשב / הנדסה / דאטה,7,7,6
P029,experiment,1,SUB,2,radar,0,SCN_005_R,radar,easy,Route_C,Route_B,False,Route_A,False,False,37.7,9.94,10,-10,Route_C,Route_A,False,Route_B,Route_B,True,1,9,8,5,0,6,5,7,7,7,3,2,2,2,2,2,5,model_A_M0,3,2,1,ג,25,male,Arabic,master,מדעי המחשב / הנדסה / דאטה,7,7,6
P029,experiment,1,SUB,2,radar,1,SCN_010_R,radar,hard,Route_C,Route_B,False,Route_C,False,True,23.92,13.89,10,-10,Route_B,Route_B,True,Route_B,Route_A | Route_B,True,1,9,8,5,0,6,5,7,7,7,3,2,2,2,2,2,5,model_A_M0,3,2,1,ג,25,male,Arabic,master,מדעי המחשב / הנדסה / דאטה,7,7,6
P029,experiment,1,SUB,2,radar,2,SCN_011_R,radar,easy,Route_B,Route_B,True,Route_B,True,True,35.12,11.36,9,-6,Route_B,Route_A,False,Route_B,Route_B,True,1,9,8,5,0,6,5,7,7,7,3,2,2,2,2,2,5,model_A_M0,3,2,1,ג,25,male,Arabic,master,מדעי המחשב / הנדסה / דאטה,7,7,6
P029,experiment,1,SUB,2,radar,3,SCN_013_R,radar,hard,Route_B,Route_B,True,Route_B,True,True,29.82,14.21,9,-9,Route_C,Route_B,False,Route_B,Route_B | Route_C,True,1,9,8,5,0,6,5,7,7,7,3,2,2,2,2,2,5,model_A_M0,3,2,1,ג,25,male,Arabic,master,מדעי המחשב / הנדסה / דאטה,7,7,6
P030,practice,,,,,0,SCN_001_S,stacked_bars,easy,Route_A,Route_A,True,Route_A,True,True,24.51,37.88,10,-8,dont_know,Route_C,False,dont_know,Route_A,False,,,,,,,,,,,,,,,,,,model_A_M0,2,3,1,ג,18,male,Hebrew,ללא תואר,אחר,5,5,2
P030,practice,,,,,1,SCN_031_S,stacked_bars,easy,Route_A,Route_A,True,Route_B,False,False,28.46,21.9,7,-4,Route_B,Route_A | Route_B,True,Route_B,Route_B,True,,,,,,,,,,,,,,,,,,model_A_M0,2,3,1,ג,18,male,Hebrew,ללא תואר,אחר,5,5,2
P030,practice,,,,,2,SCN_002_R,radar,easy,Route_A,Route_A,True,Route_B,False,False,67.09,23.6,-1,6,dont_know,Route_C,False,dont_know,Route_B,False,,,,,,,,,,,,,,,,,,model_A_M0,2,3,1,ג,18,male,Hebrew,ללא תואר,אחר,5,5,2
P030,practice,,,,,3,SCN_032_R,radar,easy,Route_B,Route_B,True,Route_B,True,True,45.85,21.42,-1,3,Route_B,Route_A,False,dont_know,Route_C,False,,,,,,,,,,,,,,,,,,model_A_M0,2,3,1,ג,18,male,Hebrew,ללא תואר,אחר,5,5,2
P030,practice,,,,,4,SCN_003_H,heatmap,easy,Route_B,Route_B,True,Route_B,True,True,34.75,21.1,9,-8,dont_know,Route_B,False,dont_know,Route_A,False,,,,,,,,,,,,,,,,,,model_A_M0,2,3,1,ג,18,male,Hebrew,ללא תואר,אחר,5,5,2
P030,practice,,,,,5,SCN_033_H,heatmap,easy,Route_C,Route_C,True,Route_B,False,False,36.55,17.83,8,-9,Route_B,Route_B,True,dont_know,Route_A,False,,,,,,,,,,,,,,,,,,model_A_M0,2,3,1,ג,18,male,Hebrew,ללא תואר,אחר,5,5,2
P030,experiment,0,SUB,0,stacked_bars,0,SCN_015_S,stacked_bars,easy,Route_C,Route_C,True,Route_C,True,True,38.32,19.36,9,-9,Route_A,Route_B,False,Route_A,Route_B,False,9,-2,4,-2,0,4,2,2,5,4,3,3,3,2,2,2,1,model_A_M0,2,3,1,ג,18,male,Hebrew,ללא תואר,אחר,5,5,2
P030,experiment,0,SUB,0,stacked_bars,1,SCN_020_S,stacked_bars,hard,Route_B,Route_C,False,Route_C,True,False,37.57,16.48,10,-9,Route_C,Route_C,True,Route_C,Route_C,True,9,-2,4,-2,0,4,2,2,5,4,3,3,3,2,2,2,1,model_A_M0,2,3,1,ג,18,male,Hebrew,ללא תואר,אחר,5,5,2
P030,experiment,0,SUB,0,stacked_bars,2,SCN_019_S,stacked_bars,easy,Route_A,Route_C,False,Route_C,True,False,39.81,9.13,8,-9,Route_C,Route_C,True,Route_C,Route_B | Route_C,True,9,-2,4,-2,0,4,2,2,5,4,3,3,3,2,2,2,1,model_A_M0,2,3,1,ג,18,male,Hebrew,ללא תואר,אחר,5,5,2
P030,experiment,0,SUB,0,stacked_bars,3,SCN_018_S,stacked_bars,hard,Route_C,Route_C,True,Route_A,False,False,44.08,10.32,9,-9,Route_A,Route_C,False,dont_know,Route_B,False,9,-2,4,-2,0,4,2,2,5,4,3,3,3,2,2,2,1,model_A_M0,2,3,1,ג,18,male,Hebrew,ללא תואר,אחר,5,5,2
P030,experiment,0,SUB,1,radar,0,SCN_011_R,radar,easy,Route_B,Route_A,False,Route_B,False,True,33.49,16.63,9,-9,dont_know,Route_A,False,Route_A,Route_B,False,8,0,3,-1,1,4,2,2,5,4,3,3,3,2,2,2,1,model_A_M0,2,3,1,ג,18,male,Hebrew,ללא תואר,אחר,5,5,2
P030,experiment,0,SUB,1,radar,1,SCN_013_R,radar,hard,Route_B,Route_B,True,Route_B,True,True,26.72,9.05,9,-10,Route_B,Route_B,True,Route_B,Route_B | Route_C,True,8,0,3,-1,1,4,2,2,5,4,3,3,3,2,2,2,1,model_A_M0,2,3,1,ג,18,male,Hebrew,ללא תואר,אחר,5,5,2
P030,experiment,0,SUB,1,radar,2,SCN_005_R,radar,easy,Route_C,Route_C,True,Route_C,True,True,42.61,10.43,8,-8,Route_C,Route_A,False,Route_A,Route_B,False,8,0,3,-1,1,4,2,2,5,4,3,3,3,2,2,2,1,model_A_M0,2,3,1,ג,18,male,Hebrew,ללא תואר,אחר,5,5,2
P030,experiment,0,SUB,1,radar,3,SCN_010_R,radar,hard,Route_C,Route_B,False,Route_C,False,True,54.16,12.19,9,-9,Route_C,Route_B,False,dont_know,Route_A | Route_B,False,8,0,3,-1,1,4,2,2,5,4,3,3,3,2,2,2,1,model_A_M0,2,3,1,ג,18,male,Hebrew,ללא תואר,אחר,5,5,2
P030,experiment,0,SUB,2,heatmap,0,SCN_021_H,heatmap,easy,Route_C,Route_B,False,Route_B,True,False,24.99,10.47,10,-10,Route_B,Route_B,True,Route_C,Route_A,False,-4,-2,8,-4,7,4,2,2,5,4,3,3,3,2,2,2,1,model_A_M0,2,3,1,ג,18,male,Hebrew,ללא תואר,אחר,5,5,2
P030,experiment,0,SUB,2,heatmap,1,SCN_022_H,heatmap,hard,Route_A,Route_A,True,Route_A,True,True,50.93,8.02,10,-10,Route_C,Route_A,False,Route_C,Route_A,False,-4,-2,8,-4,7,4,2,2,5,4,3,3,3,2,2,2,1,model_A_M0,2,3,1,ג,18,male,Hebrew,ללא תואר,אחר,5,5,2
P030,experiment,0,SUB,2,heatmap,2,SCN_023_H,heatmap,easy,Route_B,Route_B,True,Route_C,False,False,35.27,13.46,9,-9,Route_C,Route_B,False,Route_B,Route_C,False,-4,-2,8,-4,7,4,2,2,5,4,3,3,3,2,2,2,1,model_A_M0,2,3,1,ג,18,male,Hebrew,ללא תואר,אחר,5,5,2
P030,experiment,0,SUB,2,heatmap,3,SCN_029_H,heatmap,hard,Route_B,Route_A,False,Route_A,True,False,45.16,10.07,9,-9,Route_B,Route_A | Route_C,False,Route_A,Route_C,False,-4,-2,8,-4,7,4,2,2,5,4,3,3,3,2,2,2,1,model_A_M0,2,3,1,ג,18,male,Hebrew,ללא תואר,אחר,5,5,2
P030,experiment,1,OPT,0,heatmap,0,SCN_026_H,heatmap,hard,Route_B,Route_C,False,Route_C,True,False,30.56,9.28,9,-9,Route_B,Route_B,True,Route_C,Route_C,True,8,-3,5,-2,5,5,4,5,4,4,2,2,3,1,2,1,1,model_A_M0,2,3,1,ג,18,male,Hebrew,ללא תואר,אחר,5,5,2
P030,experiment,1,OPT,0,heatmap,1,SCN_027_H,heatmap,easy,Route_C,Route_C,True,Route_B,False,False,43.87,10.25,9,-9,Route_C,Route_C,True,Route_C,Route_B,False,8,-3,5,-2,5,5,4,5,4,4,2,2,3,1,2,1,1,model_A_M0,2,3,1,ג,18,male,Hebrew,ללא תואר,אחר,5,5,2
P030,experiment,1,OPT,0,heatmap,2,SCN_028_H,heatmap,hard,Route_A,Route_A,True,Route_C,False,False,51.51,11.99,8,-8,Route_C,Route_A | Route_C,True,Route_C,Route_A,False,8,-3,5,-2,5,5,4,5,4,4,2,2,3,1,2,1,1,model_A_M0,2,3,1,ג,18,male,Hebrew,ללא תואר,אחר,5,5,2
P030,experiment,1,OPT,0,heatmap,3,SCN_030_H,heatmap,easy,Route_C,Route_C,True,Route_A,False,False,39.68,11.43,8,-8,Route_B,Route_B | Route_C,True,Route_A,Route_B | Route_C,False,8,-3,5,-2,5,5,4,5,4,4,2,2,3,1,2,1,1,model_A_M0,2,3,1,ג,18,male,Hebrew,ללא תואר,אחר,5,5,2
P030,experiment,1,OPT,0,heatmap,4,SCN_024_H,heatmap,hard,Route_C,Route_C,True,Route_B,False,False,42.82,9.45,9,-9,Route_B,Route_B,True,Route_A,Route_A | Route_B,True,8,-3,5,-2,5,5,4,5,4,4,2,2,3,1,2,1,1,model_A_M0,2,3,1,ג,18,male,Hebrew,ללא תואר,אחר,5,5,2
P030,experiment,1,OPT,1,stacked_bars,0,SCN_014_S,stacked_bars,easy,Route_A,Route_A,True,Route_A,True,True,38.69,14.37,10,-10,Route_B,Route_B,True,Route_A,Route_A,True,8,6,9,-3,7,5,4,5,4,4,2,2,3,1,2,1,1,model_A_M0,2,3,1,ג,18,male,Hebrew,ללא תואר,אחר,5,5,2
P030,experiment,1,OPT,1,stacked_bars,1,SCN_012_S,stacked_bars,hard,Route_B,Route_C,False,Route_B,False,True,30.63,9.99,10,-10,Route_B,Route_A | Route_B,True,Route_B,Route_A,False,8,6,9,-3,7,5,4,5,4,4,2,2,3,1,2,1,1,model_A_M0,2,3,1,ג,18,male,Hebrew,ללא תואר,אחר,5,5,2
P030,experiment,1,OPT,1,stacked_bars,2,SCN_017_S,stacked_bars,easy,Route_B,Route_B,True,Route_C,False,False,42.43,8.75,8,-7,Route_C,Route_A,False,Route_C,Route_A | Route_B,False,8,6,9,-3,7,5,4,5,4,4,2,2,3,1,2,1,1,model_A_M0,2,3,1,ג,18,male,Hebrew,ללא תואר,אחר,5,5,2
P030,experiment,1,OPT,1,stacked_bars,3,SCN_016_S,stacked_bars,hard,Route_B,Route_B,True,Route_B,True,True,45.87,9.03,10,-9,Route_A,Route_B | Route_C,False,Route_B,Route_A,False,8,6,9,-3,7,5,4,5,4,4,2,2,3,1,2,1,1,model_A_M0,2,3,1,ג,18,male,Hebrew,ללא תואר,אחר,5,5,2
P030,experiment,1,OPT,1,stacked_bars,4,SCN_025_S,stacked_bars,easy,Route_A,Route_A,True,Route_C,False,False,31.51,8.7,10,-10,Route_C,Route_C,True,Route_C,Route_C,True,8,6,9,-3,7,5,4,5,4,4,2,2,3,1,2,1,1,model_A_M0,2,3,1,ג,18,male,Hebrew,ללא תואר,אחר,5,5,2
P030,experiment,1,OPT,2,radar,0,SCN_007_R,radar,easy,Route_B,Route_B,True,Route_B,True,True,28.64,10.55,7,-6,dont_know,Route_C,False,Route_B,Route_B | Route_C,True,7,0,3,-3,3,5,4,5,4,4,2,2,3,1,2,1,1,model_A_M0,2,3,1,ג,18,male,Hebrew,ללא תואר,אחר,5,5,2
P030,experiment,1,OPT,2,radar,1,SCN_008_R,radar,hard,Route_A,Route_A,True,Route_A,True,True,36.53,9.85,8,-7,Route_A,Route_A,True,Route_C,Route_C,True,7,0,3,-3,3,5,4,5,4,4,2,2,3,1,2,1,1,model_A_M0,2,3,1,ג,18,male,Hebrew,ללא תואר,אחר,5,5,2
P030,experiment,1,OPT,2,radar,2,SCN_009_R,radar,easy,Route_C,Route_B,False,Route_C,False,True,44.35,10.05,8,-8,Route_C,Route_C,True,Route_C,Route_A,False,7,0,3,-3,3,5,4,5,4,4,2,2,3,1,2,1,1,model_A_M0,2,3,1,ג,18,male,Hebrew,ללא תואר,אחר,5,5,2
P030,experiment,1,OPT,2,radar,3,SCN_006_R,radar,hard,Route_C,Route_C,True,Route_C,True,True,53.25,9.77,8,-6,Route_A,Route_A | Route_C,True,Route_C,Route_A | Route_B,False,7,0,3,-3,3,5,4,5,4,4,2,2,3,1,2,1,1,model_A_M0,2,3,1,ג,18,male,Hebrew,ללא תואר,אחר,5,5,2
P030,experiment,1,OPT,2,radar,4,SCN_004_R,radar,easy,Route_C,Route_C,True,Route_C,True,True,35.1,7.76,8,-6,dont_know,Route_A | Route_B,False,Route_C,Route_A,False,7,0,3,-3,3,5,4,5,4,4,2,2,3,1,2,1,1,model_A_M0,2,3,1,ג,18,male,Hebrew,ללא תואר,אחר,5,5,2
